cell,year,window,field,states,observed_states,zero_observed_pct,p10,p25,p50,p75,p90
B3,ALL,career,takedowns_attempted,824,797,3.136762861,4,10,23,44,71
B3,ALL,career,takedowns_landed,824,797,5.897114178,1,5,11,20,34
B3,ALL,career,submission_attempts,824,797,14.42910916,0,1,4,8,11
B3,ALL,career,sig_ground_attempted,824,797,2.885821832,6,22,57,118,198
B3,ALL,career,sig_ground_landed,824,797,3.136762861,3.6,17,40,87,135
B3,ALL,career,control_sec,824,797,0.5018820577,194.2,514,1139,2234,3487
B3,ALL,career,reversals,824,797,44.04015056,0,0,1,2,4
B3,ALL,career,ground_bucket_min,824,429,9.557109557,1,4,10,22,32
B3,ALL,career,ground_control_bucket_min,824,743,13.86271871,0,2,7,15,24
B3,ALL,career,back_control_bucket_min,824,743,68.50605653,0,0,0,1,4
B3,ALL,career,standups,824,461,21.04121475,0,1,2,5,11
B3,ALL,career,submission_attempts_faced,824,797,36.88833124,0,0,1,3,8
B3,ALL,career,control_sec_allowed,824,797,3.262233375,39,180,520,1125,2204.2
B3,ALL,career,reversals_faced,824,797,42.53450439,0,0,1,2,4
B3,2018,career,takedowns_attempted,92,89,3.370786517,2,7,19,54,71.8
B3,2018,career,takedowns_landed,92,89,6.741573034,1,4,8,21,34.2
B3,2018,career,submission_attempts,92,89,16.85393258,0,1,3,7,12
B3,2018,career,sig_ground_attempted,92,89,4.494382022,2.8,16,47,99,199.6
B3,2018,career,sig_ground_landed,92,89,5.617977528,1.8,12,35,77,137.2
B3,2018,career,control_sec,92,89,0,75.8,416,873,2129,3718.4
B3,2018,career,reversals,92,89,48.31460674,0,0,1,2,3
B3,2018,career,ground_bucket_min,92,81,13.58024691,0,3,10,18,24
B3,2018,career,ground_control_bucket_min,92,84,25,0,0.75,5,11.25,15
B3,2018,career,back_control_bucket_min,92,84,75,0,0,0,0.25,3
B3,2018,career,standups,92,85,28.23529412,0,0,3,6,10.6
B3,2018,career,submission_attempts_faced,92,89,38.20224719,0,0,1,4,8
B3,2018,career,control_sec_allowed,92,89,2.247191011,32,83,561,1053,2155.6
B3,2018,career,reversals_faced,92,89,49.43820225,0,0,1,2,3.2
B3,2019,career,takedowns_attempted,90,85,2.352941176,3.8,9,18,55,73.6
B3,2019,career,takedowns_landed,90,85,2.352941176,1,4,10,26,34.6
B3,2019,career,submission_attempts,90,85,12.94117647,0,2,4,9,16
B3,2019,career,sig_ground_attempted,90,85,1.176470588,9.4,25,59,123,261
B3,2019,career,sig_ground_landed,90,85,1.176470588,6.4,20,44,87,184.2
B3,2019,career,control_sec,90,85,0,217,468,1033,2234,3693.8
B3,2019,career,reversals,90,85,42.35294118,0,0,1,3,4
B3,2019,career,ground_bucket_min,90,73,8.219178082,1.2,4,10,25,34.6
B3,2019,career,ground_control_bucket_min,90,81,12.34567901,0,3,7,15,23
B3,2019,career,back_control_bucket_min,90,81,70.37037037,0,0,0,1,4
B3,2019,career,standups,90,81,24.69135802,0,1,3,5,11
B3,2019,career,submission_attempts_faced,90,85,29.41176471,0,0,1,3,8
B3,2019,career,control_sec_allowed,90,85,1.176470588,37.2,185,516,1249,2848.6
B3,2019,career,reversals_faced,90,85,45.88235294,0,0,1,2,5
B3,2020,career,takedowns_attempted,82,80,3.75,3,8.75,20,38.5,70.1
B3,2020,career,takedowns_landed,82,80,8.75,1,3.75,8,16.75,35.2
B3,2020,career,submission_attempts,82,80,16.25,0,1,4,8,12
B3,2020,career,sig_ground_attempted,82,80,3.75,6,20.75,57,117.5,176.7
B3,2020,career,sig_ground_landed,82,80,5,4,14.75,41,85,114.9
B3,2020,career,control_sec,82,80,1.25,215.4,439,1039.5,1880.25,2839.7
B3,2020,career,reversals,82,80,45,0,0,1,2,4.1
B3,2020,career,ground_bucket_min,82,63,7.936507937,1.2,5.5,13,25,36
B3,2020,career,ground_control_bucket_min,82,71,11.26760563,0,2,7,14,20
B3,2020,career,back_control_bucket_min,82,71,73.23943662,0,0,0,1,3
B3,2020,career,standups,82,70,15.71428571,0,1,3,7,9.1
B3,2020,career,submission_attempts_faced,82,80,35,0,0,1,3,8
B3,2020,career,control_sec_allowed,82,80,3.75,58,179.75,617,1388.5,2477.8
B3,2020,career,reversals_faced,82,80,46.25,0,0,1,2.25,6
B3,2021,career,takedowns_attempted,92,91,5.494505495,2,9,19,37,74
B3,2021,career,takedowns_landed,92,91,9.89010989,1,4.5,9,17,34
B3,2021,career,submission_attempts,92,91,17.58241758,0,1,3,6.5,11
B3,2021,career,sig_ground_attempted,92,91,2.197802198,4,22,51,130,189
B3,2021,career,sig_ground_landed,92,91,2.197802198,3,17,36,85.5,134
B3,2021,career,control_sec,92,91,1.098901099,86,469,869,2488,3487
B3,2021,career,reversals,92,91,46.15384615,0,0,1,2,4
B3,2021,career,ground_bucket_min,92,60,6.666666667,2,5.75,10,23.25,36.4
B3,2021,career,ground_control_bucket_min,92,71,15.49295775,0,1.5,6,14,22
B3,2021,career,back_control_bucket_min,92,71,70.42253521,0,0,0,1,3
B3,2021,career,standups,92,65,24.61538462,0,1,2,4,9.6
B3,2021,career,submission_attempts_faced,92,91,37.36263736,0,0,1,4,9
B3,2021,career,control_sec_allowed,92,91,9.89010989,6,106,520,1291,2491
B3,2021,career,reversals_faced,92,91,37.36263736,0,0,1,3,4
B3,2022,career,takedowns_attempted,96,90,4.444444444,2.9,9,20,34,58.3
B3,2022,career,takedowns_landed,96,90,7.777777778,1.9,5,9,14,24.1
B3,2022,career,submission_attempts,96,90,13.33333333,0,1,3,6,9
B3,2022,career,sig_ground_attempted,96,90,2.222222222,5,16,43.5,95.75,170
B3,2022,career,sig_ground_landed,96,90,2.222222222,3,11.5,33.5,76,118.6
B3,2022,career,control_sec,96,90,0,218.4,519.25,1037,1614.25,2947.4
B3,2022,career,reversals,96,90,44.44444444,0,0,1,2.75,4
B3,2022,career,ground_bucket_min,96,32,12.5,0.1,3.75,9,18.5,26.6
B3,2022,career,ground_control_bucket_min,96,79,22.78481013,0,1,4,10,17
B3,2022,career,back_control_bucket_min,96,79,78.48101266,0,0,0,0,3
B3,2022,career,standups,96,36,16.66666667,0,1,3,5.25,8
B3,2022,career,submission_attempts_faced,96,90,36.66666667,0,0,1,3,4.3
B3,2022,career,control_sec_allowed,96,90,2.222222222,46,137.25,427.5,963.25,1890.7
B3,2022,career,reversals_faced,96,90,43.33333333,0,0,1,2.75,5
B3,2023,career,takedowns_attempted,98,94,2.127659574,7,14.25,28,45.25,74.5
B3,2023,career,takedowns_landed,98,94,4.255319149,4,7.25,12.5,19,37.1
B3,2023,career,submission_attempts,98,94,14.89361702,0,1,3,7.75,10
B3,2023,career,sig_ground_attempted,98,94,0,14.3,39.75,72.5,135.5,245.7
B3,2023,career,sig_ground_landed,98,94,0,10.2,29.25,56.5,99.5,162.6
B3,2023,career,control_sec,98,94,0,379.7,901,1548,2396.75,3718.1
B3,2023,career,reversals,98,94,43.61702128,0,0,1,2.75,4
B3,2023,career,ground_bucket_min,98,44,15.90909091,0,4.75,10,26,36
B3,2023,career,ground_control_bucket_min,98,94,9.574468085,1,4,8,14,22
B3,2023,career,back_control_bucket_min,98,94,73.40425532,0,0,0,1,3
B3,2023,career,standups,98,45,22.22222222,0,1,2,6,15
B3,2023,career,submission_attempts_faced,98,94,40.42553191,0,0,1,3.75,8
B3,2023,career,control_sec_allowed,98,94,3.191489362,49.3,249,597.5,978.5,2214.1
B3,2023,career,reversals_faced,98,94,34.04255319,0,0,1,3,4
B3,2024,career,takedowns_attempted,110,107,0.9345794393,5.6,13,25,42,68.2
B3,2024,career,takedowns_landed,110,107,3.738317757,2,4.5,11,20,30
B3,2024,career,submission_attempts,110,107,13.08411215,0,2,4,7.5,10.4
B3,2024,career,sig_ground_attempted,110,107,4.672897196,3.6,22,51,103.5,168.4
B3,2024,career,sig_ground_landed,110,107,4.672897196,2,19.5,40,80,115.6
B3,2024,career,control_sec,110,107,0.9345794393,269,495,1210,2207,3507
B3,2024,career,reversals,110,107,48.59813084,0,0,1,2,3
B3,2024,career,ground_bucket_min,110,37,2.702702703,1,5,9,15,23.8
B3,2024,career,ground_control_bucket_min,110,107,12.14953271,0,2.5,8,16.5,25
B3,2024,career,back_control_bucket_min,110,107,61.68224299,0,0,0,1,4
B3,2024,career,standups,110,39,12.82051282,0,1,3,4,9
B3,2024,career,submission_attempts_faced,110,107,42.99065421,0,0,1,2.5,4
B3,2024,career,control_sec_allowed,110,107,1.869158879,62.4,270,511,960.5,1751.2
B3,2024,career,reversals_faced,110,107,46.72897196,0,0,1,2,3
B3,2025,career,takedowns_attempted,112,109,1.834862385,4,11,26,44,69.2
B3,2025,career,takedowns_landed,112,109,4.587155963,1.8,5,12,24,32.8
B3,2025,career,submission_attempts,112,109,12.8440367,0,2,4,8,11
B3,2025,career,sig_ground_attempted,112,109,3.669724771,8.6,26,61,112,164.8
B3,2025,career,sig_ground_landed,112,109,3.669724771,4,18,45,82,116.6
B3,2025,career,control_sec,112,109,0,195.6,546,1341,2721,3498
B3,2025,career,reversals,112,109,37.6146789,0,0,1,2,3
B3,2025,career,ground_bucket_min,112,29,6.896551724,1.8,4,11,23,28.6
B3,2025,career,ground_control_bucket_min,112,106,7.547169811,1,4,9,18.75,28
B3,2025,career,back_control_bucket_min,112,106,56.60377358,0,0,0,2,4.5
B3,2025,career,standups,112,30,13.33333333,0,1,2,4.75,11.1
B3,2025,career,submission_attempts_faced,112,109,32.11009174,0,0,1,3,5.2
B3,2025,career,control_sec_allowed,112,109,0.9174311927,77.8,183,512,1041,1617.4
B3,2025,career,reversals_faced,112,109,39.44954128,0,0,1,2,4
B3,2026,career,takedowns_attempted,52,52,5.769230769,6.5,15,30,49,72.6
B3,2026,career,takedowns_landed,52,52,5.769230769,4.1,7,13,26.25,36.9
B3,2026,career,submission_attempts,52,52,11.53846154,0.1,2.75,4,7.25,10.9
B3,2026,career,sig_ground_attempted,52,52,3.846153846,5.4,20.25,55,132.5,179.8
B3,2026,career,sig_ground_landed,52,52,3.846153846,3.1,12,36,95.75,130.7
B3,2026,career,control_sec,52,52,1.923076923,274.8,775,1441.5,2629,4227.6
B3,2026,career,reversals,52,52,38.46153846,0,0,1,2,3
B3,2026,career,ground_bucket_min,52,10,10,2.7,7.5,10,21,36.6
B3,2026,career,ground_control_bucket_min,52,50,10,0.9,3,8,22.25,33
B3,2026,career,back_control_bucket_min,52,50,60,0,0,0,1.75,4.2
B3,2026,career,standups,52,10,10,0.9,1,2.5,3.75,6.9
B3,2026,career,submission_attempts_faced,52,52,40.38461538,0,0,1,4.25,7.8
B3,2026,career,control_sec_allowed,52,52,5.769230769,46.4,282.75,788,1285.5,2205.3
B3,2026,career,reversals_faced,52,52,40.38461538,0,0,1,3,5.9
B3,ALL,last5,takedowns_attempted,824,797,4.140526976,2,6,15,24,33
B3,ALL,last5,takedowns_landed,824,797,7.904642409,1,3,7,11,16
B3,ALL,last5,submission_attempts,824,797,22.20828105,0,1,2,4,6
B3,ALL,last5,sig_ground_attempted,824,797,3.38770389,3.6,12,30,57,93
B3,ALL,last5,sig_ground_landed,824,797,3.764115433,2,8,21,41,67.4
B3,ALL,last5,control_sec,824,797,0.5018820577,121.6,338,713,1210,1708.6
B3,ALL,last5,reversals,824,797,57.96737767,0,0,0,1,2
B3,ALL,last5,ground_bucket_min,824,295,16.61016949,0,2,7,13,20
B3,ALL,last5,ground_control_bucket_min,824,735,23.1292517,0,1,4,9,16.6
B3,ALL,last5,back_control_bucket_min,824,735,75.91836735,0,0,0,0,2
B3,ALL,last5,standups,824,318,36.16352201,0,0,1,3,5
B3,ALL,last5,submission_attempts_faced,824,797,48.43161857,0,0,1,2,3
B3,ALL,last5,control_sec_allowed,824,797,3.38770389,34.6,125,301,567,918.4
B3,ALL,last5,reversals_faced,824,797,56.33626098,0,0,0,1,2
B3,2018,last5,takedowns_attempted,92,89,4.494382022,1.8,5,13,21,30.4
B3,2018,last5,takedowns_landed,92,89,8.988764045,1,3,6,10,15
B3,2018,last5,submission_attempts,92,89,24.71910112,0,1,2,3,5
B3,2018,last5,sig_ground_attempted,92,89,4.494382022,2,10,29,54,78.2
B3,2018,last5,sig_ground_landed,92,89,5.617977528,1.8,7,21,39,60.6
B3,2018,last5,control_sec,92,89,0,48.8,302,654,999,1289.8
B3,2018,last5,reversals,92,89,59.5505618,0,0,0,1,2
B3,2018,last5,ground_bucket_min,92,81,14.81481481,0,2,7,14,16
B3,2018,last5,ground_control_bucket_min,92,84,29.76190476,0,0,3,7.25,12
B3,2018,last5,back_control_bucket_min,92,84,82.14285714,0,0,0,0,2
B3,2018,last5,standups,92,84,34.52380952,0,0,1,3.25,5
B3,2018,last5,submission_attempts_faced,92,89,47.19101124,0,0,1,2,3
B3,2018,last5,control_sec_allowed,92,89,2.247191011,32,62,333,625,805.8
B3,2018,last5,reversals_faced,92,89,61.79775281,0,0,0,1,2
B3,2019,last5,takedowns_attempted,90,85,2.352941176,2,6,12,25,34.6
B3,2019,last5,takedowns_landed,90,85,4.705882353,1,3,6,11,15.6
B3,2019,last5,submission_attempts,90,85,17.64705882,0,1,3,4,5.6
B3,2019,last5,sig_ground_attempted,90,85,1.176470588,6.4,15,33,59,109.2
B3,2019,last5,sig_ground_landed,90,85,1.176470588,4.4,11,24,43,70
B3,2019,last5,control_sec,90,85,0,147,312,707,1223,1566.2
B3,2019,last5,reversals,90,85,50.58823529,0,0,0,1,3
B3,2019,last5,ground_bucket_min,90,73,8.219178082,1,3,9,18,24.8
B3,2019,last5,ground_control_bucket_min,90,81,16.04938272,0,2,6,9,17
B3,2019,last5,back_control_bucket_min,90,81,80.24691358,0,0,0,0,2
B3,2019,last5,standups,90,80,31.25,0,0,1,3,5
B3,2019,last5,submission_attempts_faced,90,85,41.17647059,0,0,1,2,3
B3,2019,last5,control_sec_allowed,90,85,1.176470588,37.2,131,320,645,994.6
B3,2019,last5,reversals_faced,90,85,60,0,0,0,1,3
B3,2020,last5,takedowns_attempted,82,80,5,2.9,7,13,21.25,27
B3,2020,last5,takedowns_landed,82,80,11.25,0,2.75,6,9,14.2
B3,2020,last5,submission_attempts,82,80,20,0,1,2,4,5
B3,2020,last5,sig_ground_attempted,82,80,3.75,6,13.5,24.5,56,79.9
B3,2020,last5,sig_ground_landed,82,80,5,3,10,18,38.25,63
B3,2020,last5,control_sec,82,80,1.25,130.4,300,580.5,1005.25,1544.1
B3,2020,last5,reversals,82,80,51.25,0,0,0,2,3
B3,2020,last5,ground_bucket_min,82,63,14.28571429,0,2.5,7,12.5,20
B3,2020,last5,ground_control_bucket_min,82,71,22.53521127,0,1,4,9,13
B3,2020,last5,back_control_bucket_min,82,71,80.28169014,0,0,0,0,1
B3,2020,last5,standups,82,70,25.71428571,0,0.25,1,3,7.1
B3,2020,last5,submission_attempts_faced,82,80,50,0,0,0.5,2,3
B3,2020,last5,control_sec_allowed,82,80,5,37.6,148,357.5,732.25,1234.3
B3,2020,last5,reversals_faced,82,80,57.5,0,0,0,1,3
B3,2021,last5,takedowns_attempted,92,91,6.593406593,1,5,11,19,28
B3,2021,last5,takedowns_landed,92,91,12.08791209,0,2,5,9.5,13
B3,2021,last5,submission_attempts,92,91,26.37362637,0,0,2,3,5
B3,2021,last5,sig_ground_attempted,92,91,3.296703297,4,11.5,32,59,89
B3,2021,last5,sig_ground_landed,92,91,3.296703297,2,8,24,40,58
B3,2021,last5,control_sec,92,91,1.098901099,79,264.5,684,1065,1723
B3,2021,last5,reversals,92,91,57.14285714,0,0,0,1,2
B3,2021,last5,ground_bucket_min,92,52,25,0,0.75,4,9.25,14.9
B3,2021,last5,ground_control_bucket_min,92,66,36.36363636,0,0,2,7,11.5
B3,2021,last5,back_control_bucket_min,92,66,84.84848485,0,0,0,0,1.5
B3,2021,last5,standups,92,57,50.87719298,0,0,0,1,2
B3,2021,last5,submission_attempts_faced,92,91,51.64835165,0,0,0,1,4
B3,2021,last5,control_sec_allowed,92,91,9.89010989,6,94,287,511.5,865
B3,2021,last5,reversals_faced,92,91,53.84615385,0,0,0,1,2
B3,2022,last5,takedowns_attempted,96,90,6.666666667,2,7.25,17,23,29.1
B3,2022,last5,takedowns_landed,96,90,8.888888889,1,4,6.5,10.75,14
B3,2022,last5,submission_attempts,96,90,18.88888889,0,1,2,4,7
B3,2022,last5,sig_ground_attempted,96,90,2.222222222,4.8,13,28.5,46.75,97.2
B3,2022,last5,sig_ground_landed,96,90,2.222222222,2.9,10,20,35.75,74.6
B3,2022,last5,control_sec,96,90,0,167.1,395.75,800.5,1154.75,1578.4
B3,2022,last5,reversals,96,90,52.22222222,0,0,0,1,2
B3,2022,last5,ground_bucket_min,96,13,53.84615385,0,0,0,4,7
B3,2022,last5,ground_control_bucket_min,96,76,32.89473684,0,0,2,6,10
B3,2022,last5,back_control_bucket_min,96,76,85.52631579,0,0,0,0,1
B3,2022,last5,standups,96,13,53.84615385,0,0,0,1,2.8
B3,2022,last5,submission_attempts_faced,96,90,44.44444444,0,0,1,2,3
B3,2022,last5,control_sec_allowed,96,90,2.222222222,45.1,117.5,261,568.5,912.8
B3,2022,last5,reversals_faced,96,90,52.22222222,0,0,0,1,3
B3,2023,last5,takedowns_attempted,98,94,3.191489362,4.3,9,19,28,34.7
B3,2023,last5,takedowns_landed,98,94,5.319148936,1,4,9,14,17
B3,2023,last5,submission_attempts,98,94,25.53191489,0,0.25,2,4,7
B3,2023,last5,sig_ground_attempted,98,94,1.063829787,7,15,39.5,72,110
B3,2023,last5,sig_ground_landed,98,94,1.063829787,6,12.25,28.5,56.75,80.7
B3,2023,last5,control_sec,98,94,0,154.6,419.75,931,1471.75,1824.1
B3,2023,last5,reversals,98,94,56.38297872,0,0,0,1,2
B3,2023,last5,ground_bucket_min,98,10,20,0,2.25,4,5.75,12.2
B3,2023,last5,ground_control_bucket_min,98,94,22.34042553,0,1,4,9,13.7
B3,2023,last5,back_control_bucket_min,98,94,78.72340426,0,0,0,0,2
B3,2023,last5,standups,98,11,54.54545455,0,0,0,1,3
B3,2023,last5,submission_attempts_faced,98,94,47.87234043,0,0,1,2,3
B3,2023,last5,control_sec_allowed,98,94,3.191489362,47.3,122.25,302,555.5,805.8
B3,2023,last5,reversals_faced,98,94,54.25531915,0,0,0,1,2
B3,2024,last5,takedowns_attempted,110,107,0.9345794393,3,6,16,24,37.4
B3,2024,last5,takedowns_landed,110,107,4.672897196,1,2.5,7,12,17.4
B3,2024,last5,submission_attempts,110,107,23.36448598,0,1,2,4,6
B3,2024,last5,sig_ground_attempted,110,107,5.607476636,2,11,30,51.5,91
B3,2024,last5,sig_ground_landed,110,107,6.542056075,2,6.5,19,35,66
B3,2024,last5,control_sec,110,107,0.9345794393,170.2,323,647,1362,1836.4
B3,2024,last5,reversals,110,107,67.28971963,0,0,0,1,2.4
B3,2024,last5,ground_bucket_min,110,2,0,3.3,3.75,4.5,5.25,5.7
B3,2024,last5,ground_control_bucket_min,110,107,21.4953271,0,1,4,10,19
B3,2024,last5,back_control_bucket_min,110,107,69.1588785,0,0,0,1,3
B3,2024,last5,standups,110,2,50,0.1,0.25,0.5,0.75,0.9
B3,2024,last5,submission_attempts_faced,110,107,55.14018692,0,0,0,2,3
B3,2024,last5,control_sec_allowed,110,107,1.869158879,51.2,134.5,317,467,711.8
B3,2024,last5,reversals_faced,110,107,56.07476636,0,0,0,1,2
B3,2025,last5,takedowns_attempted,112,109,1.834862385,2.8,6,16,25,36
B3,2025,last5,takedowns_landed,112,109,6.422018349,1,3,8,12,18
B3,2025,last5,submission_attempts,112,109,19.26605505,0,1,2,4,6
B3,2025,last5,sig_ground_attempted,112,109,3.669724771,4.8,12,30,52,83.4
B3,2025,last5,sig_ground_landed,112,109,3.669724771,3.8,8,20,40,63.4
B3,2025,last5,control_sec,112,109,0,165.2,360,759,1372,1897
B3,2025,last5,reversals,112,109,63.30275229,0,0,0,1,2
B3,2025,last5,ground_bucket_min,112,1,0,12,12,12,12,12
B3,2025,last5,ground_control_bucket_min,112,106,13.20754717,0,2.25,7,14,22
B3,2025,last5,back_control_bucket_min,112,106,62.26415094,0,0,0,1,3.5
B3,2025,last5,standups,112,1,0,1,1,1,1,1
B3,2025,last5,submission_attempts_faced,112,109,46.78899083,0,0,1,2,3
B3,2025,last5,control_sec_allowed,112,109,0.9174311927,55.6,132,285,567,891.2
B3,2025,last5,reversals_faced,112,109,55.04587156,0,0,0,1,3
B3,2026,last5,takedowns_attempted,52,52,9.615384615,1.2,9.75,16.5,25,35
B3,2026,last5,takedowns_landed,52,52,11.53846154,0.2,3.75,6.5,12.25,15.9
B3,2026,last5,submission_attempts,52,52,25,0,0.75,2,3,5
B3,2026,last5,sig_ground_attempted,52,52,5.769230769,2.1,9,19,42.25,67.8
B3,2026,last5,sig_ground_landed,52,52,5.769230769,1,6.75,12,28,51.6
B3,2026,last5,control_sec,52,52,1.923076923,110.3,323.5,718,1363.5,1835.5
B3,2026,last5,reversals,52,52,61.53846154,0,0,0,1,1
B3,2026,last5,ground_bucket_min,52,0,,,,,,
B3,2026,last5,ground_control_bucket_min,52,50,18,0,1,5,14.5,19.6
B3,2026,last5,back_control_bucket_min,52,50,64,0,0,0,1,4
B3,2026,last5,standups,52,0,,,,,,
B3,2026,last5,submission_attempts_faced,52,52,51.92307692,0,0,0,1,3
B3,2026,last5,control_sec_allowed,52,52,5.769230769,46.4,159.75,309,635.5,1008.8
B3,2026,last5,reversals_faced,52,52,57.69230769,0,0,0,1.25,2
B5,ALL,career,takedowns_attempted,1182,1173,7.075873828,1,5,15,34,68
B5,ALL,career,takedowns_landed,1182,1173,11.76470588,0,2,6,14,28
B5,ALL,career,submission_attempts,1182,1173,14.91901108,0,1,3,7,12
B5,ALL,career,sig_ground_attempted,1182,1173,5.200341006,2,15,45,103,192.8
B5,ALL,career,sig_ground_landed,1182,1173,6.479113384,1,12,32,72,134.4
B5,ALL,career,control_sec,1182,1173,1.449275362,94,324,812,1769,3137.2
B5,ALL,career,reversals,1182,1173,40.40920716,0,0,1,2,4
B5,ALL,career,ground_bucket_min,1182,694,5.331412104,2,4,10,20,29
B5,ALL,career,ground_control_bucket_min,1182,1085,19.17050691,0,1,5,10,18
B5,ALL,career,back_control_bucket_min,1182,1085,71.70506912,0,0,0,1,3
B5,ALL,career,standups,1182,755,18.01324503,0,1,3,7,13.6
B5,ALL,career,submission_attempts_faced,1182,1173,19.60784314,0,1,3,6,10
B5,ALL,career,control_sec_allowed,1182,1173,2.557544757,84.2,283,708,1403,2552.8
B5,ALL,career,reversals_faced,1182,1173,42.28473998,0,0,1,2,5
B5,2018,career,takedowns_attempted,184,182,7.692307692,1,5,13.5,31,83.3
B5,2018,career,takedowns_landed,184,182,10.98901099,0,2,6,13,32
B5,2018,career,submission_attempts,184,182,14.83516484,0,1,3,6,12.9
B5,2018,career,sig_ground_attempted,184,182,4.395604396,2.1,13.25,40,98.75,192.4
B5,2018,career,sig_ground_landed,184,182,6.043956044,2,10.25,27.5,70.75,119
B5,2018,career,control_sec,184,182,2.197802198,62.2,300.5,710.5,1659,3465.6
B5,2018,career,reversals,184,182,45.05494505,0,0,1,2,4
B5,2018,career,ground_bucket_min,184,161,4.968944099,2,4,9,17,27
B5,2018,career,ground_control_bucket_min,184,168,22.61904762,0,1,4,9.25,15
B5,2018,career,back_control_bucket_min,184,168,70.83333333,0,0,0,1,2
B5,2018,career,standups,184,171,20.46783626,0,1,3,6,10
B5,2018,career,submission_attempts_faced,184,182,20.32967033,0,1,3,5.75,8
B5,2018,career,control_sec_allowed,184,182,2.747252747,53.1,294.25,650.5,1353.5,2546.5
B5,2018,career,reversals_faced,184,182,50.54945055,0,0,0,2,4
B5,2019,career,takedowns_attempted,158,157,5.095541401,1,5,12,30,60.8
B5,2019,career,takedowns_landed,158,157,11.46496815,0,2,5,13,28.2
B5,2019,career,submission_attempts,158,157,10.82802548,0,1,3,6,12
B5,2019,career,sig_ground_attempted,158,157,3.821656051,4.6,20,42,99,238.4
B5,2019,career,sig_ground_landed,158,157,5.095541401,2,14,30,65,165.8
B5,2019,career,control_sec,158,157,2.547770701,83.2,348,719,1536,2978.2
B5,2019,career,reversals,158,157,43.31210191,0,0,1,2,4
B5,2019,career,ground_bucket_min,158,141,4.964539007,2,4,9,15,26
B5,2019,career,ground_control_bucket_min,158,153,18.30065359,0,1,4,8,13
B5,2019,career,back_control_bucket_min,158,153,78.43137255,0,0,0,0,1.8
B5,2019,career,standups,158,151,19.86754967,0,1,3,7,14
B5,2019,career,submission_attempts_faced,158,157,17.8343949,0,1,2,5,9
B5,2019,career,control_sec_allowed,158,157,1.27388535,84.8,260,706,1260,2605.6
B5,2019,career,reversals_faced,158,157,48.40764331,0,0,1,2,4
B5,2020,career,takedowns_attempted,136,132,8.333333333,1,4,13,28.25,65.7
B5,2020,career,takedowns_landed,136,132,12.12121212,0,1,6,11,26.9
B5,2020,career,submission_attempts,136,132,15.15151515,0,1,3.5,7,11.9
B5,2020,career,sig_ground_attempted,136,132,3.787878788,4.1,18,48.5,102.5,186.9
B5,2020,career,sig_ground_landed,136,132,5.303030303,2.1,13.75,35,71.75,135.9
B5,2020,career,control_sec,136,132,0,102.4,323.75,796,1393.75,2819.8
B5,2020,career,reversals,136,132,37.87878788,0,0,1,2,4
B5,2020,career,ground_bucket_min,136,98,6.12244898,1,4.25,10.5,21.75,34
B5,2020,career,ground_control_bucket_min,136,112,20.53571429,0,1,4,10,14.9
B5,2020,career,back_control_bucket_min,136,112,77.67857143,0,0,0,0,2
B5,2020,career,standups,136,110,20.90909091,0,1,3,7,15
B5,2020,career,submission_attempts_faced,136,132,18.18181818,0,1,3,6,9
B5,2020,career,control_sec_allowed,136,132,4.545454545,96,242,676.5,1396.5,2333.1
B5,2020,career,reversals_faced,136,132,40.15151515,0,0,1,2,5
B5,2021,career,takedowns_attempted,152,151,9.271523179,1,4,10,32.5,62
B5,2021,career,takedowns_landed,152,151,15.23178808,0,1,6,12.5,25
B5,2021,career,submission_attempts,152,151,20.52980132,0,1,3,7,14
B5,2021,career,sig_ground_attempted,152,151,5.960264901,2,15.5,50,104.5,189
B5,2021,career,sig_ground_landed,152,151,7.284768212,2,10.5,35,78,124
B5,2021,career,control_sec,152,151,1.986754967,72,258,821,1680,3153
B5,2021,career,reversals,152,151,42.38410596,0,0,1,2,4
B5,2021,career,ground_bucket_min,152,96,7.291666667,2,5,12,22,30
B5,2021,career,ground_control_bucket_min,152,119,24.3697479,0,1,5,11,20
B5,2021,career,back_control_bucket_min,152,119,72.26890756,0,0,0,1,3
B5,2021,career,standups,152,107,16.82242991,0,1,3,6,15
B5,2021,career,submission_attempts_faced,152,151,22.51655629,0,1,3,6,11
B5,2021,career,control_sec_allowed,152,151,5.298013245,49,281.5,763,1497.5,2553
B5,2021,career,reversals_faced,152,151,43.70860927,0,0,1,2,5
B5,2022,career,takedowns_attempted,108,107,7.476635514,1,6,17,34.5,52.4
B5,2022,career,takedowns_landed,108,107,11.21495327,0,2,8,14.5,22
B5,2022,career,submission_attempts,108,107,19.62616822,0,1,3,6,11
B5,2022,career,sig_ground_attempted,108,107,3.738317757,1.6,9,35,88,200.4
B5,2022,career,sig_ground_landed,108,107,4.672897196,1,6,28,64.5,133
B5,2022,career,control_sec,108,107,0,83.6,229,811,1853.5,2699.4
B5,2022,career,reversals,108,107,44.85981308,0,0,1,2.5,4
B5,2022,career,ground_bucket_min,108,44,6.818181818,2.3,4.75,11.5,20.25,26.4
B5,2022,career,ground_control_bucket_min,108,95,22.10526316,0,1,4,9,16
B5,2022,career,back_control_bucket_min,108,95,80,0,0,0,0,2
B5,2022,career,standups,108,52,17.30769231,0,1,2.5,7,14.5
B5,2022,career,submission_attempts_faced,108,107,20.56074766,0,1,3,5,10.4
B5,2022,career,control_sec_allowed,108,107,0,90.8,256,618,1135.5,2411.2
B5,2022,career,reversals_faced,108,107,39.25233645,0,0,1,2,5
B5,2023,career,takedowns_attempted,134,134,8.955223881,1,6,17,32.75,65.8
B5,2023,career,takedowns_landed,134,134,13.43283582,0,2.25,7,13.75,25.7
B5,2023,career,submission_attempts,134,134,15.67164179,0,1,3,7,11
B5,2023,career,sig_ground_attempted,134,134,7.462686567,1,12.25,41.5,100.25,150.8
B5,2023,career,sig_ground_landed,134,134,8.955223881,1,10,32,70,116.8
B5,2023,career,control_sec,134,134,2.985074627,80,339.5,929.5,1667.75,2851.6
B5,2023,career,reversals,134,134,36.56716418,0,0,1,3,4
B5,2023,career,ground_bucket_min,134,60,1.666666667,2,4,9.5,24.25,27.4
B5,2023,career,ground_control_bucket_min,134,131,19.84732824,0,1,4,10,18
B5,2023,career,back_control_bucket_min,134,131,73.28244275,0,0,0,1,3
B5,2023,career,standups,134,63,12.6984127,0,1.5,3,6.5,11.8
B5,2023,career,submission_attempts_faced,134,134,20.89552239,0,1,2.5,5,10
B5,2023,career,control_sec_allowed,134,134,2.23880597,83.3,277.75,758.5,1307.5,2382.5
B5,2023,career,reversals_faced,134,134,35.07462687,0,0,1,3,4.7
B5,2024,career,takedowns_attempted,120,120,7.5,1.9,7,17,37.25,64.7
B5,2024,career,takedowns_landed,120,120,12.5,0,3,7,15.25,28
B5,2024,career,submission_attempts,120,120,13.33333333,0,1,3.5,7.25,14.1
B5,2024,career,sig_ground_attempted,120,120,8.333333333,1,19.75,56,112.25,157.7
B5,2024,career,sig_ground_landed,120,120,9.166666667,1,16,38.5,80.25,115.4
B5,2024,career,control_sec,120,120,1.666666667,105,332,896.5,1882.5,3235.4
B5,2024,career,reversals,120,120,41.66666667,0,0,1,3,4
B5,2024,career,ground_bucket_min,120,42,4.761904762,2,3.5,12,20,31
B5,2024,career,ground_control_bucket_min,120,120,20,0,2,5,10.25,18.1
B5,2024,career,back_control_bucket_min,120,120,65.83333333,0,0,0,1,3.1
B5,2024,career,standups,120,47,14.89361702,0,1,3,6.5,12.2
B5,2024,career,submission_attempts_faced,120,120,15.83333333,0,1,3,5,10
B5,2024,career,control_sec_allowed,120,120,1.666666667,125.3,352,687.5,1589.75,2890.7
B5,2024,career,reversals_faced,120,120,41.66666667,0,0,1,3,4
B5,2025,career,takedowns_attempted,132,132,3.03030303,3,8,18,34,65.8
B5,2025,career,takedowns_landed,132,132,8.333333333,1,3,7.5,14.25,25
B5,2025,career,submission_attempts,132,132,12.12121212,0,1,4,8,11.9
B5,2025,career,sig_ground_attempted,132,132,6.060606061,3.1,21,43,101,147.9
B5,2025,career,sig_ground_landed,132,132,6.818181818,2,14,32,66,114.5
B5,2025,career,control_sec,132,132,0,188.7,355.5,939.5,1974.25,3000.9
B5,2025,career,reversals,132,132,35.60606061,0,0,1,2,4
B5,2025,career,ground_bucket_min,132,38,5.263157895,2,4,13,20,27
B5,2025,career,ground_control_bucket_min,132,130,10.76923077,0,2,6,12.75,23.1
B5,2025,career,back_control_bucket_min,132,130,63.84615385,0,0,0,1,3
B5,2025,career,standups,132,39,10.25641026,0.8,1.5,4,7,12
B5,2025,career,submission_attempts_faced,132,132,19.6969697,0,1,3,5,8.9
B5,2025,career,control_sec_allowed,132,132,2.272727273,105.3,245.75,755.5,1367.75,2406.2
B5,2025,career,reversals_faced,132,132,36.36363636,0,0,1,2,4.9
B5,2026,career,takedowns_attempted,58,58,5.172413793,2,9.5,31,59.5,81
B5,2026,career,takedowns_landed,58,58,8.620689655,1,3.25,10.5,23.5,33.3
B5,2026,career,submission_attempts,58,58,10.34482759,0.7,2,4,9,13.3
B5,2026,career,sig_ground_attempted,58,58,1.724137931,5,11.25,51.5,141.25,222.5
B5,2026,career,sig_ground_landed,58,58,3.448275862,3,7.25,36,91.75,157.1
B5,2026,career,control_sec,58,58,0,166,456.75,1260.5,2675.25,3807.8
B5,2026,career,reversals,58,58,27.5862069,0,0,1,2,4.3
B5,2026,career,ground_bucket_min,58,14,7.142857143,2.6,6.25,22.5,26.75,37.3
B5,2026,career,ground_control_bucket_min,58,57,8.771929825,1,3,7,20,26.4
B5,2026,career,back_control_bucket_min,58,57,56.14035088,0,0,0,2,3
B5,2026,career,standups,58,15,13.33333333,0.4,1,2,3.5,11.8
B5,2026,career,submission_attempts_faced,58,58,20.68965517,0,1,3,8,11.3
B5,2026,career,control_sec_allowed,58,58,1.724137931,260.1,561,1109.5,1543,2737.6
B5,2026,career,reversals_faced,58,58,37.93103448,0,0,1,3,6
B5,ALL,last5,takedowns_attempted,1182,1173,7.672634271,1,4,9,18,27
B5,ALL,last5,takedowns_landed,1182,1173,14.57800512,0,1,3,7,12
B5,ALL,last5,submission_attempts,1182,1173,22.25063939,0,1,2,3,5
B5,ALL,last5,sig_ground_attempted,1182,1173,5.456095482,2,9,24,45,76
B5,ALL,last5,sig_ground_landed,1182,1173,6.73486786,1,7,17,32,55
B5,ALL,last5,control_sec,1182,1173,1.449275362,79,218,478,880,1341
B5,ALL,last5,reversals,1182,1173,54.98721228,0,0,0,1,2
B5,ALL,last5,ground_bucket_min,1182,529,11.90926276,0,2,5,10,16.2
B5,ALL,last5,ground_control_bucket_min,1182,1073,29.91612302,0,0,2,6,11
B5,ALL,last5,back_control_bucket_min,1182,1073,78.56477167,0,0,0,0,2
B5,ALL,last5,standups,1182,580,30.68965517,0,0,1,3,5
B5,ALL,last5,submission_attempts_faced,1182,1173,27.87723785,0,0,1,3,4
B5,ALL,last5,control_sec_allowed,1182,1173,2.642796249,63,202,450,727,1054.6
B5,ALL,last5,reversals_faced,1182,1173,56.60699062,0,0,0,1,2
B5,2018,last5,takedowns_attempted,184,182,7.692307692,1,3.25,10,18,26.9
B5,2018,last5,takedowns_landed,184,182,11.53846154,0,2,4,8,11
B5,2018,last5,submission_attempts,184,182,20.87912088,0,1,2,3.75,5
B5,2018,last5,sig_ground_attempted,184,182,4.395604396,2.1,11,26,45.75,82.6
B5,2018,last5,sig_ground_landed,184,182,6.043956044,2,7.25,16,32.5,60
B5,2018,last5,control_sec,184,182,2.197802198,61,223,497,863.75,1295.5
B5,2018,last5,reversals,184,182,56.04395604,0,0,0,1,2
B5,2018,last5,ground_bucket_min,184,161,6.832298137,1,3,6,13,18
B5,2018,last5,ground_control_bucket_min,184,168,24.4047619,0,1,3,7,10
B5,2018,last5,back_control_bucket_min,184,168,75.5952381,0,0,0,0,2
B5,2018,last5,standups,184,170,24.70588235,0,1,2,4,5
B5,2018,last5,submission_attempts_faced,184,182,27.47252747,0,0,1,3,5
B5,2018,last5,control_sec_allowed,184,182,3.296703297,41.2,212.75,504.5,727.75,998.8
B5,2018,last5,reversals_faced,184,182,61.53846154,0,0,0,1,2
B5,2019,last5,takedowns_attempted,158,157,7.006369427,1,4,9,15,27
B5,2019,last5,takedowns_landed,158,157,15.2866242,0,1,3,6,11.4
B5,2019,last5,submission_attempts,158,157,22.92993631,0,1,2,3,4
B5,2019,last5,sig_ground_attempted,158,157,3.821656051,4,11,26,45,74
B5,2019,last5,sig_ground_landed,158,157,5.095541401,2,8,19,31,54
B5,2019,last5,control_sec,158,157,2.547770701,51.8,235,430,742,1116.8
B5,2019,last5,reversals,158,157,56.68789809,0,0,0,1,2
B5,2019,last5,ground_bucket_min,158,141,7.80141844,1,3,5,9,17
B5,2019,last5,ground_control_bucket_min,158,153,26.79738562,0,0,3,5,8
B5,2019,last5,back_control_bucket_min,158,153,83.00653595,0,0,0,0,1
B5,2019,last5,standups,158,151,28.47682119,0,0,2,4,6
B5,2019,last5,submission_attempts_faced,158,157,26.11464968,0,0,1,3,4
B5,2019,last5,control_sec_allowed,158,157,1.27388535,60.8,185,362,683,956.6
B5,2019,last5,reversals_faced,158,157,64.33121019,0,0,0,1,2
B5,2020,last5,takedowns_attempted,136,132,9.848484848,1,3,7,16.5,22.9
B5,2020,last5,takedowns_landed,136,132,17.42424242,0,1,3,6,9
B5,2020,last5,submission_attempts,136,132,24.24242424,0,1,2,3,5
B5,2020,last5,sig_ground_attempted,136,132,3.787878788,4.1,12.75,25.5,49.5,77.4
B5,2020,last5,sig_ground_landed,136,132,5.303030303,2,9.5,18.5,35,56.8
B5,2020,last5,control_sec,136,132,0,83.2,202,474.5,793.5,1007.7
B5,2020,last5,reversals,136,132,50.75757576,0,0,0,1,2
B5,2020,last5,ground_bucket_min,136,97,10.30927835,0.6,2,4,12,17
B5,2020,last5,ground_control_bucket_min,136,112,33.03571429,0,0,2,5.25,9
B5,2020,last5,back_control_bucket_min,136,112,85.71428571,0,0,0,0,1
B5,2020,last5,standups,136,109,29.35779817,0,0,1,3,7
B5,2020,last5,submission_attempts_faced,136,132,29.54545455,0,0,1,3,4
B5,2020,last5,control_sec_allowed,136,132,4.545454545,84.1,188.25,409.5,676.75,1056.6
B5,2020,last5,reversals_faced,136,132,53.03030303,0,0,0,1,2
B5,2021,last5,takedowns_attempted,152,151,10.59602649,0,2,7,16,23
B5,2021,last5,takedowns_landed,152,151,19.20529801,0,1,3,6,10
B5,2021,last5,submission_attempts,152,151,28.47682119,0,0,2,3,5
B5,2021,last5,sig_ground_attempted,152,151,6.622516556,2,10,24,45,67
B5,2021,last5,sig_ground_landed,152,151,7.947019868,1,7,17,33,49
B5,2021,last5,control_sec,152,151,1.986754967,56,200,453,829.5,1328
B5,2021,last5,reversals,152,151,59.60264901,0,0,0,1,2
B5,2021,last5,ground_bucket_min,152,83,21.68674699,0,1,3,8,13.8
B5,2021,last5,ground_control_bucket_min,152,112,50,0,0,0.5,4,10
B5,2021,last5,back_control_bucket_min,152,112,86.60714286,0,0,0,0,1
B5,2021,last5,standups,152,95,38.94736842,0,0,1,2,4
B5,2021,last5,submission_attempts_faced,152,151,29.13907285,0,0,1,3,4
B5,2021,last5,control_sec_allowed,152,151,5.298013245,43,169.5,403,786.5,1213
B5,2021,last5,reversals_faced,152,151,61.58940397,0,0,0,1,2
B5,2022,last5,takedowns_attempted,108,107,7.476635514,1,5,12,20,27.4
B5,2022,last5,takedowns_landed,108,107,13.08411215,0,1.5,4,9,12
B5,2022,last5,submission_attempts,108,107,24.29906542,0,1,2,4,6
B5,2022,last5,sig_ground_attempted,108,107,3.738317757,1.6,8,20,40.5,75.2
B5,2022,last5,sig_ground_landed,108,107,4.672897196,1,5,14,30.5,56.4
B5,2022,last5,control_sec,108,107,0,83.6,176,514,1061.5,1550.2
B5,2022,last5,reversals,108,107,54.20560748,0,0,0,1,2
B5,2022,last5,ground_bucket_min,108,19,36.84210526,0,0,1,4.5,8.2
B5,2022,last5,ground_control_bucket_min,108,90,36.66666667,0,0,1,4.75,8
B5,2022,last5,back_control_bucket_min,108,90,85.55555556,0,0,0,0,1
B5,2022,last5,standups,108,24,62.5,0,0,0,1,1.7
B5,2022,last5,submission_attempts_faced,108,107,26.1682243,0,0,1,3,4
B5,2022,last5,control_sec_allowed,108,107,0,68.2,229,480,706.5,935.4
B5,2022,last5,reversals_faced,108,107,52.3364486,0,0,0,1,3
B5,2023,last5,takedowns_attempted,134,134,8.955223881,1,4,9,21,33.7
B5,2023,last5,takedowns_landed,134,134,16.41791045,0,1,4,7,15
B5,2023,last5,submission_attempts,134,134,22.3880597,0,1,2,3,5
B5,2023,last5,sig_ground_attempted,134,134,8.208955224,1,8,22.5,43,74.8
B5,2023,last5,sig_ground_landed,134,134,9.701492537,1,6,15.5,30,57
B5,2023,last5,control_sec,134,134,2.985074627,79.3,168.5,414,941.25,1609.3
B5,2023,last5,reversals,134,134,52.23880597,0,0,0,1,2.7
B5,2023,last5,ground_bucket_min,134,19,21.05263158,0,1.5,3,6.5,13.4
B5,2023,last5,ground_control_bucket_min,134,131,34.35114504,0,0,2,5.5,12
B5,2023,last5,back_control_bucket_min,134,131,78.6259542,0,0,0,0,2
B5,2023,last5,standups,134,21,33.33333333,0,0,1,2,3
B5,2023,last5,submission_attempts_faced,134,134,29.10447761,0,0,1.5,3,4
B5,2023,last5,control_sec_allowed,134,134,2.23880597,78.1,214.5,513.5,740,985.5
B5,2023,last5,reversals_faced,134,134,50,0,0,0.5,1.75,3
B5,2024,last5,takedowns_attempted,120,120,7.5,1,4,11,18,28.2
B5,2024,last5,takedowns_landed,120,120,15.83333333,0,1,3,7,12
B5,2024,last5,submission_attempts,120,120,18.33333333,0,1,2,3,5
B5,2024,last5,sig_ground_attempted,120,120,8.333333333,1,14,28,51.75,79
B5,2024,last5,sig_ground_landed,120,120,9.166666667,1,9.75,20,36,59.7
B5,2024,last5,control_sec,120,120,1.666666667,85.4,211.75,532,884,1470.6
B5,2024,last5,reversals,120,120,57.5,0,0,0,1,3
B5,2024,last5,ground_bucket_min,120,3,33.33333333,1.2,3,6,6,6
B5,2024,last5,ground_control_bucket_min,120,120,30,0,0,2.5,7,11
B5,2024,last5,back_control_bucket_min,120,120,73.33333333,0,0,0,1,2
B5,2024,last5,standups,120,3,33.33333333,0.4,1,2,2,2
B5,2024,last5,submission_attempts_faced,120,120,25,0,0.75,2,3,5
B5,2024,last5,control_sec_allowed,120,120,1.666666667,65.7,249,485.5,721.75,1074.6
B5,2024,last5,reversals_faced,120,120,55.83333333,0,0,0,1,2
B5,2025,last5,takedowns_attempted,132,132,3.03030303,2,5,10,20,28.9
B5,2025,last5,takedowns_landed,132,132,9.090909091,1,2,4,8,12
B5,2025,last5,submission_attempts,132,132,18.18181818,0,1,2,4,5.9
B5,2025,last5,sig_ground_attempted,132,132,6.060606061,3.1,9.75,22,43.25,71.9
B5,2025,last5,sig_ground_landed,132,132,6.818181818,2,6,16,31,48.9
B5,2025,last5,control_sec,132,132,0,133.7,279.5,542,999,1447.9
B5,2025,last5,reversals,132,132,53.78787879,0,0,0,1,2
B5,2025,last5,ground_bucket_min,132,6,16.66666667,3,6,7,10.25,11
B5,2025,last5,ground_control_bucket_min,132,130,19.23076923,0,1,3,8,14
B5,2025,last5,back_control_bucket_min,132,130,68.46153846,0,0,0,1,2.1
B5,2025,last5,standups,132,6,0,1.5,2,2,4.25,9
B5,2025,last5,submission_attempts_faced,132,132,31.06060606,0,0,1,3,4
B5,2025,last5,control_sec_allowed,132,132,2.272727273,90.2,162.75,408,746.5,1059.4
B5,2025,last5,reversals_faced,132,132,51.51515152,0,0,0,1,2
B5,2026,last5,takedowns_attempted,58,58,5.172413793,2,5,14,20.75,29
B5,2026,last5,takedowns_landed,58,58,12.06896552,0,2,5,8,11.3
B5,2026,last5,submission_attempts,58,58,17.24137931,0,1,2,3.75,4.3
B5,2026,last5,sig_ground_attempted,58,58,3.448275862,4,6,13.5,31,87.6
B5,2026,last5,sig_ground_landed,58,58,5.172413793,1,5,10,25,55.4
B5,2026,last5,control_sec,58,58,0,166,324,545.5,905.25,1431.1
B5,2026,last5,reversals,58,58,50,0,0,0.5,1,2
B5,2026,last5,ground_bucket_min,58,0,,,,,,
B5,2026,last5,ground_control_bucket_min,58,57,12.28070175,0,2,4,8,15
B5,2026,last5,back_control_bucket_min,58,57,68.42105263,0,0,0,1,2
B5,2026,last5,standups,58,1,100,0,0,0,0,0
B5,2026,last5,submission_attempts_faced,58,58,25.86206897,0,0.25,1,2.75,4
B5,2026,last5,control_sec_allowed,58,58,1.724137931,118.8,283.5,500,737.25,1249.8
B5,2026,last5,reversals_faced,58,58,51.72413793,0,0,0,1,3
