archetype,family,membership,era,N,sample_status,finish_N,finish_sample_status,KO_TKO_N,SUBMISSION_N,DECISION_N,KO_TKO_rate,KO_TKO_wilson_low,KO_TKO_wilson_high,KO_TKO_delta_pp,SUBMISSION_rate,SUBMISSION_wilson_low,SUBMISSION_wilson_high,SUBMISSION_delta_pp,DECISION_rate,DECISION_wilson_low,DECISION_wilson_high,DECISION_delta_pp,FINISH_rate,FINISH_wilson_low,FINISH_wilson_high,FINISH_delta_pp,KO_given_finish_rate,KO_given_finish_wilson_low,KO_given_finish_wilson_high,KO_given_finish_delta_pp,SUB_given_finish_rate,SUB_given_finish_wilson_low,SUB_given_finish_wilson_high,SUB_given_finish_delta_pp
A1_KD_CREATION_VS_WEAK_STRIKE_DEFENSE,striking,MATCH,2015–2017,180,NORMAL,114,NORMAL,77,37,66,0.4277777778,0.3577525698,0.5008212243,10.5174058178,0.2055555556,0.1529702227,0.2704460149,2.2436814497,0.3666666667,0.2997378772,0.4391675889,-12.7610872675,0.6333333333,0.5608324111,0.7002621228,12.7610872675,0.6754385965,0.5849905732,0.7544485376,3.7531948684,0.3245614035,0.2455514624,0.4150094268,-3.7531948684
A1_KD_CREATION_VS_WEAK_STRIKE_DEFENSE,striking,MATCH,2018–2020,186,NORMAL,118,NORMAL,81,37,68,0.4354838710,0.3662468101,0.5073319110,12.4920490686,0.1989247312,0.1479061424,0.2621278897,2.2164167803,0.3655913978,0.2997501810,0.4368721547,-14.7084658489,0.6344086022,0.5631278453,0.7002498190,14.7084658489,0.6864406780,0.5979749321,0.7631500940,4.9157440972,0.3135593220,0.2368499060,0.4020250679,-4.9157440972
A1_KD_CREATION_VS_WEAK_STRIKE_DEFENSE,striking,MATCH,2021–2023,273,NORMAL,160,NORMAL,121,39,113,0.4432234432,0.3854886623,0.5025338899,11.3662857338,0.1428571429,0.1062958306,0.1893299010,-3.6903176717,0.4139194139,0.3570827293,0.4731450111,-7.6759680621,0.5860805861,0.5268549889,0.6429172707,7.6759680621,0.7562500000,0.6842262061,0.8162576188,10.9191176471,0.2437500000,0.1837423812,0.3157737939,-10.9191176471
A1_KD_CREATION_VS_WEAK_STRIKE_DEFENSE,striking,MATCH,2024–2026,304,NORMAL,179,NORMAL,129,50,125,0.4243421053,0.3700672445,0.4805051892,10.6703839194,0.1644736842,0.1270387642,0.2102824634,-0.9666824011,0.4111842105,0.3573155528,0.4672694781,-9.7037015184,0.5888157895,0.5327305219,0.6426844472,9.7037015184,0.7206703911,0.6508355382,0.7812327712,7.4773734526,0.2793296089,0.2187672288,0.3491644618,-7.4773734526
A1_KD_CREATION_VS_WEAK_STRIKE_DEFENSE,striking,NO_MATCH,2015–2017,1036,NORMAL,489,NORMAL,309,180,547,0.2982625483,0.2711910230,0.3268246202,-2.4341171337,0.1737451737,0.1518897799,0.1980111168,-0.9373567313,0.5279922780,0.4975460856,0.5582316481,3.3714738650,0.4720077220,0.4417683519,0.5024539144,-3.3714738650,0.6319018405,0.5882817657,0.6734656942,-0.6004807317,0.3680981595,0.3265343058,0.4117182343,0.6004807317
A1_KD_CREATION_VS_WEAK_STRIKE_DEFENSE,striking,NO_MATCH,2018–2020,1053,NORMAL,475,NORMAL,302,173,578,0.2867996201,0.2602965058,0.3148526367,-2.3763760149,0.1642924976,0.1431396471,0.1878858401,-1.2468065754,0.5489078822,0.5187292879,0.5787309310,3.6231825903,0.4510921178,0.4212690690,0.4812707121,-3.6231825903,0.6357894737,0.5915855713,0.6778146605,-0.1493763310,0.3642105263,0.3221853395,0.4084144287,0.1493763310
A1_KD_CREATION_VS_WEAK_STRIKE_DEFENSE,striking,NO_MATCH,2021–2023,1037,NORMAL,500,NORMAL,300,200,537,0.2892960463,0.2625159057,0.3176314873,-4.0264539598,0.1928640309,0.1700015281,0.2179936420,1.3103711284,0.5178399229,0.4874176846,0.5481304766,2.7160828314,0.4821600771,0.4518695234,0.5125823154,-2.7160828314,0.6000000000,0.5564541227,0.6420210092,-4.7058823529,0.4000000000,0.3579789908,0.4435458773,4.7058823529
A1_KD_CREATION_VS_WEAK_STRIKE_DEFENSE,striking,NO_MATCH,2024–2026,858,NORMAL,374,NORMAL,217,157,484,0.2529137529,0.2249736188,0.2830565466,-6.4724513155,0.1829836830,0.1585440270,0.2102493927,0.8843174762,0.5641025641,0.5307096939,0.5969239896,5.5881338393,0.4358974359,0.4030760104,0.4692903061,-5.5881338393,0.5802139037,0.5296292918,0.6291674696,-6.5682752792,0.4197860963,0.3708325304,0.4703707082,6.5682752792
A1_KD_CREATION_VS_WEAK_STRIKE_DEFENSE,striking,UNASSIGNABLE,2015–2017,182,NORMAL,104,NORMAL,65,39,78,0.3571428571,0.2911427302,0.4290488765,3.4539137543,0.2142857143,0.1609030108,0.2794802026,3.1166973227,0.4285714286,0.3588834901,0.5012123133,-6.5706110770,0.5714285714,0.4987876867,0.6411165099,6.5706110770,0.6250000000,0.5290673810,0.7120272804,-1.2906647808,0.3750000000,0.2879727196,0.4709326190,1.2906647808
A1_KD_CREATION_VS_WEAK_STRIKE_DEFENSE,striking,UNASSIGNABLE,2018–2020,181,NORMAL,99,MODERATE_UNCERTAINTY,58,41,82,0.3204419890,0.2567979098,0.3915493797,0.9878608669,0.2265193370,0.1715930191,0.2928128527,4.9758773636,0.4530386740,0.3822460403,0.5257832508,-5.9637382305,0.5469613260,0.4742167492,0.6177539597,5.9637382305,0.5858585859,0.4873979780,0.6779050058,-5.1424651136,0.4141414141,0.3220949942,0.5126020220,5.1424651136
A1_KD_CREATION_VS_WEAK_STRIKE_DEFENSE,striking,UNASSIGNABLE,2021–2023,192,NORMAL,105,NORMAL,74,31,87,0.3854166667,0.3194637651,0.4558647058,5.5856080781,0.1614583333,0.1161394470,0.2200583082,-1.8301986241,0.4531250000,0.3843197711,0.5237691488,-3.7554094541,0.5468750000,0.4762308512,0.6156802289,3.7554094541,0.7047619048,0.6115352732,0.7835347715,5.7703081232,0.2952380952,0.2164652285,0.3884647268,-5.7703081232
A1_KD_CREATION_VS_WEAK_STRIKE_DEFENSE,striking,UNASSIGNABLE,2024–2026,176,NORMAL,105,NORMAL,79,26,71,0.4488636364,0.3772551621,0.5226566819,13.1225370295,0.1477272727,0.1028500018,0.2076538119,-2.6413235494,0.4034090909,0.3337434132,0.4772011809,-10.4812134801,0.5965909091,0.5227988191,0.6662565868,10.4812134801,0.7523809524,0.6618966439,0.8250501554,10.6484295846,0.2476190476,0.1749498446,0.3381033561,-10.6484295846
A2_BOTH_HIGH_DAMAGE_EXCHANGE,striking,MATCH,2015–2017,10,INSUFFICIENT,7,INSUFFICIENT,5,2,3,0.5000000000,0.2365930905,0.7634069095,17.7396280401,0.2000000000,0.0566821515,0.5098375285,1.6881258941,0.3000000000,0.1077912674,0.6032218525,-19.4277539342,0.7000000000,0.3967781475,0.8922087326,19.4277539342,0.7142857143,0.3589344518,0.9177810760,7.6379066478,0.2857142857,0.0822189240,0.6410655482,-7.6379066478
A2_BOTH_HIGH_DAMAGE_EXCHANGE,striking,MATCH,2018–2020,21,INSUFFICIENT,11,INSUFFICIENT,11,0,10,0.5238095238,0.3236953458,0.7165599390,21.3246143528,0.0000000000,-0.0000000000,0.1546390189,-17.6760563380,0.4761904762,0.2834400610,0.6763046542,-3.6485580148,0.5238095238,0.3236953458,0.7165599390,3.6485580148,1.0000000000,0.7411670330,1.0000000000,36.2716763006,0.0000000000,0.0000000000,0.2588329670,-36.2716763006
A2_BOTH_HIGH_DAMAGE_EXCHANGE,striking,MATCH,2021–2023,57,MODERATE_UNCERTAINTY,29,THIN_EXPLORATORY,25,4,28,0.4385964912,0.3177269690,0.5672199055,10.9035905343,0.0701754386,0.0276264202,0.1670017010,-10.9584880977,0.4912280702,0.3661628242,0.6174010150,0.0548975635,0.5087719298,0.3825989850,0.6338371758,-0.0548975635,0.8620689655,0.6944100628,0.9450256004,21.5010141988,0.1379310345,0.0549743996,0.3055899372,-21.5010141988
A2_BOTH_HIGH_DAMAGE_EXCHANGE,striking,MATCH,2024–2026,65,MODERATE_UNCERTAINTY,39,THIN_EXPLORATORY,34,5,26,0.5230769231,0.4037962961,0.6397820947,20.5438657008,0.0769230769,0.0333035015,0.1677593327,-9.7217431298,0.4000000000,0.2897202997,0.5214400065,-10.8221225710,0.6000000000,0.4785599935,0.7102797003,10.8221225710,0.8717948718,0.7329425662,0.9439718246,22.5898215260,0.1282051282,0.0560281754,0.2670574338,-22.5898215260
A2_BOTH_HIGH_DAMAGE_EXCHANGE,striking,NO_MATCH,2015–2017,1322,NORMAL,663,NORMAL,425,238,659,0.3214826021,0.2968547305,0.3471449371,-0.1121117481,0.1800302572,0.1602554454,0.2016592132,-0.3088483873,0.4984871407,0.4715780156,0.5254050324,0.4209601354,0.5015128593,0.4745949676,0.5284219844,-0.4209601354,0.6410256410,0.6037953882,0.6766310873,0.3118993218,0.3589743590,0.3233689127,0.3962046118,-0.3118993218
A2_BOTH_HIGH_DAMAGE_EXCHANGE,striking,NO_MATCH,2018–2020,1334,NORMAL,648,NORMAL,413,235,686,0.3095952024,0.2853619734,0.3349218827,-0.0968177883,0.1761619190,0.1566568697,0.1975266965,-0.0598644340,0.5142428786,0.4874201669,0.5409837966,0.1566822223,0.4857571214,0.4590162034,0.5125798331,-0.1566822223,0.6373456790,0.5996201972,0.6734523385,0.0062442018,0.3626543210,0.3265476615,0.4003798028,-0.0062442018
A2_BOTH_HIGH_DAMAGE_EXCHANGE,striking,NO_MATCH,2021–2023,1377,NORMAL,704,NORMAL,446,258,673,0.3238925200,0.2996953471,0.3490695441,-0.5668065915,0.1873638344,0.1676341779,0.2088329795,0.7603514849,0.4887436456,0.4624094363,0.5151404846,-0.1935448934,0.5112563544,0.4848595154,0.5375905637,0.1935448934,0.6335227273,0.5972942700,0.6683019276,-1.3536096257,0.3664772727,0.3316980724,0.4027057300,1.3536096257
A2_BOTH_HIGH_DAMAGE_EXCHANGE,striking,NO_MATCH,2024–2026,1202,NORMAL,578,NORMAL,359,219,624,0.2986688852,0.2734702171,0.3251503176,-1.8969380877,0.1821963394,0.1613982633,0.2050192750,0.8055831213,0.5191347754,0.4908733865,0.5472742486,1.0913549664,0.4808652246,0.4527257514,0.5091266135,-1.0913549664,0.6211072664,0.5808822480,0.6597331256,-2.4789390099,0.3788927336,0.3402668744,0.4191177520,2.4789390099
A2_BOTH_HIGH_DAMAGE_EXCHANGE,striking,UNASSIGNABLE,2015–2017,66,MODERATE_UNCERTAINTY,37,THIN_EXPLORATORY,21,16,29,0.3181818182,0.2184900673,0.4378744989,-0.4421901418,0.2424242424,0.1550918494,0.3580912860,5.9305501366,0.4393939394,0.3262812092,0.5591736462,-5.4883599948,0.5606060606,0.4408263538,0.6737187908,5.4883599948,0.5675675676,0.4091418109,0.7132828072,-7.0339080240,0.4324324324,0.2867171928,0.5908581891,7.0339080240
A2_BOTH_HIGH_DAMAGE_EXCHANGE,striking,UNASSIGNABLE,2018–2020,65,MODERATE_UNCERTAINTY,33,THIN_EXPLORATORY,17,16,32,0.2615384615,0.1701819341,0.3795080270,-4.9024918743,0.2461538462,0.1575798686,0.3630578320,6.9393282774,0.4923076923,0.3746383946,0.6108354751,-2.0368364030,0.5076923077,0.3891645249,0.6253616054,2.0368364030,0.5151515152,0.3521837545,0.6749595789,-12.2131721843,0.4848484848,0.3250404211,0.6478162455,12.2131721843
A2_BOTH_HIGH_DAMAGE_EXCHANGE,striking,UNASSIGNABLE,2021–2023,68,MODERATE_UNCERTAINTY,32,THIN_EXPLORATORY,24,8,36,0.3529411765,0.2500197688,0.4715894478,2.3380590585,0.1176470588,0.0608349260,0.2153490372,-6.2113260750,0.5294117647,0.4124092209,0.6432689358,3.8732670165,0.4705882353,0.3567310642,0.5875907791,-3.8732670165,0.7500000000,0.5789344101,0.8674759908,10.2941176471,0.2500000000,0.1325240092,0.4210655899,-10.2941176471
A2_BOTH_HIGH_DAMAGE_EXCHANGE,striking,UNASSIGNABLE,2024–2026,71,MODERATE_UNCERTAINTY,41,THIN_EXPLORATORY,32,9,30,0.4507042254,0.3404796117,0.5659893413,13.3065959283,0.1267605634,0.0681452759,0.2236910828,-4.7379944841,0.4225352113,0.3145301207,0.5384925198,-8.5686014442,0.5774647887,0.4615074802,0.6854698793,8.5686014442,0.7804878049,0.6329499401,0.8799682522,13.4591148343,0.2195121951,0.1200317478,0.3670500599,-13.4591148343
A3_ACCURACY_VS_ABSORPTION,striking,MATCH,2015–2017,97,MODERATE_UNCERTAINTY,49,THIN_EXPLORATORY,37,12,48,0.3814432990,0.2910466453,0.4808725606,5.8839579370,0.1237113402,0.0722040021,0.2038873907,-5.9407400852,0.4948453608,0.3974582344,0.5926252093,0.0567821483,0.5051546392,0.4073747907,0.6025417656,-0.0567821483,0.7551020408,0.6191368101,0.8539765474,11.7195393009,0.2448979592,0.1460234526,0.3808631899,-11.7195393009
A3_ACCURACY_VS_ABSORPTION,striking,MATCH,2018–2020,169,NORMAL,72,MODERATE_UNCERTAINTY,54,18,97,0.3195266272,0.2539063318,0.3931690840,0.8963246937,0.1065088757,0.0684403412,0.1620683521,-7.0251687641,0.5739644970,0.4985815702,0.6460596529,6.1288440703,0.4260355030,0.3539403471,0.5014184298,-6.1288440703,0.7500000000,0.6390649260,0.8356094877,11.2716763006,0.2500000000,0.1643905123,0.3609350740,-11.2716763006
A3_ACCURACY_VS_ABSORPTION,striking,MATCH,2021–2023,393,NORMAL,196,NORMAL,116,80,197,0.2951653944,0.2522282455,0.3420681759,-3.4395191483,0.2035623410,0.1667126782,0.2461510868,2.3802021393,0.5012722646,0.4520663967,0.5504535013,1.0593170090,0.4987277354,0.4495464987,0.5479336033,-1.0593170090,0.5918367347,0.5219052295,0.6582375708,-5.5222088836,0.4081632653,0.3417624292,0.4780947705,5.5222088836
A3_ACCURACY_VS_ABSORPTION,striking,MATCH,2024–2026,411,NORMAL,199,NORMAL,131,68,212,0.3187347932,0.2755404445,0.3652861970,0.1096527119,0.1654501217,0.1326566620,0.2044394884,-0.8690386567,0.5158150852,0.4675778726,0.5637594003,0.7593859448,0.4841849148,0.4362405997,0.5324221274,-0.7593859448,0.6582914573,0.5899559209,0.7206314726,1.2394800751,0.3417085427,0.2793685274,0.4100440791,-1.2394800751
A3_ACCURACY_VS_ABSORPTION,striking,NO_MATCH,2015–2017,1155,NORMAL,582,NORMAL,369,213,573,0.3194805195,0.2932263213,0.3469315304,-0.3123200119,0.1844155844,0.1631082228,0.2078152159,0.1296843357,0.4961038961,0.4673300411,0.5249035816,0.1826356762,0.5038961039,0.4750964184,0.5326699589,-0.1826356762,0.6340206186,0.5941253303,0.6721583163,-0.3886029251,0.3659793814,0.3278416837,0.4058746697,0.3886029251
A3_ACCURACY_VS_ABSORPTION,striking,NO_MATCH,2018–2020,1074,NORMAL,524,NORMAL,331,193,550,0.3081936685,0.2813027323,0.3364518116,-0.2369711753,0.1797020484,0.1578942215,0.2037929781,0.2941485037,0.5121042831,0.4822201130,0.5419021730,-0.0571773284,0.4878957169,0.4580978270,0.5177798870,0.0571773284,0.6316793893,0.5895610614,0.6718810775,-0.5603847681,0.3683206107,0.3281189225,0.4104389386,0.5603847681
A3_ACCURACY_VS_ABSORPTION,striking,NO_MATCH,2021–2023,899,NORMAL,460,NORMAL,303,157,439,0.3370411568,0.3068929248,0.3685761211,0.7480570955,0.1746384872,0.1512194122,0.2008262938,-0.5121832366,0.4883203560,0.4557642907,0.5209758115,-0.2358738590,0.5116796440,0.4790241885,0.5442357093,0.2358738590,0.6586956522,0.6142117650,0.7005509566,1.1636828645,0.3413043478,0.2994490434,0.3857882350,-1.1636828645
A3_ACCURACY_VS_ABSORPTION,striking,NO_MATCH,2024–2026,737,NORMAL,351,NORMAL,208,143,386,0.2822252374,0.2509249078,0.3157840066,-3.5413028620,0.1940298507,0.1670962098,0.2241365639,1.9889342525,0.5237449118,0.4876578105,0.5595857659,1.5523686095,0.4762550882,0.4404142341,0.5123421895,-1.5523686095,0.5925925926,0.5404565315,0.6427238674,-5.3304063942,0.4074074074,0.3572761326,0.4595434685,5.3304063942
A3_ACCURACY_VS_ABSORPTION,striking,UNASSIGNABLE,2015–2017,146,NORMAL,76,MODERATE_UNCERTAINTY,45,31,70,0.3082191781,0.2390381930,0.3872334648,-1.4384541517,0.2123287671,0.1538096822,0.2855978045,2.9210026065,0.4794520548,0.3999872224,0.5599704552,-1.4825484547,0.5205479452,0.4400295448,0.6000127776,1.4825484547,0.5921052632,0.4797855252,0.6955619723,-4.5801384650,0.4078947368,0.3044380277,0.5202144748,4.5801384650
A3_ACCURACY_VS_ABSORPTION,striking,UNASSIGNABLE,2018–2020,177,NORMAL,96,MODERATE_UNCERTAINTY,56,40,81,0.3163841808,0.2523907345,0.3881784114,0.5820800509,0.2259887006,0.1705760674,0.2930425042,4.9228137185,0.4576271186,0.3859103745,0.5311440438,-5.5048937694,0.5423728814,0.4688559562,0.6140896255,5.5048937694,0.5833333333,0.4833696794,0.6768843893,-5.3949903661,0.4166666667,0.3231156107,0.5166303206,5.3949903661
A3_ACCURACY_VS_ABSORPTION,striking,UNASSIGNABLE,2021–2023,210,NORMAL,109,NORMAL,76,33,101,0.3619047619,0.2999294254,0.4288415981,3.2344176019,0.1571428571,0.1141363753,0.2124675452,-2.2617462431,0.4809523810,0.4143273061,0.5482618006,-0.9726713588,0.5190476190,0.4517381994,0.5856726939,0.9726713588,0.6972477064,0.6054955515,0.7755700643,5.0188882893,0.3027522936,0.2244299357,0.3945044485,-5.0188882893
A3_ACCURACY_VS_ABSORPTION,striking,UNASSIGNABLE,2024–2026,190,NORMAL,108,NORMAL,86,22,82,0.4526315789,0.3834932204,0.5236473876,13.4993312879,0.1157894737,0.0777205578,0.1690865964,-5.8351034537,0.4315789474,0.3631964699,0.5026732973,-7.6642278342,0.5684210526,0.4973267027,0.6368035301,7.6642278342,0.7962962963,0.7107866711,0.8614519306,15.0399639761,0.2037037037,0.1385480694,0.2892133289,-15.0399639761
A4_KO_HISTORY_VS_KO_VULNERABILITY,striking,MATCH,2015–2017,250,NORMAL,149,NORMAL,113,36,101,0.4520000000,0.3914974395,0.5139553573,12.9396280401,0.1440000000,0.1058625687,0.1929123406,-3.9118741059,0.4040000000,0.3450709534,0.4658346401,-9.0277539342,0.5960000000,0.5341653599,0.6549290466,9.0277539342,0.7583892617,0.6837221834,0.8200678262,12.0482613937,0.2416107383,0.1799321738,0.3162778166,-12.0482613937
A4_KO_HISTORY_VS_KO_VULNERABILITY,striking,MATCH,2018–2020,254,NORMAL,162,NORMAL,128,34,92,0.5039370079,0.4428504478,0.5649062567,19.3373627592,0.1338582677,0.0973955148,0.1812309682,-4.2902295664,0.3622047244,0.3055553650,0.4229599780,-15.0471331929,0.6377952756,0.5770400220,0.6944446350,15.0471331929,0.7901234568,0.7210628614,0.8457435371,15.2840219796,0.2098765432,0.1542564629,0.2789371386,-15.2840219796
A4_KO_HISTORY_VS_KO_VULNERABILITY,striking,MATCH,2021–2023,267,NORMAL,164,NORMAL,121,43,103,0.4531835206,0.3945583359,0.5131367411,12.3622934714,0.1610486891,0.1218168480,0.2098955095,-1.8711630435,0.3857677903,0.3293931561,0.4453828318,-10.4911304278,0.6142322097,0.5546171682,0.6706068439,10.4911304278,0.7378048780,0.6656001020,0.7991241714,9.0746054519,0.2621951220,0.2008758286,0.3343998980,-9.0746054519
A4_KO_HISTORY_VS_KO_VULNERABILITY,striking,MATCH,2024–2026,268,NORMAL,158,NORMAL,115,43,110,0.4291044776,0.3712608498,0.4889517897,11.1466211543,0.1604477612,0.1213534266,0.2091386890,-1.3692747027,0.4104477612,0.3532231937,0.4702032984,-9.7773464516,0.5895522388,0.5297967016,0.6467768063,9.7773464516,0.7278481013,0.6536577384,0.7912220874,8.1951444731,0.2721518987,0.2087779126,0.3463422616,-8.1951444731
A4_KO_HISTORY_VS_KO_VULNERABILITY,striking,NO_MATCH,2015–2017,976,NORMAL,461,NORMAL,275,186,515,0.2817622951,0.2544375695,0.3107982182,-4.0841424517,0.1905737705,0.1671651665,0.2164085795,0.7455029433,0.5276639344,0.4962963358,0.5588146206,3.3386395084,0.4723360656,0.4411853794,0.5037036642,-3.3386395084,0.5965292842,0.5511262073,0.6403369213,-4.1377363643,0.4034707158,0.3596630787,0.4488737927,4.1377363643
A4_KO_HISTORY_VS_KO_VULNERABILITY,striking,NO_MATCH,2018–2020,1000,NORMAL,439,NORMAL,254,185,561,0.2540000000,0.2279970751,0.2818856901,-5.6563380282,0.1850000000,0.1621548038,0.2102560541,0.8239436620,0.5610000000,0.5300663276,0.5914668079,4.8323943662,0.4390000000,0.4085331921,0.4699336724,-4.8323943662,0.5785876993,0.5319110652,0.6239009045,-5.8695537678,0.4214123007,0.3760990955,0.4680889348,5.8695537678
A4_KO_HISTORY_VS_KO_VULNERABILITY,striking,NO_MATCH,2021–2023,1076,NORMAL,515,NORMAL,309,206,561,0.2871747212,0.2609355720,0.3149280918,-4.2385864696,0.1914498141,0.1690552624,0.2160396563,1.1689494552,0.5213754647,0.4915044991,0.5510943469,3.0696370143,0.4786245353,0.4489056531,0.5084955009,-3.0696370143,0.6000000000,0.5570993411,0.6414198756,-4.7058823529,0.4000000000,0.3585801244,0.4429006589,4.7058823529
A4_KO_HISTORY_VS_KO_VULNERABILITY,striking,NO_MATCH,2024–2026,901,NORMAL,395,NORMAL,228,167,506,0.2530521643,0.2257534295,0.2824477082,-6.4586101807,0.1853496115,0.1613314171,0.2120394708,1.1209103322,0.5615982242,0.5290052706,0.5936681535,5.3376998485,0.4384017758,0.4063318465,0.4709947294,-5.3376998485,0.5772151899,0.5279842335,0.6249587434,-6.8681466662,0.4227848101,0.3750412566,0.4720157665,6.8681466662
A4_KO_HISTORY_VS_KO_VULNERABILITY,striking,UNASSIGNABLE,2015–2017,172,NORMAL,97,MODERATE_UNCERTAINTY,63,34,75,0.3662790698,0.2979302088,0.4404705056,4.3675350168,0.1976744186,0.1450472849,0.2635108521,1.4555677546,0.4360465116,0.3641351395,0.5107521587,-5.8231027714,0.5639534884,0.4892478413,0.6358648605,5.8231027714,0.6494845361,0.5504910713,0.7370890603,1.1577888275,0.3505154639,0.2629109397,0.4495089287,-1.1577888275
A4_KO_HISTORY_VS_KO_VULNERABILITY,striking,UNASSIGNABLE,2018–2020,166,NORMAL,91,MODERATE_UNCERTAINTY,59,32,75,0.3554216867,0.2866334979,0.4307499941,4.4858306465,0.1927710843,0.1399883209,0.2594515996,1.6010520957,0.4518072289,0.3780431602,0.5277513371,-6.0868827422,0.5481927711,0.4722486629,0.6219568398,6.0868827422,0.6483516484,0.5460584089,0.7386272163,1.1068411357,0.3516483516,0.2613727837,0.4539415911,-1.1068411357
A4_KO_HISTORY_VS_KO_VULNERABILITY,striking,UNASSIGNABLE,2021–2023,159,NORMAL,86,MODERATE_UNCERTAINTY,65,21,73,0.4088050314,0.3354183722,0.4864943016,7.9244445561,0.1320754717,0.0880338141,0.1934759387,-4.7684847876,0.4591194969,0.3835394437,0.5366283066,-3.1559597685,0.5408805031,0.4633716934,0.6164605563,3.1559597685,0.7558139535,0.6553712706,0.8343803494,10.8755129959,0.2441860465,0.1656196506,0.3446287294,-10.8755129959
A4_KO_HISTORY_VS_KO_VULNERABILITY,striking,UNASSIGNABLE,2024–2026,169,NORMAL,105,NORMAL,82,23,64,0.4852071006,0.4110269685,0.5600447869,16.7568834523,0.1360946746,0.0924282537,0.1959369288,-3.8045833665,0.3786982249,0.3090300135,0.4537583807,-12.9523000858,0.6213017751,0.5462416193,0.6909699865,12.9523000858,0.7809523810,0.6927042216,0.8493686304,13.5055724417,0.2190476190,0.1506313696,0.3072957784,-13.5055724417
B1_TD_PRESSURE_VS_WEAK_TD_DEFENSE,grappling,MATCH,2015–2017,301,NORMAL,142,NORMAL,78,64,159,0.2591362126,0.2128915769,0.3114513371,-6.3467506975,0.2126245847,0.1701721067,0.2623197837,2.9505843659,0.5282392027,0.4718436117,0.5839230811,3.3961663316,0.4717607973,0.4160769189,0.5281563883,-3.3961663316,0.5492957746,0.4672342834,0.6287603680,-8.8610873160,0.4507042254,0.3712396320,0.5327657166,8.8610873160
B1_TD_PRESSURE_VS_WEAK_TD_DEFENSE,grappling,MATCH,2018–2020,217,NORMAL,109,NORMAL,59,50,108,0.2718894009,0.2170416186,0.3346729892,-3.8673979360,0.2304147465,0.1793683318,0.2908398410,5.3654183163,0.4976958525,0.4317922401,0.5636796247,-1.4980203803,0.5023041475,0.4363203753,0.5682077599,1.4980203803,0.5412844037,0.4479295400,0.6318283796,-9.5998833324,0.4587155963,0.3681716204,0.5520704600,9.5998833324
B1_TD_PRESSURE_VS_WEAK_TD_DEFENSE,grappling,MATCH,2021–2023,223,NORMAL,134,NORMAL,73,61,89,0.3273542601,0.2691434506,0.3914124267,-0.2206325796,0.2735426009,0.2192407230,0.3355143887,9.3782281323,0.3991031390,0.3370610090,0.4645625556,-9.1575955527,0.6008968610,0.5354374444,0.6629389910,9.1575955527,0.5447761194,0.4603847059,0.6266718306,-10.2282704126,0.4552238806,0.3733281694,0.5396152941,10.2282704126
B1_TD_PRESSURE_VS_WEAK_TD_DEFENSE,grappling,MATCH,2024–2026,222,NORMAL,109,NORMAL,43,66,113,0.1936936937,0.1471000136,0.2507076312,-12.3944572375,0.2972972973,0.2410343914,0.3604559617,12.3156789076,0.5090090090,0.4436558666,0.5740556732,0.0787783299,0.4909909910,0.4259443268,0.5563441334,-0.0787783299,0.3944954128,0.3078390894,0.4883351161,-25.1401243691,0.6055045872,0.5116648839,0.6921609106,25.1401243691
B1_TD_PRESSURE_VS_WEAK_TD_DEFENSE,grappling,NO_MATCH,2015–2017,913,NORMAL,471,NORMAL,326,145,442,0.3570646221,0.3266437044,0.3886833049,3.4460902525,0.1588170865,0.1365445416,0.1839486647,-2.4301654531,0.4841182913,0.4518364417,0.5165332260,-1.0159247995,0.5158817087,0.4834667740,0.5481635583,1.0159247995,0.6921443737,0.6490419567,0.7321379016,5.4237725865,0.3078556263,0.2678620984,0.3509580433,-5.4237725865
B1_TD_PRESSURE_VS_WEAK_TD_DEFENSE,grappling,NO_MATCH,2018–2020,1014,NORMAL,491,NORMAL,336,155,523,0.3313609467,0.3030733201,0.3609215025,2.0797566464,0.1528599606,0.1320241849,0.1763160346,-2.3900602828,0.5157790927,0.4850178368,0.5464212441,0.3103036364,0.4842209073,0.4535787559,0.5149821632,-0.3103036364,0.6843177189,0.6419104413,0.7238632763,4.7034481947,0.3156822811,0.2761367237,0.3580895587,-4.7034481947
B1_TD_PRESSURE_VS_WEAK_TD_DEFENSE,grappling,NO_MATCH,2021–2023,1094,NORMAL,531,NORMAL,354,177,563,0.3235831810,0.2965191827,0.3518817800,-0.5977404898,0.1617915905,0.1411591638,0.1847908684,-1.7968729080,0.5146252285,0.4850100622,0.5441380445,2.3946133979,0.4853747715,0.4558619555,0.5149899378,-2.3946133979,0.6666666667,0.6255005141,0.7054386774,1.9607843137,0.3333333333,0.2945613226,0.3744994859,-1.9607843137
B1_TD_PRESSURE_VS_WEAK_TD_DEFENSE,grappling,NO_MATCH,2024–2026,967,NORMAL,457,NORMAL,320,137,510,0.3309203723,0.3019829994,0.3611957854,1.3282106217,0.1416752844,0.1211118797,0.1650743522,-3.2465223837,0.5274043433,0.4958913110,0.5587005068,1.9183117620,0.4725956567,0.4412994932,0.5041086890,-1.9183117620,0.7002188184,0.6566862231,0.7404134660,5.4322161846,0.2997811816,0.2595865340,0.3433137769,-5.4322161846
B1_TD_PRESSURE_VS_WEAK_TD_DEFENSE,grappling,UNASSIGNABLE,2015–2017,184,NORMAL,94,MODERATE_UNCERTAINTY,47,47,90,0.2554347826,0.1978706370,0.3230019085,-6.7168936991,0.2554347826,0.1978706370,0.3230019085,7.2316041550,0.4891304348,0.4178665872,0.5608388592,-0.5147104559,0.5108695652,0.4391611408,0.5821334128,0.5147104559,0.5000000000,0.4009266985,0.5990733015,-13.7906647808,0.5000000000,0.4009266985,0.5990733015,13.7906647808
B1_TD_PRESSURE_VS_WEAK_TD_DEFENSE,grappling,UNASSIGNABLE,2018–2020,189,NORMAL,92,MODERATE_UNCERTAINTY,46,46,97,0.2433862434,0.1877161537,0.3092799767,-6.7177136895,0.2433862434,0.1877161537,0.3092799767,6.6625680006,0.5132275132,0.4424185860,0.5835094486,0.0551456889,0.4867724868,0.4164905514,0.5575814140,-0.0551456889,0.5000000000,0.3998983151,0.6001016849,-13.7283236994,0.5000000000,0.3998983151,0.6001016849,13.7283236994
B1_TD_PRESSURE_VS_WEAK_TD_DEFENSE,grappling,UNASSIGNABLE,2021–2023,185,NORMAL,100,NORMAL,68,32,85,0.3675675676,0.3014425832,0.4390804973,3.8006981682,0.1729729730,0.1252721408,0.2339787316,-0.6787346601,0.4594594595,0.3892010413,0.5313672487,-3.1219635081,0.5405405405,0.4686327513,0.6107989587,3.1219635081,0.6800000000,0.5833738139,0.7633085268,3.2941176471,0.3200000000,0.2366914732,0.4166261861,-3.2941176471
B1_TD_PRESSURE_VS_WEAK_TD_DEFENSE,grappling,UNASSIGNABLE,2024–2026,149,NORMAL,92,MODERATE_UNCERTAINTY,62,30,57,0.4161073826,0.3400432738,0.4963885413,9.8469116482,0.2013422819,0.1448336272,0.2728636345,2.7201773658,0.3825503356,0.3083957558,0.4626087853,-12.5670890140,0.6174496644,0.5373912147,0.6916042442,12.5670890140,0.6739130435,0.5728326115,0.7610521227,2.8016386943,0.3260869565,0.2389478773,0.4271673885,-2.8016386943
B2_TD_CONVERSION_VS_WEAK_TD_DEFENSE,grappling,MATCH,2015–2017,298,NORMAL,148,NORMAL,85,63,150,0.2852348993,0.2369569094,0.3389794099,-3.7368820271,0.2114093960,0.1688736165,0.2612908126,2.8290654914,0.5033557047,0.4469078170,0.5597181780,0.9078165356,0.4966442953,0.4402818220,0.5530921830,-0.9078165356,0.5743243243,0.4937765410,0.6511114242,-6.3582323483,0.4256756757,0.3488885758,0.5062234590,6.3582323483
B2_TD_CONVERSION_VS_WEAK_TD_DEFENSE,grappling,MATCH,2018–2020,255,NORMAL,124,NORMAL,72,52,131,0.2823529412,0.2306498388,0.3405162313,-2.8210439105,0.2039215686,0.1590352865,0.2575960342,2.7161005247,0.5137254902,0.4526326405,0.5744109406,0.1049433858,0.4862745098,0.4255890594,0.5473673595,-0.1049433858,0.5806451613,0.4926496903,0.6637940815,-5.6638075704,0.4193548387,0.3362059185,0.5073503097,5.6638075704
B2_TD_CONVERSION_VS_WEAK_TD_DEFENSE,grappling,MATCH,2021–2023,257,NORMAL,139,NORMAL,73,66,118,0.2840466926,0.2324083258,0.3420458254,-4.5513893278,0.2568093385,0.2072529963,0.3135287054,7.7049018947,0.4591439689,0.3992677833,0.5202235426,-3.1535125669,0.5408560311,0.4797764574,0.6007322167,3.1535125669,0.5251798561,0.4426082539,0.6063971263,-12.1878967414,0.4748201439,0.3936028737,0.5573917461,12.1878967414
B2_TD_CONVERSION_VS_WEAK_TD_DEFENSE,grappling,MATCH,2024–2026,186,NORMAL,78,MODERATE_UNCERTAINTY,40,38,108,0.2150537634,0.1620911228,0.2795482290,-10.2584502628,0.2043010753,0.1526194872,0.2679496515,3.0160567048,0.5806451613,0.5088005265,0.6492260720,7.2423935580,0.4193548387,0.3507739280,0.4911994735,-7.2423935580,0.5128205128,0.4039270123,0.6205104798,-13.3076143714,0.4871794872,0.3794895202,0.5960729877,13.3076143714
B2_TD_CONVERSION_VS_WEAK_TD_DEFENSE,grappling,NO_MATCH,2015–2017,915,NORMAL,463,NORMAL,313,150,452,0.3420765027,0.3120551651,0.3734183219,1.9472783133,0.1639344262,0.1413605044,0.1893183695,-1.9184314829,0.4939890710,0.4616871160,0.5263412867,-0.0288468304,0.5060109290,0.4736587133,0.5383128840,0.0288468304,0.6760259179,0.6321005665,0.7170543702,3.8119270119,0.3239740821,0.2829456298,0.3678994335,-3.8119270119
B2_TD_CONVERSION_VS_WEAK_TD_DEFENSE,grappling,NO_MATCH,2018–2020,997,NORMAL,480,NORMAL,321,159,517,0.3219658977,0.2936946625,0.3516038042,1.1402517411,0.1594784353,0.1380653137,0.1835055565,-1.7282128074,0.5185556670,0.4875289813,0.5494399109,0.5879610663,0.4814443330,0.4505600891,0.5124710187,-0.5879610663,0.6687500000,0.6254509416,0.7093694775,3.1466763006,0.3312500000,0.2906305225,0.3745490584,-3.1466763006
B2_TD_CONVERSION_VS_WEAK_TD_DEFENSE,grappling,NO_MATCH,2021–2023,1076,NORMAL,530,NORMAL,354,176,546,0.3289962825,0.3015742769,0.3576349552,-0.0564303358,0.1635687732,0.1426717459,0.1868594607,-1.6191546340,0.5074349442,0.4775896891,0.5372273008,1.6755849697,0.4925650558,0.4627726992,0.5224103109,-1.6755849697,0.6679245283,0.6267472262,0.7066851010,2.0865704772,0.3320754717,0.2933148990,0.3732527738,-2.0865704772
B2_TD_CONVERSION_VS_WEAK_TD_DEFENSE,grappling,NO_MATCH,2024–2026,1012,NORMAL,496,NORMAL,326,170,516,0.3221343874,0.2940631810,0.3515508104,0.4496121283,0.1679841897,0.1462156706,0.1922637799,-0.6156318498,0.5098814229,0.4791028696,0.5405852420,0.1660197215,0.4901185771,0.4594147580,0.5208971304,-0.1660197215,0.6572580645,0.6144232901,0.6976756710,1.1361407981,0.3427419355,0.3023243290,0.3855767099,-1.1361407981
B2_TD_CONVERSION_VS_WEAK_TD_DEFENSE,grappling,UNASSIGNABLE,2015–2017,185,NORMAL,96,MODERATE_UNCERTAINTY,53,43,89,0.2864864865,0.2261996301,0.3554600304,-3.6117233113,0.2324324324,0.1773870432,0.2983636706,4.9313691374,0.4810810811,0.4102028455,0.5527290231,-1.3196458261,0.5189189189,0.4472709769,0.5897971545,1.3196458261,0.5520833333,0.4525163860,0.6476424070,-8.5823314474,0.4479166667,0.3523575930,0.5474836140,8.5823314474
B2_TD_CONVERSION_VS_WEAK_TD_DEFENSE,grappling,UNASSIGNABLE,2018–2020,168,NORMAL,88,MODERATE_UNCERTAINTY,48,40,80,0.2857142857,0.2227910277,0.3582181159,-2.4849094567,0.2380952381,0.1800004642,0.3078996002,6.1334674715,0.4761904762,0.4020482522,0.5513972082,-3.6485580148,0.5238095238,0.4486027918,0.5979517478,3.6485580148,0.5454545455,0.4417006677,0.6454059626,-9.1828691540,0.4545454545,0.3545940374,0.5582993323,9.1828691540
B2_TD_CONVERSION_VS_WEAK_TD_DEFENSE,grappling,UNASSIGNABLE,2021–2023,169,NORMAL,96,MODERATE_UNCERTAINTY,68,28,73,0.4023668639,0.3313986724,0.4776749132,7.2806278020,0.1656804734,0.1171874237,0.2290342481,-1.4079846201,0.4319526627,0.3596022780,0.5073277968,-5.8726431819,0.5680473373,0.4926722032,0.6403977220,5.8726431819,0.7083333333,0.6108010970,0.7898340747,6.1274509804,0.2916666667,0.2101659253,0.3891989030,-6.1274509804
B2_TD_CONVERSION_VS_WEAK_TD_DEFENSE,grappling,UNASSIGNABLE,2024–2026,140,NORMAL,84,MODERATE_UNCERTAINTY,59,25,56,0.4214285714,0.3428046559,0.5042491756,10.3790305360,0.1785714286,0.1239807992,0.2503303296,0.4430920350,0.4000000000,0.3225668105,0.4827744296,-10.8221225710,0.6000000000,0.5172255704,0.6774331895,10.8221225710,0.7023809524,0.5975091495,0.7895518176,5.6484295846,0.2976190476,0.2104481824,0.4024908505,-5.6484295846
B3_TD_ACCESS_PLUS_SUB_PRESSURE,grappling,MATCH,2015–2017,162,NORMAL,91,MODERATE_UNCERTAINTY,52,39,71,0.3209876543,0.2539599605,0.3963084319,-0.1616065278,0.2407407407,0.1814009536,0.3120912009,5.7621999682,0.4382716049,0.3641723611,0.5152305328,-5.6005934404,0.5617283951,0.4847694672,0.6358276389,5.6005934404,0.5714285714,0.4688974929,0.6681733637,-6.6478076379,0.4285714286,0.3318266363,0.5311025071,6.6478076379
B3_TD_ACCESS_PLUS_SUB_PRESSURE,grappling,MATCH,2018–2020,132,NORMAL,67,MODERATE_UNCERTAINTY,34,33,65,0.2575757576,0.1905746351,0.3382879040,-5.2987622706,0.2500000000,0.1839103909,0.3302291025,7.3239436620,0.4924242424,0.4085660703,0.5767108841,-2.0251813914,0.5075757576,0.4232891159,0.5914339297,2.0251813914,0.5074626866,0.3906377465,0.6234782813,-12.9820550427,0.4925373134,0.3765217187,0.6093622535,12.9820550427
B3_TD_ACCESS_PLUS_SUB_PRESSURE,grappling,MATCH,2021–2023,143,NORMAL,92,MODERATE_UNCERTAINTY,40,52,51,0.2797202797,0.2126546305,0.3583112227,-4.9840306165,0.3636363636,0.2893165182,0.4450909148,18.3876044062,0.3566433566,0.2828270212,0.4379602801,-13.4035737897,0.6433566434,0.5620397199,0.7171729788,13.4035737897,0.4347826087,0.3381156885,0.5366775362,-21.2276214834,0.5652173913,0.4633224638,0.6618843115,21.2276214834
B3_TD_ACCESS_PLUS_SUB_PRESSURE,grappling,MATCH,2024–2026,137,NORMAL,65,MODERATE_UNCERTAINTY,29,36,72,0.2116788321,0.1516218577,0.2874637592,-10.5959433952,0.2627737226,0.1962667553,0.3422214105,8.8633214407,0.5255474453,0.4423797446,0.6073215299,1.7326219545,0.4744525547,0.3926784701,0.5576202554,-1.7326219545,0.4461538462,0.3316952748,0.5666218132,-19.9742810381,0.5538461538,0.4333781868,0.6683047252,19.9742810381
B3_TD_ACCESS_PLUS_SUB_PRESSURE,grappling,NO_MATCH,2015–2017,968,NORMAL,474,NORMAL,310,164,494,0.3202479339,0.2916160144,0.3503008880,-0.2355785715,0.1694214876,0.1471076073,0.1943487648,-1.3697253455,0.5103305785,0.4788609272,0.5417185612,1.6053039170,0.4896694215,0.4582814388,0.5211390728,-1.6053039170,0.6540084388,0.6101012328,0.6954394383,1.6101791011,0.3459915612,0.3045605617,0.3898987672,-1.6101791011
B3_TD_ACCESS_PLUS_SUB_PRESSURE,grappling,NO_MATCH,2018–2020,991,NORMAL,475,NORMAL,319,156,516,0.3218970737,0.2935446171,0.3516249756,1.1333693381,0.1574167508,0.1360700021,0.1814091862,-1.9343812623,0.5206861756,0.4895628047,0.5516497922,0.8010119242,0.4793138244,0.4483502078,0.5104371953,-0.8010119242,0.6715789474,0.6281154067,0.7122895374,3.4295710374,0.3284210526,0.2877104626,0.3718845933,-3.4295710374
B3_TD_ACCESS_PLUS_SUB_PRESSURE,grappling,NO_MATCH,2021–2023,1096,NORMAL,539,NORMAL,361,178,557,0.3293795620,0.3021930987,0.3577578906,-0.0181023842,0.1624087591,0.1417586516,0.1854171026,-1.7351560450,0.5082116788,0.4786372707,0.5377287244,1.7532584292,0.4917883212,0.4622712756,0.5213627293,-1.7532584292,0.6697588126,0.6289765213,0.7081384816,2.2699989087,0.3302411874,0.2918615184,0.3710234787,-2.2699989087
B3_TD_ACCESS_PLUS_SUB_PRESSURE,grappling,NO_MATCH,2024–2026,967,NORMAL,461,NORMAL,300,161,506,0.3102378490,0.2818804935,0.3400969193,-0.7400417051,0.1664943123,0.1443438097,0.1912840684,-0.7646195915,0.5232678387,0.4917580241,0.5545935192,1.5046612966,0.4767321613,0.4454064808,0.5082419759,-1.5046612966,0.6507592191,0.6061574936,0.6928691904,0.4862562554,0.3492407809,0.3071308096,0.3938425064,-0.4862562554
B3_TD_ACCESS_PLUS_SUB_PRESSURE,grappling,UNASSIGNABLE,2015–2017,268,NORMAL,142,NORMAL,89,53,126,0.3320895522,0.2784263956,0.3904982769,0.9485832639,0.1977611940,0.1544907711,0.2495736395,1.4642452971,0.4701492537,0.4112381416,0.5299040224,-2.4128285611,0.5298507463,0.4700959776,0.5887618584,2.4128285611,0.6267605634,0.5448538753,0.7019895141,-1.1146084427,0.3732394366,0.2980104859,0.4551461247,1.1146084427
B3_TD_ACCESS_PLUS_SUB_PRESSURE,grappling,UNASSIGNABLE,2018–2020,297,NORMAL,150,NORMAL,88,62,147,0.2962962963,0.2472333549,0.3505614421,-1.4267083985,0.2087542088,0.1663974502,0.2585488299,3.1993645374,0.4949494949,0.4385167260,0.5515112441,-1.7726561389,0.5050505051,0.4484887559,0.5614832740,1.7726561389,0.5866666667,0.5066585676,0.6623465901,-5.0616570328,0.4133333333,0.3376534099,0.4933414324,5.0616570328
B3_TD_ACCESS_PLUS_SUB_PRESSURE,grappling,UNASSIGNABLE,2021–2023,263,NORMAL,134,NORMAL,94,40,129,0.3574144487,0.3019298103,0.4170044201,2.7853862784,0.1520912548,0.1137224558,0.2004770662,-2.7669064821,0.4904942966,0.4306500896,0.5506121924,-0.0184797963,0.5095057034,0.4493878076,0.5693499104,0.0184797963,0.7014925373,0.6192792074,0.7724752072,5.4433713784,0.2985074627,0.2275247928,0.3807207926,-5.4433713784
B3_TD_ACCESS_PLUS_SUB_PRESSURE,grappling,UNASSIGNABLE,2024–2026,234,NORMAL,132,NORMAL,96,36,102,0.4102564103,0.3491770557,0.4742347237,9.2618144188,0.1538461538,0.1132439387,0.2056300675,-2.0294354375,0.4358974359,0.3739046941,0.4999608626,-7.2323789813,0.5641025641,0.5000391374,0.6260953059,7.2323789813,0.7272727273,0.6456767943,0.7960145754,8.1376070738,0.2727272727,0.2039854246,0.3543232057,-8.1376070738
B4_SUB_PRESSURE_POOR_TD_ACCESS,grappling,MATCH,2015–2017,674,NORMAL,353,NORMAL,196,157,321,0.2908011869,0.2577788031,0.3261947111,-3.1802532656,0.2329376855,0.2025938111,0.2663085475,4.9818944401,0.4762611276,0.4387974841,0.5139938366,-1.8016411745,0.5237388724,0.4860061634,0.5612025159,1.8016411745,0.5552407932,0.5030826060,0.6062096274,-8.2665854607,0.4447592068,0.3937903726,0.4969173940,8.2665854607
B4_SUB_PRESSURE_POOR_TD_ACCESS,grappling,MATCH,2018–2020,615,NORMAL,328,NORMAL,192,136,287,0.3121951220,0.2768329651,0.3498888766,0.1631741670,0.2211382114,0.1901255106,0.2556129817,4.4377648002,0.4666666667,0.4275668310,0.5061803357,-4.6009389671,0.5333333333,0.4938196643,0.5724331690,4.6009389671,0.5853658537,0.5313619481,0.6373933370,-5.1917383336,0.4146341463,0.3626066630,0.4686380519,5.1917383336
B4_SUB_PRESSURE_POOR_TD_ACCESS,grappling,MATCH,2021–2023,556,NORMAL,301,NORMAL,175,126,255,0.3147482014,0.2775283383,0.3545103456,-1.4812384447,0.2266187050,0.1937653673,0.2632237584,4.6858385462,0.4586330935,0.4176402966,0.5001935843,-3.2046001015,0.5413669065,0.4998064157,0.5823597034,3.2046001015,0.5813953488,0.5249806673,0.6357586239,-6.5663474692,0.4186046512,0.3642413761,0.4750193327,6.5663474692
B4_SUB_PRESSURE_POOR_TD_ACCESS,grappling,MATCH,2024–2026,457,NORMAL,232,NORMAL,126,106,225,0.2757111597,0.2367384092,0.3184231413,-4.1927106331,0.2319474836,0.1955815341,0.2727822702,5.7806975367,0.4923413567,0.4467603460,0.5380500484,-1.5879869036,0.5076586433,0.4619499516,0.5532396540,1.5879869036,0.5431034483,0.4788222162,0.6059805157,-10.2793208259,0.4568965517,0.3940194843,0.5211777838,10.2793208259
B4_SUB_PRESSURE_POOR_TD_ACCESS,grappling,NO_MATCH,2015–2017,510,NORMAL,239,NORMAL,182,57,271,0.3568627451,0.3164965470,0.3993691204,3.4259025499,0.1117647059,0.0872702790,0.1420639967,-7.1354035176,0.5313725490,0.4879907357,0.5742852824,3.7095009678,0.4686274510,0.4257147176,0.5120092643,-3.7095009678,0.7615062762,0.7036105250,0.8111285999,12.3599628343,0.2384937238,0.1888714001,0.2963894750,-12.3599628343
B4_SUB_PRESSURE_POOR_TD_ACCESS,grappling,NO_MATCH,2018–2020,577,NORMAL,254,NORMAL,181,73,323,0.3136915078,0.2771697834,0.3526775756,0.3128127517,0.1265164645,0.1018393177,0.1561337601,-5.0244098909,0.5597920277,0.5190243855,0.5997687877,4.7115971392,0.4402079723,0.4002312123,0.4809756145,-4.7115971392,0.7125984252,0.6541021866,0.7647598556,7.5315188203,0.2874015748,0.2352401444,0.3458978134,-7.5315188203
B4_SUB_PRESSURE_POOR_TD_ACCESS,grappling,NO_MATCH,2021–2023,732,NORMAL,358,NORMAL,248,110,374,0.3387978142,0.3054315917,0.3738471480,0.9237228322,0.1502732240,0.1262156779,0.1779822660,-2.9487095530,0.5109289617,0.4747539865,0.5469898278,2.0249867208,0.4890710383,0.4530101722,0.5252460135,-2.0249867208,0.6927374302,0.6431106354,0.7382718642,4.5678606638,0.3072625698,0.2617281358,0.3568893646,-4.5678606638
B4_SUB_PRESSURE_POOR_TD_ACCESS,grappling,NO_MATCH,2024–2026,669,NORMAL,304,NORMAL,209,95,365,0.3124065770,0.2784411091,0.3485141019,-0.5231689088,0.1420029895,0.1175933792,0.1705004299,-3.2137518685,0.5455904335,0.5077066415,0.5829536458,3.7369207773,0.4544095665,0.4170463542,0.4922933585,-3.7369207773,0.6875000000,0.6333293327,0.7369911577,4.1603343465,0.3125000000,0.2630088423,0.3666706673,-4.1603343465
B4_SUB_PRESSURE_POOR_TD_ACCESS,grappling,UNASSIGNABLE,2015–2017,214,NORMAL,115,NORMAL,73,42,99,0.3411214953,0.2809051824,0.4069411974,1.8517775728,0.1962616822,0.1486050331,0.2546306930,1.3142941184,0.4626168224,0.3970616991,0.5294903903,-3.1660716912,0.5373831776,0.4705096097,0.6029383009,3.1660716912,0.6347826087,0.5437493063,0.7171024226,-0.3124039112,0.3652173913,0.2828975774,0.4562506937,0.3124039112
B4_SUB_PRESSURE_POOR_TD_ACCESS,grappling,UNASSIGNABLE,2018–2020,228,NORMAL,110,NORMAL,68,42,118,0.2982456140,0.2426050185,0.3605720816,-1.2317766247,0.1842105263,0.1392695651,0.2396163307,0.7449962936,0.5175438596,0.4529311792,0.5815751600,0.4867803311,0.4824561404,0.4184248400,0.5470688208,-0.4867803311,0.6181818182,0.5248597632,0.7035280339,-1.9101418812,0.3818181818,0.2964719661,0.4751402368,1.9101418812
B4_SUB_PRESSURE_POOR_TD_ACCESS,grappling,UNASSIGNABLE,2021–2023,214,NORMAL,106,NORMAL,72,34,108,0.3364485981,0.2765221178,0.4021432732,0.6888012245,0.1588785047,0.1159781577,0.2138096578,-2.0881814901,0.5046728972,0.4381964394,0.5709845495,1.3993802656,0.4953271028,0.4290154505,0.5618035606,-1.3993802656,0.6792452830,0.5854617194,0.7604914426,3.2186459489,0.3207547170,0.2395085574,0.4145382806,-3.2186459489
B4_SUB_PRESSURE_POOR_TD_ACCESS,grappling,UNASSIGNABLE,2024–2026,212,NORMAL,122,NORMAL,90,32,90,0.4245283019,0.3599182890,0.4918247442,10.6890035818,0.1509433962,0.1089943259,0.2053172025,-2.3197111995,0.4245283019,0.3599182890,0.4918247442,-8.3692923823,0.5754716981,0.5081752558,0.6400817110,8.3692923823,0.7377049180,0.6532518201,0.8076455705,9.1808261498,0.2622950820,0.1923544295,0.3467481799,-9.1808261498
B5_SUB_PRESSURE_VS_SUB_VULNERABILITY,grappling,MATCH,2015–2017,332,NORMAL,178,NORMAL,87,91,154,0.2620481928,0.2176601270,0.3118797918,-6.0555526828,0.2740963855,0.2289045159,0.3244561665,9.0977644484,0.4638554217,0.4109321398,0.5176055694,-3.0422117655,0.5361445783,0.4823944306,0.5890678602,3.0422117655,0.4887640449,0.4163466141,0.5616562020,-14.9142602864,0.5112359551,0.4383437980,0.5836533859,14.9142602864
B5_SUB_PRESSURE_VS_SUB_VULNERABILITY,grappling,MATCH,2018–2020,239,NORMAL,140,NORMAL,65,75,99,0.2719665272,0.2194921520,0.3316553311,-3.8596853085,0.3138075314,0.2583150997,0.3751906434,13.7046968000,0.4142259414,0.3536137794,0.4775517876,-9.8450114915,0.5857740586,0.5224482124,0.6463862206,9.8450114915,0.4642857143,0.3837324781,0.5467465362,-17.2997522709,0.5357142857,0.4532534638,0.6162675219,17.2997522709
B5_SUB_PRESSURE_VS_SUB_VULNERABILITY,grappling,MATCH,2021–2023,197,NORMAL,123,NORMAL,56,67,74,0.2842639594,0.2258720596,0.3509085488,-4.5296626495,0.3401015228,0.2775699836,0.4087497615,16.0341203269,0.3756345178,0.3109943297,0.4450321387,-11.5044576774,0.6243654822,0.5549678613,0.6890056703,11.5044576774,0.4552845528,0.3699631954,0.5433143709,-19.1774270684,0.5447154472,0.4566856291,0.6300368046,19.1774270684
B5_SUB_PRESSURE_VS_SUB_VULNERABILITY,grappling,MATCH,2024–2026,155,NORMAL,92,MODERATE_UNCERTAINTY,39,53,63,0.2516129032,0.1898699080,0.3253700012,-6.6025362843,0.3419354839,0.2718904153,0.4196258906,16.7794975650,0.4064516129,0.3322971708,0.4851308470,-10.1769612807,0.5935483871,0.5148691530,0.6677028292,10.1769612807,0.4239130435,0.3279798490,0.5259455798,-22.1983613057,0.5760869565,0.4740544202,0.6720201510,22.1983613057
B5_SUB_PRESSURE_VS_SUB_VULNERABILITY,grappling,NO_MATCH,2015–2017,895,NORMAL,442,NORMAL,316,126,453,0.3530726257,0.3224502743,0.3849508503,3.0468906099,0.1407821229,0.1195286369,0.1651060518,-4.2336618154,0.5061452514,0.4734343345,0.5388036413,1.1867712055,0.4938547486,0.4611963587,0.5265656655,-1.1867712055,0.7149321267,0.6711344667,0.7550259906,7.7025478889,0.2850678733,0.2449740094,0.3288655333,-7.7025478889
B5_SUB_PRESSURE_VS_SUB_VULNERABILITY,grappling,NO_MATCH,2018–2020,989,NORMAL,452,NORMAL,329,123,537,0.3326592518,0.3039918664,0.3626215722,2.2095871488,0.1243680485,0.1052431402,0.1463997144,-5.2392514846,0.5429726997,0.5118197935,0.5737930697,3.0296643359,0.4570273003,0.4262069303,0.4881802065,-3.0296643359,0.7278761062,0.6850548904,0.7668566153,9.0592869200,0.2721238938,0.2331433847,0.3149451096,-9.0592869200
B5_SUB_PRESSURE_VS_SUB_VULNERABILITY,grappling,NO_MATCH,2021–2023,1150,NORMAL,554,NORMAL,379,175,596,0.3295652174,0.3030045659,0.3572607184,0.0004631506,0.1521739130,0.1325744067,0.1740894388,-2.7586406530,0.5182608696,0.4893693096,0.5470308386,2.7581775025,0.4817391304,0.4529691614,0.5106306904,-2.7581775025,0.6841155235,0.6442504326,0.7214448681,3.7056699936,0.3158844765,0.2785551319,0.3557495674,-3.7056699936
B5_SUB_PRESSURE_VS_SUB_VULNERABILITY,grappling,NO_MATCH,2024–2026,1057,NORMAL,493,NORMAL,337,156,564,0.3188268685,0.2914319532,0.3475338915,0.1188602427,0.1475875118,0.1274816922,0.1702456036,-2.6552996395,0.5335856197,0.5034437422,0.5634842605,2.5364393968,0.4664143803,0.4365157395,0.4965562578,-2.5364393968,0.6835699797,0.6412311048,0.7230702167,3.7673323181,0.3164300203,0.2769297833,0.3587688952,-3.7673323181
B5_SUB_PRESSURE_VS_SUB_VULNERABILITY,grappling,UNASSIGNABLE,2015–2017,171,NORMAL,87,MODERATE_UNCERTAINTY,48,39,84,0.2807017544,0.2187415240,0.3522984312,-4.1901965213,0.2280701754,0.1715643814,0.2965251631,4.4951434380,0.4912280702,0.4173187004,0.5655228978,-0.3049469166,0.5087719298,0.4344771022,0.5826812996,0.3049469166,0.5517241379,0.4472454775,0.6518282287,-8.6182509877,0.4482758621,0.3481717713,0.5527545225,8.6182509877
B5_SUB_PRESSURE_VS_SUB_VULNERABILITY,grappling,UNASSIGNABLE,2018–2020,192,NORMAL,100,NORMAL,47,53,92,0.2447916667,0.1893717418,0.3102234890,-6.5771713615,0.2760416667,0.2176712667,0.3431980175,9.9281103286,0.4791666667,0.4096078946,0.5495427365,-3.3509389671,0.5208333333,0.4504572635,0.5903921054,3.3509389671,0.4700000000,0.3751081796,0.5671114303,-16.7283236994,0.5300000000,0.4328885697,0.6248918204,16.7283236994
B5_SUB_PRESSURE_VS_SUB_VULNERABILITY,grappling,UNASSIGNABLE,2021–2023,155,NORMAL,88,MODERATE_UNCERTAINTY,60,28,67,0.3870967742,0.3140299306,0.4656245736,5.7536188308,0.1806451613,0.1280425766,0.2486944495,0.0884841716,0.4322580645,0.3568394796,0.5109532229,-5.8421030024,0.5677419355,0.4890467771,0.6431605204,5.8421030024,0.6818181818,0.5786523452,0.7697741760,3.4759358289,0.3181818182,0.2302258240,0.4213476548,-3.4759358289
B5_SUB_PRESSURE_VS_SUB_VULNERABILITY,grappling,UNASSIGNABLE,2024–2026,126,NORMAL,73,MODERATE_UNCERTAINTY,49,24,53,0.3888888889,0.3082596235,0.4760927687,7.1250622820,0.1904761905,0.1314733114,0.2677940666,1.6335682255,0.4206349206,0.3380383134,0.5079276810,-8.7586305075,0.5793650794,0.4920723190,0.6619616866,8.7586305075,0.6712328767,0.5572900614,0.7680551414,2.5336220177,0.3287671233,0.2319448586,0.4427099386,-2.5336220177
C1_DAMAGE_PLUS_SUBMISSION_ACCESS,mixed,MATCH,2015–2017,7,INSUFFICIENT,4,INSUFFICIENT,4,0,3,0.5714285714,0.2504583645,0.8417801447,24.8824851829,0.0000000000,0.0000000000,0.3543304351,-18.3118741059,0.4285714286,0.1582198553,0.7495416355,-6.5706110770,0.5714285714,0.2504583645,0.8417801447,6.5706110770,1.0000000000,0.5101091635,1.0000000000,36.2093352192,0.0000000000,0.0000000000,0.4898908365,-36.2093352192
C1_DAMAGE_PLUS_SUBMISSION_ACCESS,mixed,MATCH,2018–2020,6,INSUFFICIENT,3,INSUFFICIENT,2,1,3,0.3333333333,0.0967714111,0.7000066849,2.2769953052,0.1666666667,0.0300533697,0.5635028222,-1.0093896714,0.5000000000,0.1876163065,0.8123836935,-1.2676056338,0.5000000000,0.1876163065,0.8123836935,1.2676056338,0.6666666667,0.2076596008,0.9385080553,2.9383429672,0.3333333333,0.0614919447,0.7923403992,-2.9383429672
C1_DAMAGE_PLUS_SUBMISSION_ACCESS,mixed,MATCH,2021–2023,10,INSUFFICIENT,8,INSUFFICIENT,3,5,2,0.3000000000,0.1077912674,0.6032218525,-2.9560585885,0.5000000000,0.2365930905,0.7634069095,32.0239680426,0.2000000000,0.0566821515,0.5098375285,-29.0679094541,0.8000000000,0.4901624715,0.9433178485,29.0679094541,0.3750000000,0.1368442858,0.6942576054,-27.2058823529,0.6250000000,0.3057423946,0.8631557142,27.2058823529
C1_DAMAGE_PLUS_SUBMISSION_ACCESS,mixed,MATCH,2024–2026,13,INSUFFICIENT,8,INSUFFICIENT,3,5,5,0.2307692308,0.0817952872,0.5025637595,-8.6869035300,0.3846153846,0.1770970780,0.6447710849,21.0474876394,0.3846153846,0.1770970780,0.6447710849,-12.3605841095,0.6153846154,0.3552289151,0.8229029220,12.3605841095,0.3750000000,0.1368442858,0.6942576054,-27.0896656535,0.6250000000,0.3057423946,0.8631557142,27.0896656535
C1_DAMAGE_PLUS_SUBMISSION_ACCESS,mixed,NO_MATCH,2015–2017,1115,NORMAL,557,NORMAL,357,200,558,0.3201793722,0.2934523736,0.3481411723,-0.2424347402,0.1793721973,0.1579651704,0.2029809276,-0.3746543749,0.5004484305,0.4711491829,0.5297445988,0.6170891151,0.4995515695,0.4702554012,0.5288508171,-0.6170891151,0.6409335727,0.6002536469,0.6796828620,0.3026924903,0.3590664273,0.3203171380,0.3997463531,-0.3026924903
C1_DAMAGE_PLUS_SUBMISSION_ACCESS,mixed,NO_MATCH,2018–2020,1107,NORMAL,534,NORMAL,349,185,573,0.3152664860,0.2885752727,0.3432353725,0.4703105717,0.1671183379,0.1462998627,0.1902391239,-0.9642225530,0.5176151762,0.4881694221,0.5469390983,0.4939119814,0.4823848238,0.4530609017,0.5118305779,-0.4939119814,0.6535580524,0.6122322391,0.6926903311,1.6274815440,0.3464419476,0.3073096689,0.3877677609,-1.6274815440
C1_DAMAGE_PLUS_SUBMISSION_ACCESS,mixed,NO_MATCH,2021–2023,1219,NORMAL,616,NORMAL,395,221,603,0.3240360952,0.2983516485,0.3508260949,-0.5524490726,0.1812961444,0.1606807451,0.2039139091,0.1535824807,0.4946677605,0.4666619132,0.5227071093,0.3988665919,0.5053322395,0.4772928907,0.5333380868,-0.3988665919,0.6412337662,0.6025892179,0.6781277260,-0.5825057296,0.3587662338,0.3218722740,0.3974107821,0.5825057296
C1_DAMAGE_PLUS_SUBMISSION_ACCESS,mixed,NO_MATCH,2024–2026,1086,NORMAL,514,NORMAL,325,189,572,0.2992633517,0.2727741164,0.3271676948,-1.8374914319,0.1740331492,0.1526434181,0.1977208075,-0.0107359050,0.5267034991,0.4969666334,0.5562521164,1.8482273369,0.4732965009,0.4437478836,0.5030333666,-1.8482273369,0.6322957198,0.5897729940,0.6728556497,-1.3600936691,0.3677042802,0.3271443503,0.4102270060,1.3600936691
C1_DAMAGE_PLUS_SUBMISSION_ACCESS,mixed,UNASSIGNABLE,2015–2017,276,NORMAL,146,NORMAL,90,56,130,0.3260869565,0.2734986305,0.3834499846,0.3483236922,0.2028985507,0.1596826041,0.2542712800,1.9779809666,0.4710144928,0.4129278368,0.5298969324,-2.3263046588,0.5289855072,0.4701030676,0.5870721632,2.3263046588,0.6164383562,0.5355396076,0.6913668859,-2.1468291643,0.3835616438,0.3086331141,0.4644603924,2.1468291643
C1_DAMAGE_PLUS_SUBMISSION_ACCESS,mixed,UNASSIGNABLE,2018–2020,307,NORMAL,155,NORMAL,90,65,152,0.2931596091,0.2450465172,0.3463850747,-1.7403771161,0.2117263844,0.1697338752,0.2608440128,3.4965820985,0.4951140065,0.4395931599,0.5507556179,-1.7562049823,0.5048859935,0.4492443821,0.5604068401,1.7562049823,0.5806451613,0.5019317009,0.6554579390,-5.6638075704,0.4193548387,0.3445420610,0.4980682991,5.6638075704
C1_DAMAGE_PLUS_SUBMISSION_ACCESS,mixed,UNASSIGNABLE,2021–2023,273,NORMAL,141,NORMAL,97,44,132,0.3553113553,0.3009050078,0.4137331091,2.5750769426,0.1611721612,0.1223067427,0.2094407463,-1.8588158402,0.4835164835,0.4248785107,0.5426119077,-0.7162611024,0.5164835165,0.4573880923,0.5751214893,0.7162611024,0.6879432624,0.6073380379,0.7585792929,4.0884438882,0.3120567376,0.2414207071,0.3926619621,-4.0884438882
C1_DAMAGE_PLUS_SUBMISSION_ACCESS,mixed,UNASSIGNABLE,2024–2026,239,NORMAL,136,NORMAL,97,39,103,0.4058577406,0.3455673668,0.4691265482,8.8219474517,0.1631799163,0.1217268105,0.2152891966,-1.0960591903,0.4309623431,0.3697608125,0.4943480585,-7.7258882614,0.5690376569,0.5056519415,0.6302391875,7.7258882614,0.7132352941,0.6321926582,0.7825627404,6.7338637583,0.2867647059,0.2174372596,0.3678073418,-6.7338637583
C2_BOTH_HIGH_FINISH_HISTORY,mixed,MATCH,2015–2017,515,NORMAL,281,NORMAL,181,100,234,0.3514563107,0.3114608656,0.3936513659,2.8852591080,0.1941747573,0.1623271181,0.2305510055,1.1056016223,0.4543689320,0.4118619809,0.4975515804,-3.9908607303,0.5456310680,0.5024484196,0.5881380191,3.9908607303,0.6441281139,0.5865497950,0.6978189213,0.6221466071,0.3558718861,0.3021810787,0.4134502050,-0.6221466071
C2_BOTH_HIGH_FINISH_HISTORY,mixed,MATCH,2018–2020,487,NORMAL,285,NORMAL,194,91,202,0.3983572895,0.3558359666,0.4424695795,8.7793909246,0.1868583162,0.1547381391,0.2238799574,1.0097752841,0.4147843943,0.3718602518,0.4590423778,-9.7891662088,0.5852156057,0.5409576222,0.6281397482,9.7891662088,0.6807017544,0.6244803909,0.7321166171,4.3418517392,0.3192982456,0.2678833829,0.3755196091,-4.3418517392
C2_BOTH_HIGH_FINISH_HISTORY,mixed,MATCH,2021–2023,504,NORMAL,288,NORMAL,186,102,216,0.3690476190,0.3280579862,0.4120183748,3.9487033162,0.2023809524,0.1696162679,0.2396481890,2.2620632807,0.4285714286,0.3860679140,0.4721555557,-6.2107665969,0.5714285714,0.5278444443,0.6139320860,6.2107665969,0.6458333333,0.5890097191,0.6988177895,-0.1225490196,0.3541666667,0.3011822105,0.4109902809,0.1225490196
C2_BOTH_HIGH_FINISH_HISTORY,mixed,MATCH,2024–2026,492,NORMAL,253,NORMAL,172,81,239,0.3495934959,0.3087714341,0.3927460623,3.1955229866,0.1646341463,0.1344872358,0.1999774522,-0.9506361880,0.4857723577,0.4418907426,0.5298744260,-2.2448867986,0.5142276423,0.4701255740,0.5581092574,2.2448867986,0.6798418972,0.6200326622,0.7342715082,3.3945240698,0.3201581028,0.2657284918,0.3799673378,-3.3945240698
C2_BOTH_HIGH_FINISH_HISTORY,mixed,NO_MATCH,2015–2017,713,NORMAL,331,NORMAL,211,120,382,0.2959326788,0.2635934647,0.3304590327,-2.6671040778,0.1683029453,0.1426345520,0.1975263802,-1.4815795757,0.5357643759,0.4990638262,0.5720816124,4.1486836535,0.4642356241,0.4279183876,0.5009361738,-4.1486836535,0.6374622356,0.5843699401,0.6874004682,-0.0444412158,0.3625377644,0.3125995318,0.4156300599,0.0444412158
C2_BOTH_HIGH_FINISH_HISTORY,mixed,NO_MATCH,2018–2020,756,NORMAL,312,NORMAL,193,119,444,0.2552910053,0.2255009161,0.2875553988,-5.5272374991,0.1574074074,0.1331870323,0.1850918086,-1.9353155973,0.5873015873,0.5518521602,0.6218682896,7.4625530964,0.4126984127,0.3781317104,0.4481478398,-7.4625530964,0.6185897436,0.5635592727,0.6707354912,-1.8693493404,0.3814102564,0.3292645088,0.4364407273,1.8693493404
C2_BOTH_HIGH_FINISH_HISTORY,mixed,NO_MATCH,2021–2023,852,NORMAL,396,NORMAL,253,143,456,0.2969483568,0.2672346297,0.3284848853,-3.2612229078,0.1678403756,0.1442487385,0.1944138209,-1.1919943987,0.5352112676,0.5016378179,0.5684686246,4.4532173065,0.4647887324,0.4315313754,0.4983621821,-4.4532173065,0.6388888889,0.5904555255,0.6846535148,-0.8169934641,0.3611111111,0.3153464852,0.4095444745,0.8169934641
C2_BOTH_HIGH_FINISH_HISTORY,mixed,NO_MATCH,2024–2026,720,NORMAL,331,NORMAL,200,131,389,0.2777777778,0.2463063063,0.3116079357,-3.9860488291,0.1819444444,0.1554765071,0.2117882518,0.7803936223,0.5402777778,0.5037570363,0.5763710073,3.2056552068,0.4597222222,0.4236289927,0.4962429637,-3.2056552068,0.6042296073,0.5506419209,0.6554257514,-4.1667049284,0.3957703927,0.3445742486,0.4493580791,4.1667049284
C2_BOTH_HIGH_FINISH_HISTORY,mixed,UNASSIGNABLE,2015–2017,170,NORMAL,95,MODERATE_UNCERTAINTY,59,36,75,0.3470588235,0.2795941698,0.4212827076,2.4455103930,0.2117647059,0.1570677147,0.2792002465,2.8645964824,0.4411764706,0.3686549254,0.5162977198,-5.3101068754,0.5588235294,0.4837022802,0.6313450746,5.3101068754,0.6210526316,0.5205939202,0.7121019574,-1.6854016229,0.3789473684,0.2878980426,0.4794060798,1.6854016229
C2_BOTH_HIGH_FINISH_HISTORY,mixed,UNASSIGNABLE,2018–2020,177,NORMAL,95,MODERATE_UNCERTAINTY,54,41,82,0.3050847458,0.2419894075,0.3764609166,-0.5478634519,0.2316384181,0.1755877512,0.2990902313,5.4877854699,0.4632768362,0.3913761364,0.5367376928,-4.9399220180,0.5367231638,0.4632623072,0.6086238636,4.9399220180,0.5684210526,0.4680820899,0.6634416670,-6.8862184363,0.4315789474,0.3365583330,0.5319179101,6.8862184363
C2_BOTH_HIGH_FINISH_HISTORY,mixed,UNASSIGNABLE,2021–2023,146,NORMAL,81,MODERATE_UNCERTAINTY,56,25,65,0.3835616438,0.3086331141,0.4644603924,5.4001057950,0.1712328767,0.1187580743,0.2405647676,-0.8527442862,0.4452054795,0.3670225125,0.5261979611,-4.5473615089,0.5547945205,0.4738020389,0.6329774875,4.5473615089,0.6913580247,0.5840194692,0.7813679302,4.4299201162,0.3086419753,0.2186320698,0.4159805308,-4.4299201162
C2_BOTH_HIGH_FINISH_HISTORY,mixed,UNASSIGNABLE,2024–2026,126,NORMAL,74,MODERATE_UNCERTAINTY,53,21,52,0.4206349206,0.3380383134,0.5079276810,10.2996654566,0.1666666667,0.1116718888,0.2413852875,-0.7473841555,0.4126984127,0.3305604463,0.5000021475,-9.5522813012,0.5873015873,0.4999978525,0.6694395537,9.5522813012,0.7162162162,0.6048274584,0.8062645289,7.0319559681,0.2837837838,0.1937354711,0.3951725416,-7.0319559681
C3_HIGH_FINISH_PRESSURE_FIVE_ROUNDS,mixed,MATCH,2015–2017,128,NORMAL,89,MODERATE_UNCERTAINTY,64,25,39,0.5000000000,0.4146522463,0.5853477537,17.7396280401,0.1953125000,0.1359396128,0.2724407199,1.2193758941,0.3046875000,0.2316056152,0.3891510084,-18.9590039342,0.6953125000,0.6108489916,0.7683943848,18.9590039342,0.7191011236,0.6181658472,0.8019051049,8.1194475788,0.2808988764,0.1980948951,0.3818341528,-8.1194475788
C3_HIGH_FINISH_PRESSURE_FIVE_ROUNDS,mixed,MATCH,2018–2020,135,NORMAL,83,MODERATE_UNCERTAINTY,67,16,52,0.4962962963,0.4132325573,0.5795649831,18.5732916015,0.1185185185,0.0742834860,0.1838631737,-5.8242044862,0.3851851852,0.3073535542,0.4693701978,-12.7490871153,0.6148148148,0.5306298022,0.6926464458,12.7490871153,0.8072289157,0.7095661284,0.8777109705,16.9945678668,0.1927710843,0.1222890295,0.2904338716,-16.9945678668
C3_HIGH_FINISH_PRESSURE_FIVE_ROUNDS,mixed,MATCH,2021–2023,149,NORMAL,77,MODERATE_UNCERTAINTY,54,23,72,0.3624161074,0.2895877880,0.4421603887,3.2855521497,0.1543624161,0.1051161775,0.2209829006,-2.5397903467,0.4832214765,0.4044187742,0.5628675888,-0.7457618031,0.5167785235,0.4371324112,0.5955812258,0.7457618031,0.7012987013,0.5915055579,0.7919610501,5.4239877769,0.2987012987,0.2080389499,0.4084944421,-5.4239877769
C3_HIGH_FINISH_PRESSURE_FIVE_ROUNDS,mixed,MATCH,2024–2026,133,NORMAL,72,MODERATE_UNCERTAINTY,50,22,61,0.3759398496,0.2981934929,0.4606515218,5.8301583555,0.1654135338,0.1118485514,0.2377637608,-0.8726974387,0.4586466165,0.3763124486,0.5433025563,-4.9574609169,0.5413533835,0.4566974437,0.6236875514,4.9574609169,0.6944444444,0.5804575204,0.7887336902,4.8547787909,0.3055555556,0.2112663098,0.4195424796,-4.8547787909
C3_HIGH_FINISH_PRESSURE_FIVE_ROUNDS,mixed,NO_MATCH,2015–2017,1268,NORMAL,617,NORMAL,386,231,651,0.3044164038,0.2797107412,0.3303035443,-1.8187315814,0.1821766562,0.1619016233,0.2043715907,-0.0942084907,0.5134069401,0.4858972531,0.5408356386,1.9129400721,0.4865930599,0.4591643614,0.5141027469,-1.9129400721,0.6256077796,0.5867535831,0.6629075789,-1.2298868229,0.3743922204,0.3370924211,0.4132464169,1.2298868229
C3_HIGH_FINISH_PRESSURE_FIVE_ROUNDS,mixed,NO_MATCH,2018–2020,1285,NORMAL,609,NORMAL,374,235,676,0.2910505837,0.2668662048,0.3164805316,-1.9512796624,0.1828793774,0.1626989783,0.2049501655,0.6118814052,0.5260700389,0.4987321399,0.5532525317,1.3393982572,0.4739299611,0.4467474683,0.5012678601,-1.3393982572,0.6141215107,0.5748582186,0.6519541127,-2.3161726321,0.3858784893,0.3480458873,0.4251417814,2.3161726321
C3_HIGH_FINISH_PRESSURE_FIVE_ROUNDS,mixed,NO_MATCH,2021–2023,1353,NORMAL,688,NORMAL,441,247,665,0.3259423503,0.3014899255,0.3513803513,-0.3618235553,0.1825572801,0.1628816477,0.2040303859,0.2796960544,0.4915003695,0.4649238624,0.5181250046,0.0821275009,0.5084996305,0.4818749954,0.5350761376,-0.0821275009,0.6409883721,0.6044512343,0.6759598303,-0.6070451436,0.3590116279,0.3240401697,0.3955487657,0.6070451436
C3_HIGH_FINISH_PRESSURE_FIVE_ROUNDS,mixed,NO_MATCH,2024–2026,1205,NORMAL,586,NORMAL,375,211,619,0.3112033195,0.2856969514,0.3379096045,-0.6434946567,0.1751037344,0.1546868229,0.1975855580,0.0963226219,0.5136929461,0.4854739722,0.5418248930,0.5471720348,0.4863070539,0.4581751070,0.5145260278,-0.5471720348,0.6399317406,0.6002714668,0.6777693483,-0.5964915921,0.3600682594,0.3222306517,0.3997285332,0.5964915921
C3_HIGH_FINISH_PRESSURE_FIVE_ROUNDS,mixed,UNASSIGNABLE,2015–2017,2,INSUFFICIENT,1,INSUFFICIENT,1,0,1,0.5000000000,0.0945312057,0.9054687943,17.7396280401,0.0000000000,0.0000000000,0.6576197725,-18.3118741059,0.5000000000,0.0945312057,0.9054687943,0.5722460658,0.5000000000,0.0945312057,0.9054687943,-0.5722460658,1.0000000000,0.2065493144,1.0000000000,36.2093352192,0.0000000000,0.0000000000,0.7934506856,-36.2093352192
C3_HIGH_FINISH_PRESSURE_FIVE_ROUNDS,mixed,UNASSIGNABLE,2018–2020,0,INSUFFICIENT,0,INSUFFICIENT,0,0,0,,,,,,,,,,,,,,,,,,,,,,,,
C3_HIGH_FINISH_PRESSURE_FIVE_ROUNDS,mixed,UNASSIGNABLE,2021–2023,0,INSUFFICIENT,0,INSUFFICIENT,0,0,0,,,,,,,,,,,,,,,,,,,,,,,,
C3_HIGH_FINISH_PRESSURE_FIVE_ROUNDS,mixed,UNASSIGNABLE,2024–2026,0,INSUFFICIENT,0,INSUFFICIENT,0,0,0,,,,,,,,,,,,,,,,,,,,,,,,
D1_LOW_DAMAGE_STRONG_DEFENSE,survival,MATCH,2015–2017,31,THIN_EXPLORATORY,11,INSUFFICIENT,7,4,20,0.2258064516,0.1139513556,0.3981241838,-9.6797267987,0.1290322581,0.0513428437,0.2885240626,-5.4086482994,0.6451612903,0.4694795406,0.7888334091,15.0883750981,0.3548387097,0.2111665909,0.5305204594,-15.0883750981,0.6363636364,0.3538011745,0.8483352890,-0.1543011444,0.3636363636,0.1516647110,0.6461988255,0.1543011444
D1_LOW_DAMAGE_STRONG_DEFENSE,survival,MATCH,2018–2020,43,THIN_EXPLORATORY,14,INSUFFICIENT,5,9,29,0.1162790698,0.0507042774,0.2447916181,-19.4284310514,0.2093023256,0.1142283422,0.3520564271,3.2541762201,0.6744186047,0.5251621097,0.7950670287,16.1742548313,0.3255813953,0.2049329713,0.4748378903,-16.1742548313,0.3571428571,0.1634473175,0.6123557690,-28.0140379851,0.6428571429,0.3876442310,0.8365526825,28.0140379851
D1_LOW_DAMAGE_STRONG_DEFENSE,survival,MATCH,2021–2023,19,INSUFFICIENT,6,INSUFFICIENT,4,2,13,0.2105263158,0.0850767663,0.4333427844,-11.9034270096,0.1052631579,0.0293585603,0.3139408271,-7.4497161679,0.6842105263,0.4601040768,0.8463562091,19.3531431775,0.3157894737,0.1536437909,0.5398959232,-19.3531431775,0.6666666667,0.2999933151,0.9032285889,1.9607843137,0.3333333333,0.0967714111,0.7000066849,-1.9607843137
D1_LOW_DAMAGE_STRONG_DEFENSE,survival,MATCH,2024–2026,12,INSUFFICIENT,0,INSUFFICIENT,0,0,12,0.0000000000,0.0000000000,0.2424940067,-31.7638266069,0.0000000000,0.0000000000,0.2424940067,-17.4140508221,1.0000000000,0.7575059933,1.0000000000,49.1778774290,0.0000000000,0.0000000000,0.2424940067,-49.1778774290,,,,,,,,
D1_LOW_DAMAGE_STRONG_DEFENSE,survival,NO_MATCH,2015–2017,1288,NORMAL,656,NORMAL,425,231,632,0.3299689441,0.3048290104,0.3561200968,0.7365224500,0.1793478261,0.1593591554,0.2012434988,-0.3770914972,0.4906832298,0.4634501529,0.5179717160,-0.3594309528,0.5093167702,0.4820282840,0.5365498471,0.3594309528,0.6478658537,0.6105509389,0.6834590803,0.9959205851,0.3521341463,0.3165409197,0.3894490611,-0.9959205851
D1_LOW_DAMAGE_STRONG_DEFENSE,survival,NO_MATCH,2018–2020,1290,NORMAL,642,NORMAL,414,228,648,0.3209302326,0.2960190962,0.3469046973,1.0366852276,0.1767441860,0.1568969160,0.1985109708,-0.0016377334,0.5023255814,0.4750745507,0.5295628027,-1.0350474943,0.4976744186,0.4704371973,0.5249254493,1.0350474943,0.6448598131,0.6070803714,0.6809160052,0.7576576090,0.3551401869,0.3190839948,0.3929196286,-0.7576576090
D1_LOW_DAMAGE_STRONG_DEFENSE,survival,NO_MATCH,2021–2023,1431,NORMAL,733,NORMAL,472,261,698,0.3298392732,0.3059636725,0.3546260066,0.0278687350,0.1823899371,0.1632410665,0.2032394639,0.2629617533,0.4877707897,0.4619400752,0.5136669859,-0.2908304883,0.5122292103,0.4863330141,0.5380599248,0.2908304883,0.6439290587,0.6085966577,0.6777607364,-0.3129764866,0.3560709413,0.3222392636,0.3914033423,0.3129764866
D1_LOW_DAMAGE_STRONG_DEFENSE,survival,NO_MATCH,2024–2026,1270,NORMAL,630,NORMAL,404,226,640,0.3181102362,0.2930766537,0.3442408501,0.0471970152,0.1779527559,0.1578980213,0.1999498534,0.3812247684,0.5039370079,0.4764685210,0.5313817495,-0.4284217836,0.4960629921,0.4686182505,0.5235314790,0.4284217836,0.6412698413,0.6030648948,0.6777624281,-0.4626815265,0.3587301587,0.3222375719,0.3969351052,0.4626815265
D1_LOW_DAMAGE_STRONG_DEFENSE,survival,UNASSIGNABLE,2015–2017,79,MODERATE_UNCERTAINTY,40,THIN_EXPLORATORY,19,21,39,0.2405063291,0.1597218010,0.3453569291,-8.2097390486,0.2658227848,0.1809333769,0.3724303551,8.2704043751,0.4936708861,0.3863027218,0.6016260278,-0.0606653266,0.5063291139,0.3983739722,0.6136972782,0.0606653266,0.4750000000,0.3293547011,0.6250263789,-16.2906647808,0.5250000000,0.3749736211,0.6706452989,16.2906647808
D1_LOW_DAMAGE_STRONG_DEFENSE,survival,UNASSIGNABLE,2018–2020,87,MODERATE_UNCERTAINTY,36,THIN_EXPLORATORY,22,14,51,0.2528735632,0.1733321116,0.3533157367,-5.7689817063,0.1609195402,0.0983464440,0.2521703711,-1.5841023150,0.5862068966,0.4812159673,0.6839068764,7.3530840214,0.4137931034,0.3160931236,0.5187840327,-7.3530840214,0.6111111111,0.4486445910,0.7521512693,-2.6172125883,0.3888888889,0.2478487307,0.5513554090,2.6172125883
D1_LOW_DAMAGE_STRONG_DEFENSE,survival,UNASSIGNABLE,2021–2023,52,MODERATE_UNCERTAINTY,26,THIN_EXPLORATORY,19,7,26,0.3653846154,0.2480069987,0.5012832187,3.5824029499,0.1346153846,0.0667688171,0.2527332017,-4.5144934959,0.5000000000,0.3688586296,0.6311413704,0.9320905459,0.5000000000,0.3688586296,0.6311413704,-0.9320905459,0.7307692308,0.5391695962,0.8629555168,8.3710407240,0.2692307692,0.1370444832,0.4608304038,-8.3710407240
D1_LOW_DAMAGE_STRONG_DEFENSE,survival,UNASSIGNABLE,2024–2026,56,MODERATE_UNCERTAINTY,28,THIN_EXPLORATORY,21,7,28,0.3750000000,0.2601021433,0.5059463409,5.7361733931,0.1250000000,0.0618906870,0.2362547656,-4.9140508221,0.5000000000,0.3733173880,0.6266826120,-0.8221225710,0.5000000000,0.3733173880,0.6266826120,0.8221225710,0.7500000000,0.5664432968,0.8732350508,10.4103343465,0.2500000000,0.1267649492,0.4335567032,-10.4103343465
D2_LOW_TD_ACCESS_LOW_SUB_PRESSURE,survival,MATCH,2015–2017,62,MODERATE_UNCERTAINTY,29,THIN_EXPLORATORY,27,2,33,0.4354838710,0.3194258890,0.5590701203,11.2880151368,0.0322580645,0.0088913715,0.1102046959,-15.0860676543,0.5322580645,0.4098403251,0.6509116703,3.7980525174,0.4677419355,0.3490883297,0.5901596749,-3.7980525174,0.9310344828,0.7803541985,0.9808787338,29.3127834951,0.0689655172,0.0191212662,0.2196458015,-29.3127834951
D2_LOW_TD_ACCESS_LOW_SUB_PRESSURE,survival,MATCH,2018–2020,118,NORMAL,45,THIN_EXPLORATORY,38,7,73,0.3220338983,0.2444883687,0.4108013791,1.1470518023,0.0593220339,0.0290297649,0.1174019915,-11.7438529482,0.6186440678,0.5285768789,0.7012299559,10.5968011459,0.3813559322,0.2987700441,0.4714231211,-10.5968011459,0.8444444444,0.7121609113,0.9225457652,20.7161207450,0.1555555556,0.0774542348,0.2878390887,-20.7161207450
D2_LOW_TD_ACCESS_LOW_SUB_PRESSURE,survival,MATCH,2021–2023,186,NORMAL,89,MODERATE_UNCERTAINTY,73,16,97,0.3924731183,0.3251539869,0.4641438817,6.2912532394,0.0860215054,0.0536419061,0.1351548881,-9.3738814198,0.5215053763,0.4500096525,0.5921307738,3.0826281803,0.4784946237,0.4078692262,0.5499903475,-3.0826281803,0.8202247191,0.7277487805,0.8862010725,17.3165895572,0.1797752809,0.1137989275,0.2722512195,-17.3165895572
D2_LOW_TD_ACCESS_LOW_SUB_PRESSURE,survival,MATCH,2024–2026,195,NORMAL,88,MODERATE_UNCERTAINTY,70,18,107,0.3589743590,0.2949680653,0.4284296590,4.1336092906,0.0923076923,0.0591872297,0.1411807371,-8.1832815914,0.5487179487,0.4786042619,0.6169492515,4.0496723008,0.4512820513,0.3830507485,0.5213957381,-4.0496723008,0.7954545455,0.6996803607,0.8665127362,14.9557888920,0.2045454545,0.1334872638,0.3003196393,-14.9557888920
D2_LOW_TD_ACCESS_LOW_SUB_PRESSURE,survival,NO_MATCH,2015–2017,1225,NORMAL,621,NORMAL,386,235,604,0.3151020408,0.2896996242,0.3416604697,-0.7501678783,0.1918367347,0.1707641674,0.2148359891,0.8717993635,0.4930612245,0.4651299124,0.5210359189,-0.1216314852,0.5069387755,0.4789640811,0.5348700876,0.1216314852,0.6215780998,0.5827956847,0.6588656165,-1.6328547969,0.3784219002,0.3411343835,0.4172043153,1.6328547969
D2_LOW_TD_ACCESS_LOW_SUB_PRESSURE,survival,NO_MATCH,2018–2020,1172,NORMAL,586,NORMAL,364,222,586,0.3105802048,0.2847432117,0.3376548619,0.0016824496,0.1894197952,0.1680147662,0.2128541472,1.2659231842,0.5000000000,0.4714212183,0.5285787817,-1.2676056338,0.5000000000,0.4714212183,0.5285787817,1.2676056338,0.6211604096,0.5812153383,0.6595273187,-1.6122827438,0.3788395904,0.3404726813,0.4187846617,1.6122827438
D2_LOW_TD_ACCESS_LOW_SUB_PRESSURE,survival,NO_MATCH,2021–2023,1208,NORMAL,623,NORMAL,385,238,585,0.3187086093,0.2930415467,0.3455250357,-1.0851976614,0.1970198675,0.1755656614,0.2203949284,1.7259547976,0.4842715232,0.4561841805,0.5124585824,-0.6407571362,0.5157284768,0.4875414176,0.5438158195,0.6407571362,0.6179775281,0.5792112034,0.6552978545,-2.9081295440,0.3820224719,0.3447021455,0.4207887966,2.9081295440
D2_LOW_TD_ACCESS_LOW_SUB_PRESSURE,survival,NO_MATCH,2024–2026,1005,NORMAL,490,NORMAL,291,199,515,0.2895522388,0.2623544776,0.3183526827,-2.8086027263,0.1980099502,0.1745426483,0.2237770830,2.3869442028,0.5124378109,0.4815463054,0.5432345953,0.4216585235,0.4875621891,0.4567654047,0.5184536946,-0.4216585235,0.5938775510,0.5498268507,0.6364677553,-5.2019105515,0.4061224490,0.3635322447,0.4501731493,5.2019105515
D2_LOW_TD_ACCESS_LOW_SUB_PRESSURE,survival,UNASSIGNABLE,2015–2017,111,NORMAL,57,MODERATE_UNCERTAINTY,38,19,54,0.3423423423,0.2606740497,0.4345579653,1.9738622743,0.1711711712,0.1124094676,0.2519315922,-1.1947569887,0.4864864865,0.3955239537,0.5783530762,-0.7791052855,0.5135135135,0.4216469238,0.6044760463,0.7791052855,0.6666666667,0.5372251158,0.7750619392,2.8760018859,0.3333333333,0.2249380608,0.4627748842,-2.8760018859
D2_LOW_TD_ACCESS_LOW_SUB_PRESSURE,survival,UNASSIGNABLE,2018–2020,130,NORMAL,61,MODERATE_UNCERTAINTY,39,22,69,0.3000000000,0.2278925182,0.3835881063,-1.0563380282,0.1692307692,0.1144956302,0.2429530949,-0.7529794150,0.5307692308,0.4453343635,0.6144378481,1.8093174431,0.4692307692,0.3855621519,0.5546656365,-1.8093174431,0.6393442623,0.5139190537,0.7482588848,0.2061025301,0.3606557377,0.2517411152,0.4860809463,-0.2061025301
D2_LOW_TD_ACCESS_LOW_SUB_PRESSURE,survival,UNASSIGNABLE,2021–2023,108,NORMAL,53,MODERATE_UNCERTAINTY,37,16,55,0.3425925926,0.2598796412,0.4361186017,1.3032006707,0.1481481481,0.0932953153,0.2271713453,-3.1612171426,0.5092592593,0.4162913693,0.6015910870,1.8580164719,0.4907407407,0.3984089130,0.5837086307,-1.8580164719,0.6981132075,0.5646316733,0.8048169727,5.1054384018,0.3018867925,0.1951830273,0.4353683267,-5.1054384018
D2_LOW_TD_ACCESS_LOW_SUB_PRESSURE,survival,UNASSIGNABLE,2024–2026,138,NORMAL,80,MODERATE_UNCERTAINTY,64,16,58,0.4637681159,0.3826756215,0.5468231296,14.6129849873,0.1159420290,0.0726390302,0.1800477309,-5.8198479236,0.4202898551,0.3411880856,0.5037091667,-8.7931370638,0.5797101449,0.4962908333,0.6588119144,8.7931370638,0.8000000000,0.6995375627,0.8729715596,15.4103343465,0.2000000000,0.1270284404,0.3004624373,-15.4103343465
D3_EXPERIENCE_STRONG_DEFENSIVE_PROFILE,survival,MATCH,2015–2017,58,MODERATE_UNCERTAINTY,23,INSUFFICIENT,14,9,35,0.2413793103,0.1495887436,0.3652998025,-8.1224409255,0.1551724138,0.0838449195,0.2693398086,-2.7946327266,0.6034482759,0.4749321595,0.7191124221,10.9170736520,0.3965517241,0.2808875779,0.5250678405,-10.9170736520,0.6086956522,0.4078552239,0.7784237721,-2.9210995634,0.3913043478,0.2215762279,0.5921447761,2.9210995634
D3_EXPERIENCE_STRONG_DEFENSIVE_PROFILE,survival,MATCH,2018–2020,53,MODERATE_UNCERTAINTY,15,INSUFFICIENT,12,3,38,0.2264150943,0.1345463101,0.3552627025,-8.4148285942,0.0566037736,0.0194366615,0.1537020831,-12.0156789795,0.7169811321,0.5842971358,0.8203370955,20.4305075737,0.2830188679,0.1796629045,0.4157028642,-20.4305075737,0.8000000000,0.5481455128,0.9295245065,16.2716763006,0.2000000000,0.0704754935,0.4518544872,-16.2716763006
D3_EXPERIENCE_STRONG_DEFENSIVE_PROFILE,survival,MATCH,2021–2023,46,THIN_EXPLORATORY,17,INSUFFICIENT,13,4,29,0.2826086957,0.1732420238,0.4254856123,-4.6951890233,0.0869565217,0.0343358679,0.2032466407,-9.2803797835,0.6304347826,0.4860009642,0.7547624541,13.9755688068,0.3695652174,0.2452375459,0.5139990358,-13.9755688068,0.7647058824,0.5273820188,0.9044495568,11.7647058824,0.2352941176,0.0955504432,0.4726179812,-11.7647058824
D3_EXPERIENCE_STRONG_DEFENSIVE_PROFILE,survival,MATCH,2024–2026,25,THIN_EXPLORATORY,7,INSUFFICIENT,4,3,18,0.1600000000,0.0640345146,0.3465362161,-15.7638266069,0.1200000000,0.0416681715,0.2995579392,-5.4140508221,0.7200000000,0.5242339481,0.8571614615,21.1778774290,0.2800000000,0.1428385385,0.4757660519,-21.1778774290,0.5714285714,0.2504583645,0.8417801447,-7.4468085106,0.4285714286,0.1582198553,0.7495416355,7.4468085106
D3_EXPERIENCE_STRONG_DEFENSIVE_PROFILE,survival,NO_MATCH,2015–2017,1340,NORMAL,684,NORMAL,437,247,656,0.3261194030,0.3015473228,0.3516855813,0.3515683386,0.1843283582,0.1644797351,0.2059817174,0.1209617150,0.4895522388,0.4628551473,0.5163090615,-0.4725300536,0.5104477612,0.4836909385,0.5371448527,0.4725300536,0.6388888889,0.6022095898,0.6740168539,0.0982241081,0.3611111111,0.3259831461,0.3977904102,-0.0982241081
D3_EXPERIENCE_STRONG_DEFENSIVE_PROFILE,survival,NO_MATCH,2018–2020,1367,NORMAL,677,NORMAL,429,248,690,0.3138258961,0.2897771076,0.3389181024,0.3262515841,0.1814191661,0.1618925445,0.2027312825,0.4658602677,0.5047549378,0.4782746023,0.5312086241,-0.7921118518,0.4952450622,0.4687913759,0.5217253977,0.7921118518,0.6336779911,0.5967256974,0.6691218030,-0.3605245857,0.3663220089,0.3308781970,0.4032743026,0.3605245857
D3_EXPERIENCE_STRONG_DEFENSIVE_PROFILE,survival,NO_MATCH,2021–2023,1456,NORMAL,748,NORMAL,482,266,708,0.3310439560,0.3073444791,0.3556326223,0.1483370158,0.1826923077,0.1636876682,0.2033668880,0.2931988118,0.4862637363,0.4606608440,0.5119389203,-0.4415358277,0.5137362637,0.4880610797,0.5393391560,0.4415358277,0.6443850267,0.6094219000,0.6778727118,-0.2673796791,0.3556149733,0.3221272882,0.3905781000,0.2673796791
D3_EXPERIENCE_STRONG_DEFENSIVE_PROFILE,survival,NO_MATCH,2024–2026,1313,NORMAL,651,NORMAL,421,230,662,0.3206397563,0.2959494533,0.3463765102,0.3001490215,0.1751713633,0.1555668144,0.1966710770,0.1030855069,0.5041888804,0.4771721600,0.5311811615,-0.4032345284,0.4958111196,0.4688188385,0.5228278400,0.4032345284,0.6466973886,0.6092163546,0.6824572977,0.0800732098,0.3533026114,0.3175427023,0.3907836454,-0.0800732098
D3_EXPERIENCE_STRONG_DEFENSIVE_PROFILE,survival,UNASSIGNABLE,2015–2017,0,INSUFFICIENT,0,INSUFFICIENT,0,0,0,,,,,,,,,,,,,,,,,,,,,,,,
D3_EXPERIENCE_STRONG_DEFENSIVE_PROFILE,survival,UNASSIGNABLE,2018–2020,0,INSUFFICIENT,0,INSUFFICIENT,0,0,0,,,,,,,,,,,,,,,,,,,,,,,,
D3_EXPERIENCE_STRONG_DEFENSIVE_PROFILE,survival,UNASSIGNABLE,2021–2023,0,INSUFFICIENT,0,INSUFFICIENT,0,0,0,,,,,,,,,,,,,,,,,,,,,,,,
D3_EXPERIENCE_STRONG_DEFENSIVE_PROFILE,survival,UNASSIGNABLE,2024–2026,0,INSUFFICIENT,0,INSUFFICIENT,0,0,0,,,,,,,,,,,,,,,,,,,,,,,,
