fight_id,event_id,event_date,result,method
e798d342-c284-5fe3-bc9b-a3dec7678be9,3c261678-7231-592e-8113-c75a5f674f28,2015-01-03,no_contest,NO_CONTEST
3e03be24-df68-521a-89af-7fdf938024e5,b7836502-30eb-5a18-b2aa-a02a9174590f,2015-01-31,no_contest,NO_CONTEST
d3381024-4afc-55b0-9eb9-21689a017176,9ea3bc69-e179-5c72-9729-36cac99cf9c3,2015-02-28,no_contest,OTHER
5d45a83a-2a22-594f-9a6c-002f7e0ba4f6,0b700b37-0333-51ad-b493-9858bf9def75,2015-03-21,no_contest,NO_CONTEST
fc854e0d-6c12-5849-8a01-f679f18ea18a,baad582c-8b19-5c13-8041-f80275ee4a24,2015-05-30,no_contest,NO_CONTEST
38c3a66c-2023-5d94-ae8a-f3c38b5d8dfe,47a0ee41-be57-585c-bcd7-f7cab671de23,2015-09-05,win_loss,DQ
fe79d159-ba22-573e-8f75-5dcb40acc999,c0a536a3-f8fe-596c-943d-c8b9e89907aa,2015-11-07,win_loss,DQ
a0c5678e-302a-5097-87bb-1058097b2312,836089c2-f0b4-5de6-960e-01bb630167e4,2015-12-10,no_contest,OTHER
abff2e99-21a1-5500-8105-a7151ba58e08,15640c8a-4d6f-576d-8c10-792df4a41338,2015-12-19,no_contest,OTHER
e44df448-bd0a-5c12-995f-bf5f6a3ec1b3,7911b938-0480-595c-b118-a42948accbee,2016-07-09,no_contest,NO_CONTEST
f24d220e-a4a6-500a-bf9f-5c9f4bff9377,e409ed80-fac4-5e27-9b1f-cd445a03c8cb,2016-11-19,no_contest,NO_CONTEST
3c6986a5-49ac-5955-8c5f-537aa67af830,9d2367cb-007f-5302-8c87-fd033ffd7fb4,2016-12-30,no_contest,OTHER
0d054ff0-d435-5507-add9-a04a280a8a55,fc107cc3-1c29-5179-b75f-6e89d2d87431,2017-02-04,no_contest,NO_CONTEST
a3f7c6e6-def0-5a7c-92cf-cad53742045c,fc107cc3-1c29-5179-b75f-6e89d2d87431,2017-02-04,no_contest,NO_CONTEST
ea2a3516-5119-51a3-8cc6-f8529c58250e,375e552d-7992-5252-96f6-da507b0f64eb,2017-03-11,no_contest,NO_CONTEST
c230f3ce-2207-5417-b620-c8854f807baa,d40d4c5d-86da-5b28-9d5b-318d10da0ff6,2017-05-13,no_contest,OTHER
4db9fced-3830-5f52-b593-ce3ac0936e31,c57f8f44-0932-5843-bded-f85db74861f5,2017-07-29,no_contest,NO_CONTEST
02b67f64-2dd8-5fa0-ae86-51f1cb70c030,93ce0f32-1afb-5657-84d2-34da933656c3,2017-11-04,win_loss,DQ
e6c794f5-9e3a-5b81-bfe6-aca5a4d775bc,aa1b6c53-193e-5f15-a7c2-f890caf9ccec,2017-12-30,no_contest,NO_CONTEST
714a321d-96ae-5742-a1b7-ebc7fd178d7a,14f39243-fa99-529c-8044-a323c97cb799,2018-03-03,win_loss,DQ
606c337c-df12-550b-a4f1-d55fe6c283c3,b3abc1ec-64f8-5630-847b-b799af466635,2018-06-09,no_contest,NO_CONTEST
64a71938-b34b-5c7e-9031-015a8b1a7d22,4c5930df-b815-583c-86f0-e14438a38189,2018-11-10,no_contest,NO_CONTEST
651f35d9-5035-56e4-a56c-2564ad4fd38b,4484c5f7-e7ef-5516-8270-85800f6d3ddf,2018-12-29,no_contest,NO_CONTEST
9813a108-f2cb-5968-bc32-844b4829fc19,ad0bc440-9d5b-5e4f-bed4-cfc74025c7b9,2019-01-19,win_loss,DQ
5f909b8e-6f91-58da-9499-17c12f39a604,1a0a315a-faf8-5750-b9d8-eddbb3c23faf,2019-07-13,no_contest,NO_CONTEST
5176d99f-d678-5b7a-838a-86ec9fa17a20,05320a1c-7dac-51c8-8a4c-0befd6cf375f,2019-09-14,no_contest,OTHER
3205c0ba-44c2-5ac5-91df-84e11a8272c0,8ee88917-0968-5531-b5fd-090fb2b4d781,2019-09-21,no_contest,OTHER
da25239d-87b5-5a2d-a85e-0064c6938075,8bfcd1d2-eb13-52a6-9134-16004ac77ed3,2019-10-18,no_contest,NO_CONTEST
c3cc78ec-5419-5b01-a948-af310e6a5385,17cd5980-c1f9-5d6c-b6d1-2e4b5d1311ea,2020-02-08,no_contest,NO_CONTEST
3108f741-f3b5-5057-99c7-5e561c4470e5,ce425894-34a1-5b94-b590-a35d3abbc8d9,2020-02-15,win_loss,DQ
b4d3a9ab-be03-5eb9-b312-f1c63f0fdd11,ce425894-34a1-5b94-b590-a35d3abbc8d9,2020-02-15,win_loss,DQ
33b0058c-283f-5168-b2ee-ce9bad753e58,e74609c6-2a42-5022-a06e-5edb10887783,2020-05-30,no_contest,NO_CONTEST
85f77f58-b054-568c-a804-c497009ef974,e064ba11-9990-540f-bdb8-4044dd8f45ac,2020-06-20,no_contest,NO_CONTEST
a8ccb7a4-a086-524f-b8a5-bd2559d28af7,2ca9bec6-a64a-55af-90b7-f1ab9c80ebb2,2020-07-25,no_contest,NO_CONTEST
fb3264af-7911-5032-b327-80b103f9d4a7,98bcbf56-b0b3-5cb0-8397-205560a0e300,2020-08-22,no_contest,NO_CONTEST
86fc21ab-75fd-5c9d-9843-19286842310e,1c430f01-57bc-51da-b947-a25026b16490,2020-09-12,no_contest,NO_CONTEST
6322f544-e5fe-55c7-b556-1f4ff8705ec4,80421bb4-e9ab-5b1b-bbb0-a9b39ce49859,2020-09-19,no_contest,NO_CONTEST
f3fd5c90-3435-5e23-b3c8-191433cfbb9b,a3bc326f-a1b1-5a10-bf97-49b5f9a0433f,2021-03-06,win_loss,DQ
25cd3c0a-949a-5b97-8ab4-7f5ccc40de8c,ddb5f0bf-0dd1-5602-8e80-f97800befcfb,2021-03-13,no_contest,OTHER
6421114d-2088-5128-95db-6915986f3e2f,ddb5f0bf-0dd1-5602-8e80-f97800befcfb,2021-03-13,no_contest,OTHER
39a96040-bfe2-5c09-99d4-e6bdbbb16d24,d7a79d74-a12e-56a9-9f0e-30bad4b75832,2021-05-01,win_loss,DQ
510c6749-2fc7-5c31-aeb0-0624114b9941,7a9fe2a0-9ce3-5766-87af-b4ee6da04bef,2021-05-15,no_contest,NO_CONTEST
bd8f674e-5ac8-53ea-a002-d11e5c06412c,7ddb1105-8441-57af-aaa9-3cef5ab8c342,2021-06-05,no_contest,OTHER
bb5c4396-c538-5427-8e17-86354bb9bcd6,1d6d352c-7b52-503b-9bfc-adac6157d643,2021-06-26,no_contest,OTHER
2ac17a64-3521-5e84-8ccd-dc4d0d27b83e,fd43de59-e2f7-5649-bb75-bcf93d4fd9d7,2021-07-17,no_contest,NO_CONTEST
6fcfe985-0bff-5fc7-b49a-c40c4998db70,790497cb-0637-53fb-977c-74f7060d66e5,2021-10-02,no_contest,NO_CONTEST
b57ac52c-aa53-5232-828e-f4d601b0be2f,64c94a2e-55b3-5745-a524-4fdf9168836a,2022-04-23,win_loss,DQ
2c914182-191d-5b79-a676-e38c20a3b59a,4f3b715a-a650-5aa2-b103-454d03d5b771,2022-07-02,no_contest,OTHER
0e387061-366d-5ac2-b7e5-abe8ccf9ee51,aaa19c66-e484-59d3-b5ec-5431667dc953,2022-07-30,no_contest,NO_CONTEST
05aaf813-621f-5c49-8527-66c7b9787ce2,f3d8d138-b778-5f6f-9929-b1e2d287887f,2023-04-22,no_contest,OTHER
b54349db-6693-58fb-878d-b1d35af1766f,e29a3c73-aa09-5185-9010-cdc810317a1c,2023-06-10,no_contest,OTHER
74dd8036-7db1-546c-b640-552c11cf40dc,461912dc-2d9e-59fd-834e-ebf8584e1952,2023-06-17,no_contest,NO_CONTEST
e6163473-804d-5dea-adb5-8e60b17b4f0e,c63c3523-20ee-5429-8157-4704f6030b1b,2023-06-24,no_contest,OTHER
1c10a6de-c49d-581a-bb74-28a5d089ff41,98298300-ef0f-584a-a2c3-2723efc3855a,2023-07-15,no_contest,NO_CONTEST
8a05a5db-d1d9-5d9f-848c-350fd3e563a6,241a13a7-b43b-58ff-8314-8ecadc37113c,2023-09-16,no_contest,NO_CONTEST
7669c9db-3d15-5196-a4b4-aa3a90bf41e0,edeb8c10-8690-5e01-9e28-4572b20d96ea,2023-09-23,win_loss,DQ
fcc42b27-ef63-534f-a768-cf3ba799741e,edeb8c10-8690-5e01-9e28-4572b20d96ea,2023-09-23,no_contest,NO_CONTEST
01daded2-c4e3-5333-94a8-64598d8f2923,f13f9cea-0ff9-5134-b37c-3bbda61c3dee,2023-10-21,no_contest,OTHER
cb805b37-d6e7-5455-8413-8b8e1d849d36,f13f9cea-0ff9-5134-b37c-3bbda61c3dee,2023-10-21,no_contest,OTHER
3f90b956-6915-5c53-bc5a-4b13db6d86a8,9ae1b215-cf0d-53e4-9591-45bd0305205a,2023-11-18,no_contest,NO_CONTEST
d36ca815-6696-5a48-8f27-7988b4e143f4,7c46b698-f943-5998-a742-3e57111dfac5,2024-02-03,no_contest,OTHER
780ce09a-2289-5804-af0c-dd9f391c25bf,49299228-08d0-5bb0-a9c2-879d035dfe2b,2024-02-10,no_contest,OTHER
4004eec7-2a81-5647-a137-5ae788ed9a15,c8fbd130-fb3a-53cd-a6f3-16ecadd5a814,2024-03-16,no_contest,OTHER
0349a06c-4a99-5e3d-9996-71bf821849e7,2aa2cda5-8e08-54a3-b337-ec24c331c3a7,2024-03-23,win_loss,DQ
910e9083-458d-5ef2-b6b3-9d504759e962,80a91814-3944-5c86-9acb-1e79393b4663,2024-05-18,win_loss,DQ
33720f37-c99e-5399-8995-b28c027d14e0,488ef9bf-1d27-519e-adee-d8288e755bed,2024-07-13,no_contest,OTHER
a473a188-9650-5b91-9a45-a13dad7722a2,b8e43ab8-7c67-539e-8cdb-a972361a9e74,2025-06-14,no_contest,OTHER
eb9431ad-0b0c-555a-9098-2d6eb61baead,b8e43ab8-7c67-539e-8cdb-a972361a9e74,2025-06-14,draw,NO_CONTEST
e2a7eae7-00b1-5979-b300-4aa510e23d5b,b0c6527d-c398-53c4-805b-d3c97d4423da,2025-09-13,no_contest,OTHER
14f44eb5-4fab-516d-a6ed-d30b51e7b174,011e6515-c5a0-5393-8c30-365bbbb0a8b4,2025-10-25,no_contest,OTHER
448a5211-bba8-5d16-a644-2629f5253973,9fdb4b8b-74d5-5f01-8e8b-7f1993642d6e,2026-05-30,no_contest,OTHER
