fightmetric_id,corner,round,resource_id,drupal_internal_id,compared_fields,exact_fields,absolute_error_sum
1772,red,1,96dc8c3a-dd48-40b0-bb51-82131a29ca49,28680,15,15,0
1772,red,1,3c88d96c-9ae3-4094-b87f-1fa9c913548a,44462,15,15,0
1573,red,1,c2f1b5e1-42ae-46e0-b68a-88542728bc61,29358,15,15,0
1573,red,1,15e76924-ee64-47cc-8911-efa92f92761c,68535,18,18,0
1573,red,2,4963c1e7-6d9f-416d-af59-46d046be9d10,29359,15,15,0
1573,red,2,082cef6e-e6ed-4631-b8c9-dc2594966ab9,68536,18,18,0
312,red,1,e12b9663-2686-4f42-acd5-19f31a45134a,32501,15,15,0
312,red,1,24df7c5f-2e5c-493e-b218-cb4e69a9c470,65797,18,18,0
312,red,2,a0bfb0d3-7f75-4160-b09e-f25484c10a4f,32502,15,15,0
312,red,2,3eb5a5c8-d4fd-4a7f-a20f-6d9288c0465c,65798,18,18,0
312,red,3,ff8ba40c-4a05-40af-a484-d08ad74dbb72,32503,15,15,0
312,red,3,e87d90a7-d902-4326-bdcb-4171cefdf7a3,65799,18,18,0
312,red,4,6b80dab7-c842-4c39-9f45-75a03d15b0d6,32504,15,15,0
312,red,4,e7e97318-2c4c-47e9-a6ec-847f2cbb50e6,65800,18,18,0
312,red,5,42afb64f-2fa5-4b10-88ab-b0dee44109b8,32505,15,15,0
312,red,5,e7e08a7c-ff29-41e4-a191-1d3c38590308,65801,18,18,0
2296,red,1,005973b2-73e9-4c20-bac0-8d15835e1f48,35373,15,15,0
2296,red,1,4a4044bb-fee6-4c31-b353-306ff26e9902,67924,18,18,0
2296,red,2,8ffdeaaf-3502-4a02-9972-2067e325fe79,35374,15,15,0
2296,red,2,9818066d-98d7-4bb7-b5eb-8d66aaa1507f,67925,18,18,0
2962,red,1,a0042341-10f8-426c-8214-666571251a45,36891,15,15,0
2962,red,1,1c562415-6288-475a-ae82-38b4ebe5a228,56631,18,18,0
2962,red,2,d18c8e23-7638-4fb5-9f2b-37f2d5645eb7,36892,15,15,0
2962,red,2,6fda0cd4-d9ba-4e6e-b1b0-3ca13bef6fbf,56632,18,18,0
2962,red,3,2baea8e2-dc29-42c0-8379-99a40644bad7,36893,15,15,0
2962,red,3,f389effc-d2ef-487d-a852-23c8573bc8ce,56633,18,18,0
3181,red,1,61a0b261-21b5-4bf6-87b8-1c25badbfab8,37161,15,15,0
3181,red,1,21d4e605-018d-4f8a-a98c-87002e6b9995,56639,18,18,0
3469,red,1,915e6c36-28bd-4c55-a881-62e227267187,38041,15,15,0
3469,red,1,a06bd694-b26b-4040-9d43-848d6709061b,56643,18,18,0
3469,red,2,2e01d071-3de4-4ae7-a43f-7483280074cd,38042,15,15,0
3469,red,2,d1aa90e9-31ad-4550-a42e-88105c9a91a8,56644,18,18,0
3525,red,1,9c339a5a-c699-44de-8786-b77c895f04d5,38457,15,15,0
3525,red,1,3014f2e2-32df-4bee-a337-aed3aa34b57a,56649,18,18,0
3625,red,1,938c2b54-d880-4fa3-845f-d7b38eb84aa5,38757,15,15,0
3625,red,1,ecd1e7be-973a-487a-8481-730551f3464f,53250,18,18,0
3684,red,1,525b3bc9-9b30-4a5b-89f3-34a06294e27c,38895,15,15,0
3684,red,1,50730410-595e-4d01-8fe7-d6e7511f68d2,53210,18,18,0
3684,red,2,7e495b74-2de7-4443-b606-3f9e6249e54b,38896,15,15,0
3684,red,2,51a9245d-d609-4571-8d09-f0f836f4687c,53211,18,18,0
3684,red,3,e44fd4fb-b09e-4d89-b30c-22da8aa4d86f,38897,15,15,0
3684,red,3,cd8b8396-9aad-4de0-b597-cb529234140b,53212,18,18,0
3698,red,1,644cbb01-3a3a-48f9-b297-42d6f5803680,39070,15,15,0
3698,red,1,34fcd4e1-0581-4cab-bcaa-ba76a99d3360,53218,18,18,0
3698,red,2,2f288dfc-17ce-4ab1-bf8b-d89258e4e590,39071,15,15,0
3698,red,2,46b9ea82-7de5-47aa-9752-55fd8f0ad5e0,53219,18,18,0
3698,red,3,75a3b14a-b2bd-4def-848a-c51919c2c20c,39072,15,15,0
3698,red,3,c00b27b2-32a3-41fc-b949-8e198b614217,53220,18,18,0
3755,red,1,70eada87-3731-4f65-bd7c-dc26504ba325,39280,15,15,0
3755,red,1,cc5c9436-7981-4d85-8b2d-05891c6708c6,60469,18,18,0
3755,red,2,d3bb7337-f7a6-42b6-ab57-d690578c5ad6,39281,15,15,0
3755,red,2,ec1994ed-7964-4d8d-9640-d034d1271e22,60470,18,18,0
3795,red,1,f48c3e0b-9997-4659-8f8d-25f719450599,39438,15,15,0
3795,red,1,98aefd0d-86ed-4e0c-8d28-d0b596e590a9,56653,18,18,0
3810,red,1,5e066f84-43fd-45f7-8b77-d735af81ad80,39510,15,15,0
3810,red,1,aef25b90-9a3a-4365-8a4a-342dbead83f5,60475,18,18,0
3810,red,2,20bd350a-66c3-460a-9b92-4b41b4c2dfcf,39511,15,15,0
3810,red,2,a5d43ccc-aa1e-4c19-97e2-ce7e53537840,60476,18,18,0
4027,red,1,490685ad-4eed-484c-8930-1cea4ebd8516,40752,15,15,0
4027,red,1,76021ec7-d771-48b5-8173-8ae27dec2c7b,60243,18,18,0
4236,red,1,68e7debc-43de-410a-afc7-35c5197def79,41816,15,15,0
4236,red,1,fbc38741-42e0-4251-ad1b-5d582273503a,61484,18,18,0
4236,red,2,590a121a-bdc9-4df4-8908-c9462c41a383,41817,15,15,0
4236,red,2,5de8300b-a88f-459e-be13-a27f7baeb0ec,61485,18,18,0
4236,red,3,ef2e6701-ec06-421b-925a-b4abbfabd180,41818,15,15,0
4236,red,3,2bc56967-f30a-490c-afa5-75caddc2ddf5,61486,18,18,0
4258,red,1,6c65ddfb-0de6-4604-acdb-1616082bf934,42098,15,15,0
4258,red,1,10b5e77e-552e-4fd8-b985-9eebcb026d5c,68527,18,18,0
4258,red,2,806eb950-b1ff-40af-96ce-272ad4f75b78,42099,15,15,0
4258,red,2,434d5989-8e90-49bd-9dc8-570b20f72144,68528,18,18,0
4258,red,3,423ce37f-e72a-4506-a777-11adb55d8396,42100,15,15,0
4258,red,3,330ccc96-8e1b-4ebd-8506-653aac930827,68529,18,18,0
4280,red,1,611fe655-7e97-43ac-9223-0801d7d39e9e,42220,15,15,0
4280,red,1,80adf829-601a-4836-a5c7-b1bde8c73af6,60263,18,18,0
4280,red,2,dd88c654-d854-447b-995c-3d343f286506,42221,15,15,0
4280,red,2,cda6ff45-deb5-4504-8211-3947acbb1912,60264,18,18,0
4280,red,3,7f593b39-0f8d-48a2-9c96-19f6d82e1b3e,42222,15,15,0
4280,red,3,d9530e40-79f1-4840-ae40-44da7ea53b58,60265,18,18,0
4294,red,1,1509ae2e-9809-46b3-af97-2d17b977ad19,42286,15,15,0
4294,red,1,b126cf53-1eab-43d7-8c7d-45ba5c4bbfe5,53226,18,18,0
4294,red,2,264baba7-f302-4bc6-b0c2-f090971f9d56,42287,15,15,0
4294,red,2,8433c568-86c4-4cae-80df-deec5168a823,53227,18,18,0
4294,red,3,e2a5d60a-d095-47c8-8ede-8bf17fe54aa0,42288,15,15,0
4294,red,3,09c028c8-bdfe-4f31-8556-943084ad34e8,53228,18,18,0
4312,red,1,96025914-15c6-4f38-9bc9-70acbb6cee47,42380,15,15,0
4312,red,1,325386b6-0fef-4ee3-98b8-9de359b97372,53234,18,18,0
4312,red,2,ede5c88d-17f3-4f39-8a70-b6bdcf0830a2,42381,15,15,0
4312,red,2,037ee2eb-9058-46d5-8acf-f1e8f1f76b26,53235,18,18,0
4312,red,3,38be5bc7-d380-49f7-bbf1-eacd7e10ff51,42382,15,15,0
4312,red,3,1cf7e0ac-a74a-412a-9915-fc254affaa7a,53236,18,18,0
4325,red,1,ed5034d8-aa8c-407f-b81e-266d937f762b,42458,15,15,0
4325,red,1,5bf9ecba-6605-4c31-9516-238c9fdb3dcc,60271,18,18,0
4325,red,2,910977e4-579d-4a92-8518-9cd96b69282e,42459,15,15,0
4325,red,2,dad7245a-3220-4cd6-8c9c-c43883fe27e6,60272,18,18,0
4325,red,3,f4604972-858b-4804-bafb-2ce8420fb165,42460,15,15,0
4325,red,3,34721f45-1e76-4061-8c31-cdb79bb7f393,60273,18,18,0
4344,red,1,77b41b77-8200-4df3-92bf-1b41f797ad43,42546,15,15,0
4344,red,1,35a54909-690c-4c41-9ca9-73b54da2df74,53242,18,18,0
4344,red,2,0fd00519-935e-4fd4-84a3-f08ab31e911c,42547,15,15,0
4344,red,2,bdda6cbc-abc5-4120-9691-a6749af2a1bc,53243,18,18,0
4344,red,3,e8649818-1660-475e-b44b-e2f639c86bb5,42548,15,15,0
4344,red,3,fba0b4bd-c6a1-4f92-9c2b-1252796a511f,53244,18,18,0
4416,red,1,ccbee6d1-5cd7-4162-a721-d592906f3b89,42742,15,15,0
4416,red,1,f293153a-8764-429d-abe5-5239b9350038,45031,18,18,0
4586,red,1,dcbbc6e1-5ad4-4ee1-9120-bef86b87cca7,42840,15,15,0
4586,red,1,66aa6e39-762f-434e-9462-e676d4f70a88,45055,18,18,0
4588,red,1,bcdea00f-c59d-4dd0-b352-fab8d6083192,42844,15,15,0
4588,red,1,df7b5e68-25f8-4096-bcbc-44215dac119f,45059,18,18,0
4713,red,1,af23760e-aa69-4d2d-8eb8-e552b100ae29,42940,15,15,0
4713,red,1,d6168474-6c32-432b-b79a-987378e6134c,67946,18,18,0
4713,red,2,5d299cb7-ace0-4305-910f-cf776bc9742d,42941,15,15,0
4713,red,2,7eff2a54-decb-4b26-bd4f-eb0f4ba79cb9,67947,18,18,0
4713,red,3,74750785-cf1d-43ac-ac0d-4f1d1338d2a3,42942,15,15,0
4713,red,3,148c6993-5112-4c4d-90fe-89a90e23537e,67948,18,18,0
4728,red,1,a38e886f-9bf1-4839-a3a7-a37934576748,42956,15,15,0
4728,red,1,bd48e429-4771-42c7-ae54-9fb09e4c55e9,59880,18,18,0
4733,red,1,68106021-5e93-4015-bb75-40d1478c4d29,42984,15,15,0
4733,red,1,12b2754d-f414-48d5-a86c-9b3b0bbac642,45075,18,18,0
4733,red,2,59011e47-adb3-4c28-8759-0f6c10f9538a,42985,15,15,0
4733,red,2,bdbf28cd-0d93-40e0-b724-4001246775d5,45077,18,18,0
4733,red,3,757536b4-f84a-487e-94b3-e8e67885b7e7,42986,15,15,0
4733,red,3,1ddac491-6fe9-40fc-aeda-2389b401c2c6,45079,18,18,0
4837,red,1,5c0937f3-11df-4858-8362-f21c688e96e7,43096,15,15,0
4837,red,1,6623fc29-c602-4904-935d-c9eed63ac7c2,45107,18,18,0
4956,red,1,e3d901fd-19c7-4d45-a9f9-0961f6109398,43200,15,15,0
4956,red,1,698b140e-558d-4924-8af6-979b6e3d4741,53796,18,18,0
4956,red,2,5e31e434-1628-4186-b165-ea276880b319,43201,15,15,0
4956,red,2,3dd8951e-ab97-46e6-abf9-447e5b38d83a,53797,18,18,0
4986,red,1,097c7c93-2327-46c7-987b-c9a82217993a,43226,15,15,0
4986,red,1,3109db92-3d81-43da-9d2d-3aa5fff3aa18,45131,18,18,0
4986,red,2,7f39fd3a-0796-42cc-92a2-64c0a180ed5d,43227,15,15,0
4986,red,2,70352d7a-f4a4-4513-a120-ddb16948dce3,45133,18,18,0
4989,red,1,72986627-8daf-4cc7-81dd-757df82e69b0,43236,15,15,0
4989,red,1,66ec7137-d7d6-421f-8a9a-8fdb13be411e,45145,18,18,0
4989,red,2,0dec6609-f6e5-4694-836c-4726c5701803,43237,15,15,0
4989,red,2,e1eaa91d-1156-4800-bc51-118747d63dba,45147,18,18,0
4989,red,3,20828fdc-4bbc-4eef-b71b-8135e1290766,43238,15,15,0
4989,red,3,783cb7aa-3606-4363-b280-44c3d1344be6,45149,18,18,0
5086,red,1,0e62461d-7478-4b54-b910-aee52a930e69,43298,15,15,0
5086,red,1,c90880ef-b88b-4af0-9f6c-61a831861492,56663,18,18,0
5086,red,2,3c3a69fb-9125-4d5a-8cd4-0abccdbda210,43299,15,15,0
5086,red,2,72b2e244-4c0b-4446-a73d-df368ca1bd5e,56664,18,18,0
5086,red,3,77c91e7e-0f82-40bd-8cfe-8e0fcc8f090a,43300,15,15,0
5086,red,3,6c380050-0817-4546-94d1-811c4a23aea5,56665,18,18,0
5090,red,1,ef2ed104-16d8-4fcf-86e0-2608877095cb,43330,15,15,0
5090,red,1,1d12e95a-3493-4601-bbf5-7b2251e7c95c,45169,18,18,0
5090,red,2,b3273858-da6e-49be-9b2b-6c8ef4394ec0,43331,15,15,0
5090,red,2,0f3911bb-1c02-4823-ba90-e15e80c40adb,45171,18,18,0
5090,red,3,fd4560cf-de05-4a0d-8782-dc0cf7194934,43332,15,15,0
5090,red,3,f2cdc530-fd18-405f-9b4a-c453bcc35ce3,45173,18,18,0
5317,red,1,0bdfa204-f8b1-41b2-9673-ae26f38763fb,43602,15,15,0
5317,red,1,b1712a0a-dcfa-4563-bf08-6103d32a0b89,45185,18,18,0
5317,red,2,e01abe65-92a1-404b-90ef-5306933c1afe,43603,15,15,0
5317,red,2,676e2452-0c04-4e07-8942-4abc75bbe95d,45187,18,18,0
5317,red,3,328da1e4-c69e-4bda-8065-e4e3fcb7bc90,43604,15,15,0
5317,red,3,3a5b5933-990e-4b9f-a5bd-bde710ccc7ef,45189,18,18,0
5426,red,1,db32de17-aac7-48d6-8f26-fef3374d883a,43618,15,15,0
5426,red,1,4f9a5cf6-7fd7-4445-802a-4f933ee0eda6,56671,18,18,0
5426,red,2,90ed1820-9581-4b29-870a-41451c04eb62,43619,15,15,0
5426,red,2,69dca836-d87a-44f3-ba38-a52b556236f0,56672,18,18,0
5426,red,3,eef680d0-bdce-44ca-942f-c58f42e8274e,43620,15,15,0
5426,red,3,de44d009-ffca-4388-8592-be5cf7033e5d,56673,18,18,0
5530,red,1,66f3143f-f326-46ec-aa65-4fd7a9841db0,43680,15,15,0
5530,red,1,54363827-bbe1-4e7c-b6af-da9ca0a5324c,45231,18,18,0
5530,red,2,4f784c94-e24f-47ec-9192-e51215523cf4,43681,15,15,0
5530,red,2,d15438ff-c80e-4878-85db-300cafd22c7d,45233,18,18,0
5530,red,3,de9e6c9b-2ad8-43b6-bacf-2679d71bfbe8,43682,15,15,0
5530,red,3,606be8a6-a22f-4c26-9673-ccb9adcf1528,45235,18,18,0
5538,red,1,28a00557-4b82-437c-b990-1b07f8d860d3,43704,15,15,0
5538,red,1,4635445d-9e74-463e-bc01-ca32a6e9e45e,45199,18,18,0
5538,red,2,42af60d7-8690-4cfd-9b2f-8c3472d460e2,43705,15,15,0
5538,red,2,0556dc6a-1581-40a5-9046-2688692de6d7,45201,18,18,0
5538,red,3,f03f2f1f-ae7c-4db1-9bc1-ff4e83dccc67,43706,15,15,0
5538,red,3,1043342d-9cf9-4b9f-a9d3-14445c614ba9,45203,18,18,0
5620,red,1,3e027f50-e472-4cf0-96cc-363f9460bdc8,43778,15,15,0
5620,red,1,98880fa5-7200-4765-bb22-a90d71114382,45251,18,18,0
5620,red,2,d70ec9fb-640b-4d56-a5a7-f6b08e5fad80,43779,15,15,0
5620,red,2,0aa16042-ea3a-48a1-9025-cace6cd19002,45253,18,18,0
5620,red,3,2d7a2d5e-2071-4ce8-a409-2d78470a6980,43780,15,15,0
5620,red,3,558c3820-5a35-496b-82f4-810932c81493,45255,18,18,0
5656,red,1,75349798-435f-49d9-badb-33b3fb3a1be8,43814,15,15,0
5656,red,1,e505f9a4-76a9-40c7-9027-9a77c6e115eb,66965,18,18,0
5656,red,2,4206c001-0cdc-433f-96b0-2d3dfdb1d383,43815,15,15,0
5656,red,2,afd74734-9b9c-4973-9e96-c11fd6d3f53a,66966,18,18,0
5656,red,3,75a178a2-acb4-4dbd-ac6c-1747ad7d6d51,43816,15,15,0
5656,red,3,d8607466-2650-447f-93b9-3d46710270bf,66967,18,18,0
5672,red,1,4224cd5c-f148-4745-8b73-7fd5c16d681f,43822,15,15,0
5672,red,1,3c9b56b7-009d-4d25-aff0-0d790130d92d,45259,18,18,0
5672,red,2,478a27a7-5861-4403-bb9d-3c849d713a80,43823,15,15,0
5672,red,2,39e97cba-cc94-4575-a6b7-db6db0b86fbe,45261,18,18,0
5765,red,1,43d2f7ae-0bf4-499b-af52-5beef495f83e,43882,15,15,0
5765,red,1,e674babf-8122-41ec-8d55-5cdd0f6a541a,45273,18,18,0
5915,red,1,4cd233a7-fcda-4c38-a2af-833c27e84b68,43974,15,15,0
5915,red,1,fbdf85fe-f0fb-47e2-a927-10b7f62b1fad,45293,18,18,0
5915,red,2,bad031b7-d3b3-4295-8211-282060d7ad1d,43975,15,15,0
5915,red,2,863a07e5-672b-4a30-b72f-6615ccd44059,45295,18,18,0
5915,red,3,9192cf78-b85b-4285-90ad-84dfcb1d78f8,43976,15,15,0
5915,red,3,f679a37a-6d14-44ee-a884-65c9b96c2054,45297,18,18,0
5966,red,1,202d355f-e1f6-48ff-ad54-2c0f0977e4d8,44014,15,15,0
5966,red,1,ad54a17d-1194-4cb7-a2aa-a3e352713de3,45277,18,18,0
5966,red,2,44ea529e-c897-4c49-878a-ff732133e6c1,44015,15,15,0
5966,red,2,de8857ee-477e-4279-84af-3ee7640a3f45,45279,18,18,0
5966,red,3,983c0cf8-5463-429d-96aa-f493743b0405,44016,15,15,0
5966,red,3,bd566b36-9b24-42df-9e78-7e7d56174be8,45281,18,18,0
5999,red,1,d160c14d-6d02-4fa9-95f3-0a34aae4c20c,44030,15,15,0
5999,red,1,2eee0129-94d3-4567-8b5e-a4319d3aec7a,45285,18,18,0
5999,red,2,c96e3cd2-b609-43e2-a2c7-a643dc46e076,44031,15,15,0
5999,red,2,21c6324a-c006-476a-8e88-6de6d18678b8,45287,18,18,0
5999,red,3,4401a79b-d92e-485a-8f9f-8f27f36260fd,44032,15,15,0
5999,red,3,5ec864a5-26d3-4b0e-9bce-8dd2e5476dc8,45289,18,18,0
6000,red,1,44ffc51f-0113-4f55-8b1d-f5775f8f412c,44038,15,15,0
6000,red,1,95fcd5ba-cdbd-44b6-8a29-2052ea35f0f8,45309,18,18,0
6000,red,2,dda6e17e-7f2f-42bf-afab-4b0073b2481d,44039,15,15,0
6000,red,2,c63d8918-5d53-4159-bc1c-2d5bec462d56,45311,18,18,0
6068,red,1,d8e244d8-6844-4824-8992-fd2cc5ec8827,44100,15,15,0
6068,red,1,4ecf5f9f-a925-4617-b65a-420e37464ce2,45319,18,18,0
6068,red,2,3479dfc9-e01a-447a-844a-75721a368204,44101,15,15,0
6068,red,2,4672051c-dd63-4f6d-a590-27838aff5518,45321,18,18,0
6116,red,1,a3c0216c-c007-4f34-bdb7-eb8de46021ab,44118,15,15,0
6116,red,1,fd758fcd-9e55-4d84-8861-d0921f924bfb,45325,18,18,0
6373,red,1,5dd2316a-fea2-4c06-9910-d8772a24a3bc,44170,15,15,0
6373,red,1,77dc3780-5827-4368-b18d-7b63aa346dc2,46016,18,18,0
6373,red,2,8d6e6c5a-ee52-49b7-9165-ba6cb1c41a5d,44171,15,15,0
6373,red,2,72ea0e4e-a3b6-4a6e-aeae-c77cfdcafb12,46018,18,18,0
6373,red,3,eba88590-b06d-49e2-a289-13e6f7743b83,44172,15,15,0
6373,red,3,97eca3fb-1760-4511-98f7-43992ac2de0a,46020,18,18,0
6405,red,1,6c8144b3-c72f-4e69-aba3-ded79f5fcbc8,44184,15,15,0
6405,red,1,a1461eec-252d-4da4-8323-9aabb9351581,45375,18,18,0
6405,red,2,a0a0d1ee-f1c2-4dbd-a475-846ed9961d17,44185,15,15,0
6405,red,2,64b88091-58fe-4958-8997-79c528973565,45377,18,18,0
6405,red,3,65c327ae-09b8-4cb0-a644-0f955fd69f16,44186,15,15,0
6405,red,3,cae7fce1-72a3-47c0-8f2e-e0dc5fc36972,45379,18,18,0
6428,red,1,91b9ab7e-26f0-44c5-bfd9-7aad82e83fe3,44196,15,15,0
6428,red,1,1840a48b-9169-4365-9094-5f1cf01f92a1,45389,18,18,0
6428,red,2,d674b087-ae5d-4324-9bf3-a25ccafd9c3a,44197,15,15,0
6428,red,2,480098b3-e882-4f50-9508-2d9b810416ea,45391,18,18,0
6428,red,3,b1046ed7-c58a-4dec-9c61-13d2bd8918fc,44198,15,15,0
6428,red,3,d9f09d68-d038-4f71-ae01-2cb0e05bdc0d,45393,18,18,0
6726,red,1,7884f6b1-480d-4eea-95d5-1a478c9c51b0,44256,15,15,0
6726,red,1,75b98504-e38b-401b-b46b-404718eb68ed,45415,18,18,0
6726,red,2,b78d2946-abf9-4420-a85b-f57cacb02eec,44257,15,15,0
6726,red,2,21defba7-4347-4109-b525-635cf305887e,45417,18,18,0
6875,red,1,405c16f2-b58a-4fd8-9015-87d1b56ac154,44274,15,15,0
6875,red,1,8a38f445-c1f4-4ff1-8460-5a12b694534c,45433,18,18,0
7041,red,1,13b6f122-488d-45f1-9448-8c136e86015a,44290,15,15,0
7041,red,1,cf32ddea-bb7f-42d7-9eec-1e4f956c1fab,45445,18,18,0
7041,red,2,d75bf3dc-2a46-4575-9023-abdb10841f60,44291,15,15,0
7041,red,2,243528af-a274-4874-a37f-f8338b78c53c,45447,18,18,0
7041,red,3,27a5957f-f9a8-4624-944b-f26820942b0b,44292,15,15,0
7041,red,3,5eaf1565-081f-4b88-ab55-7cd93f8b207f,45449,18,18,0
7042,red,1,67e9a081-7207-4ee6-a1b2-e59059e27125,44298,15,15,0
7042,red,1,8a8aad57-8b55-4985-b4b1-72e96f8ce6e6,45437,18,18,0
7139,red,1,dc8cba9b-342b-480c-81ec-57a341aa7dc9,44306,15,15,0
7139,red,1,d5f0df1c-9eed-4fa1-8e8a-62eb7ae10236,45453,18,18,0
7239,red,1,2f926e17-ca71-4491-bd81-6061cc16205a,44316,15,15,0
7239,red,1,6e59285d-3b58-4284-9917-d61889815263,45457,18,18,0
7239,red,2,c980fa84-f79b-4c46-bcba-30690d8611cb,44317,15,15,0
7239,red,2,0de24ea9-093f-4bb1-aac1-2a22af77ee54,45459,18,18,0
7273,red,1,7b28e811-03c2-4055-90dd-16f3470006f3,44358,15,15,0
7273,red,1,ad67968f-e90b-48e6-9ef9-e86d7850325c,44723,17,17,0
7317,red,1,9012291c-55b6-4608-89ab-97a53d78aee7,44386,15,15,0
7317,red,1,a96e606b-e533-4e50-a622-232e2bc12ed8,44715,17,17,0
7317,red,2,0eb527c3-3757-4bd6-9897-ea0cf78e85c7,44387,15,15,0
7317,red,2,ce05d22a-798a-4e9f-b5b2-075189aa3cb4,44717,17,17,0
7317,red,3,0abb2985-37dd-4114-832e-2e47535eb57b,44388,15,15,0
7317,red,3,d5b223ec-2cb4-465a-9a75-380fe1fda1ff,44719,17,17,0
7341,red,1,7d7e132c-dfd2-4f8d-ba29-33d896b86f50,44418,15,15,0
7341,red,1,d04c0397-de6a-4591-b765-f6b9a9df3fba,44727,17,17,0
7341,red,2,1408207e-6254-4576-a44a-e587b31034ff,44419,15,15,0
7341,red,2,43fae10e-e9ac-437c-b78b-17512c9ac2db,44729,17,17,0
1772,blue,1,41a22d86-c27f-4783-a2cb-f7f0087c472a,28681,15,15,0
1772,blue,1,95232826-9a52-4e85-b85d-6c5bc36f2c82,44463,13,13,0
1573,blue,1,3a0e355a-3355-4b37-a6b4-1344766dd1a7,29360,15,15,0
1573,blue,1,7f7e34a7-63ba-4106-8f8a-e77e6fb8610e,68537,18,18,0
1573,blue,2,69e17f27-b925-4765-a6e1-02a84f13ef9e,29361,15,15,0
1573,blue,2,e3a828b0-e443-4860-922c-566c40d2a5f4,68538,18,18,0
312,blue,1,9cd7f54b-5af5-4fdf-8494-58aafff38f13,32506,15,15,0
312,blue,1,df0b62d0-80b2-4338-a7ac-1e91f33bed42,65802,18,18,0
312,blue,2,c3b01aa5-e50a-4d21-ab80-b4da54d0a02b,32507,15,15,0
312,blue,2,d577a75f-9809-4ac9-8bf5-d6a451a603b6,65803,18,18,0
312,blue,3,9210822c-ff81-468b-bcb3-75fa867a0be3,32508,15,15,0
312,blue,3,bf3e80c8-736f-4a83-97fa-877c431165dd,65804,18,18,0
312,blue,4,3fb50a92-f149-40f4-82cc-7e9e6a2f48c8,32509,15,15,0
312,blue,4,7b2baa6d-553b-4bc5-b894-5350068a484e,65805,18,18,0
312,blue,5,ebef87cc-11ce-4a95-ab62-9c5c5e653398,32510,15,15,0
312,blue,5,8b8a7be6-1aec-4323-ba4d-a7baa73a82d2,65806,18,18,0
2296,blue,1,7d81c120-2ba8-4466-824a-ab80ed97c02f,35375,15,15,0
2296,blue,1,3899f238-d119-4c23-bb79-9978eeadec31,67926,18,18,0
2296,blue,2,b14e32ac-75b2-46eb-a6ae-945a2459ef74,35376,15,15,0
2296,blue,2,3840cf2e-531a-4d5a-8761-6be52140bfba,67927,18,18,0
2962,blue,1,84a2e707-47ba-4972-8f3a-85d53fe9bea5,36894,15,15,0
2962,blue,1,bd3ea09f-e9f8-41ab-bee6-e0c360663164,56634,18,18,0
2962,blue,2,14c57f87-a7e2-475f-ab85-af2fb9bcf359,36895,15,15,0
2962,blue,2,ca2a9a73-4877-4ecc-8df7-380d7e410a79,56635,18,18,0
2962,blue,3,b48f7d89-08ac-42fa-8fe2-a3159c98cbb6,36896,15,15,0
2962,blue,3,aa17f646-1aa0-465c-b0fb-e4b7ca6ab467,56636,18,18,0
3181,blue,1,958387eb-67d1-4741-803d-db1211b1ef8c,37162,15,15,0
3181,blue,1,ea640fd9-de65-4e01-a8fb-c9fb7f0713ab,56640,18,18,0
3469,blue,1,512a971e-ab32-4c3c-b29f-b1d8952e34a8,38043,15,15,0
3469,blue,1,f9e09984-22d2-4d70-8a70-c149d31b6ab1,56645,18,18,0
3469,blue,2,5920d4bd-fee8-4c49-9fe9-30d70a557e1d,38044,15,15,0
3469,blue,2,255389f6-1f27-4471-b5b4-135ee91dc40d,56646,18,18,0
3525,blue,1,d36f92c6-d295-4ae6-b11b-ddd6ad118db7,38458,15,15,0
3525,blue,1,baeca570-a10c-404f-9e7b-b315beedea08,56650,18,18,0
3625,blue,1,6ee5b927-2c75-4407-ab82-1344619501eb,38758,15,15,0
3625,blue,1,92af136d-db5a-4b7c-828f-c65c78ccc3b6,53251,18,18,0
3684,blue,1,caeff42a-f05c-43b7-836a-724ce10de6e4,38898,15,15,0
3684,blue,1,7ec2b7b6-ac46-40e1-8b88-d4febded2769,53213,18,18,0
3684,blue,2,1c1c0efc-c388-4aa7-bf7e-9d26857c52d0,38899,15,15,0
3684,blue,2,d98a80f5-9bff-4add-8e11-0e3e7749f471,53214,18,18,0
3684,blue,3,8d6d806b-02a5-4696-9a1b-976f2fd3a31e,38900,15,15,0
3684,blue,3,64879c48-4158-4dce-bf75-73bdb0301c23,53215,18,18,0
3698,blue,1,730be3ae-6ffe-4bb1-9fc8-9cd921ce9449,39073,15,15,0
3698,blue,1,6e2a5d54-4374-4b78-b6e5-f2775bdd01cc,53221,18,18,0
3698,blue,2,72b48154-9131-452a-a19d-e28124317ce3,39074,15,15,0
3698,blue,2,6b476442-d53c-41dd-9021-23e7b1374b5f,53222,18,18,0
3698,blue,3,ce488c9b-5bdb-405e-b8cb-5f5e728642f1,39075,15,15,0
3698,blue,3,39bbc402-197e-422b-8924-f9c2dc41d2e6,53223,18,18,0
3755,blue,1,3d4ebf3f-19be-4afb-9129-44513c76a712,39282,15,15,0
3755,blue,1,6b307955-9c3a-4ef7-b676-110a6f936da2,60471,18,18,0
3755,blue,2,7764a9e9-774b-4e59-899e-241137f6ff72,39283,15,15,0
3755,blue,2,4ffa05d9-51f2-4216-bb14-4e47c88ed0c3,60472,18,18,0
3795,blue,1,18044651-354d-4f1f-86c3-5e7a6b0f9b4b,39439,15,15,0
3795,blue,1,c5ecdb55-a0fe-4992-82a2-a9fe55246a5c,56654,18,18,0
3810,blue,1,b1d05685-4cc1-43b7-8cd1-7fccc8a44550,39512,15,15,0
3810,blue,1,c7b29671-292c-4b88-ad58-8aeb92549530,60477,18,18,0
3810,blue,2,a5838544-fdf5-415e-a206-31456219e8d8,39513,15,15,0
3810,blue,2,87d483dc-fad1-4f61-86ec-320edc4fd214,60478,18,18,0
4027,blue,1,ce422631-ca0e-4752-a477-c2af9177bbb3,40753,15,15,0
4027,blue,1,0f19c706-a542-4305-b7df-351e7de37d1c,60244,18,18,0
4236,blue,1,c586b090-cc8f-4bca-a97a-8553f11fbf75,41819,15,15,0
4236,blue,1,ae02f2f1-a232-4cce-9928-ae662a4549a2,61487,18,18,0
4236,blue,2,9f46de49-b48b-47d0-a8cf-1e41d60f4d19,41820,15,15,0
4236,blue,2,b5bc5937-8a9a-495e-be53-9e15521cff3f,61488,18,18,0
4236,blue,3,dfe3dbe4-689d-4e2f-9047-fcfef252b869,41821,15,15,0
4236,blue,3,fd354c25-357c-4275-9081-0a5604b0d7a1,61489,18,18,0
4258,blue,1,e07d3cbd-2321-4cea-bd71-064d6b8d038b,42101,15,15,0
4258,blue,1,004efcf0-f234-495d-9c61-2d81bf7100c5,68530,18,18,0
4258,blue,2,5f0aa745-b749-4c9b-b781-001522f4208a,42102,15,15,0
4258,blue,2,8f8aefdf-bd3a-45cb-be2a-fe52c522d97d,68531,18,18,0
4258,blue,3,9b1ea12c-61a4-47d2-aca9-6ff3cf920c0f,42103,15,15,0
4258,blue,3,02d8587d-8c1c-4dd0-886a-29c289af3738,68532,18,18,0
4280,blue,1,79c98153-f265-4827-b637-04c602b0f787,42223,15,15,0
4280,blue,1,9615f44d-96a3-461a-9d22-5671972a591d,60266,18,18,0
4280,blue,2,81108135-a745-4050-a3b5-d1875e8f71bd,42224,15,15,0
4280,blue,2,f69dbdbc-3758-472f-a62f-ab2c10ac7341,60267,18,18,0
4280,blue,3,920b660e-7738-4ea5-9c6d-c05eac564d93,42225,15,15,0
4280,blue,3,b0a563df-2287-4a6a-9105-3a6c3ea47501,60268,18,18,0
4294,blue,1,cfe6acfe-2a00-4e37-81ef-7ecd849de5dc,42289,15,15,0
4294,blue,1,fc42eed1-0ed3-40df-a2a9-b14543bfbf8a,53229,18,18,0
4294,blue,2,a2e59821-7e0c-4a54-ae89-a3dbc13f10ed,42290,15,15,0
4294,blue,2,3c053661-3465-4fe4-968f-27eb0f107f59,53230,18,18,0
4294,blue,3,c4cdcbbf-8dc0-4b2f-a854-3aa3bba4de5d,42291,15,15,0
4294,blue,3,51ce6e59-a9ae-4424-b913-e88948455fb5,53231,18,18,0
4312,blue,1,6d51e883-942e-473f-981f-409f6911f7f2,42383,15,15,0
4312,blue,1,8c3e0869-800f-460e-8f54-dc32bea64ff7,53237,18,18,0
4312,blue,2,4a74de46-34e4-447c-8542-76d621291ab3,42384,15,15,0
4312,blue,2,99c4454e-f611-480e-8304-f1239180453f,53238,18,18,0
4312,blue,3,3454382c-23d4-4fab-af81-33b65443cc1a,42385,15,15,0
4312,blue,3,b95cdff7-0255-4d4b-930b-5c63f165a7e5,53239,18,18,0
4325,blue,1,04c3dd36-2aeb-49bc-8186-f936aab7de38,42461,15,15,0
4325,blue,1,a43441a9-c62c-44b3-901d-b04ebcd37786,60274,18,18,0
4325,blue,2,2fc9afec-b9e0-47a4-8340-fd703d1ba104,42462,15,15,0
4325,blue,2,d8aafba3-201e-4b57-9e4e-40ff728c30fb,60275,18,18,0
4325,blue,3,eaa8a437-64aa-47fb-830d-dba5b880d473,42463,15,15,0
4325,blue,3,0ffad0f0-c4df-42c8-865e-f1e22adb3932,60276,18,18,0
4344,blue,1,36f5fb4a-bc5f-4245-998c-9bbc31086d6b,42549,15,15,0
4344,blue,1,9e332765-e22a-4ef0-9a83-cc5ac01c0f3a,53245,18,18,0
4344,blue,2,8c286515-5ca0-49c4-9fee-e2c26f9b6221,42550,15,15,0
4344,blue,2,507512f9-0a5b-4115-94bd-8342cf5a2214,53246,18,18,0
4344,blue,3,394acb69-344e-49e2-b4be-253b89c8a6c1,42551,15,15,0
4344,blue,3,c394fd43-180c-46a7-b3c4-12f92cc380b4,53247,18,18,0
4416,blue,1,ab390371-9abd-4d36-9597-18bee3394822,42743,15,15,0
4416,blue,1,54ccf8cd-dfb8-4162-886a-d961f7ff9aea,45032,18,18,0
4586,blue,1,3af021ac-5448-45ef-ad1f-5b6568ee9fe1,42841,15,15,0
4586,blue,1,df0bde48-2029-4bbc-a54f-a49f6990c1e5,45056,18,18,0
4588,blue,1,f352ae16-386c-4377-8048-527305d08e46,42845,15,15,0
4588,blue,1,ab5eed14-cc1b-455f-8086-c9866c8cdf52,45060,18,18,0
4713,blue,1,9c3d2140-4eb9-405b-8d39-e97a7eb6b724,42943,15,15,0
4713,blue,1,a1da86f5-846e-48a1-a606-e92866a21c84,67949,18,18,0
4713,blue,2,75bd2651-faa3-4de3-b05d-4ff68a87d917,42944,15,15,0
4713,blue,2,bfb11046-6886-4f0d-8d32-464f073e7600,67950,18,18,0
4713,blue,3,5b05a49c-cc81-46e1-b59d-4f61a40dfd24,42945,15,15,0
4713,blue,3,e4c0c576-47b5-4906-9da1-4af5293af33b,67951,18,18,0
4728,blue,1,f9a21dcf-3f61-4f3f-ab6c-45c91ee9569b,42957,15,15,0
4728,blue,1,099feb93-3581-475e-9ec8-053cfb8cdca9,59881,18,18,0
4733,blue,1,77524aaa-8e9e-4fbd-8f44-2fcae123cec7,42987,15,15,0
4733,blue,1,f32efcdf-6cb3-4904-936a-61c5b8308a43,45076,18,18,0
4733,blue,2,ac71e3e8-fd36-4fe3-b9a3-8d4936ae24c8,42988,15,15,0
4733,blue,2,531a2103-1a45-4124-a221-472b915c3f2e,45078,18,18,0
4733,blue,3,b9f90020-d226-46ee-b5fb-aca38165b660,42989,15,15,0
4733,blue,3,b9db2541-b01f-41d6-ac66-2403e6586120,45080,18,18,0
4837,blue,1,9701b275-744c-427b-a7e8-10df2433661d,43097,15,15,0
4837,blue,1,e5969763-bd31-4e88-ae2c-7f0dc08a461d,45108,18,18,0
4956,blue,1,563e610b-ff76-4cf6-a77d-62cff3bdb950,43202,15,15,0
4956,blue,1,8e4de523-e282-4d99-80a1-40ac4e8428ed,53798,18,18,0
4956,blue,2,1b0de3ce-6a16-4b3a-8674-4dcb989f6721,43203,15,15,0
4956,blue,2,1a169fbb-7f87-4c13-96c3-344f1118fb8e,53799,18,18,0
4986,blue,1,3b78a8b4-57d6-4202-b49a-96622c94237b,43228,15,15,0
4986,blue,1,4fc3680c-86c5-44a1-b8b9-6fba07d2c400,45132,18,18,0
4986,blue,2,aa7ee9de-2b24-4f5e-bd63-00de7546e2df,43229,15,15,0
4986,blue,2,8e2a41a1-e0a2-4abc-8baf-66e1333f042d,45134,18,18,0
4989,blue,1,8fe2db3a-9869-43b2-8b7c-b8f6cce81d78,43239,15,15,0
4989,blue,1,861eb110-9760-462d-b703-c445e5ea293c,45146,18,18,0
4989,blue,2,ebcb9e53-117d-42ce-a4e9-f44e9ab52d7b,43240,15,15,0
4989,blue,2,0ef9d137-e633-43c2-888d-5572cf41ef13,45148,18,18,0
4989,blue,3,f8d8e49f-b2c8-49ba-a098-eedaf9f06edf,43241,15,15,0
4989,blue,3,6e6abf85-6bb2-4937-b379-9db68cad0654,45150,18,18,0
5086,blue,1,c96bb67f-699c-46e1-8d1b-2ac351cfde1c,43301,15,15,0
5086,blue,1,d2a45cdd-870b-4da9-9cfa-121a9751afb2,56666,18,18,0
5086,blue,2,0937dad9-4715-4ac0-9ded-347856855942,43302,15,15,0
5086,blue,2,02d30abf-9ef6-4856-9172-2dde2e4fa7ec,56667,18,18,0
5086,blue,3,12c47aea-765b-4289-a701-7bd09dbb451a,43303,15,15,0
5086,blue,3,82fd84a8-476d-44af-aba2-df1e898f3c87,56668,18,18,0
5090,blue,1,8c242bb0-7dd1-45e7-af42-c7e4b4064342,43333,15,15,0
5090,blue,1,7ba3635f-9ed9-4536-b534-ece780fb4eb5,45170,18,18,0
5090,blue,2,21939871-be7a-4f8d-9488-f9eedfbb2e6d,43334,15,15,0
5090,blue,2,3b2add37-3cf3-438e-9251-d74d80de95b7,45172,18,18,0
5090,blue,3,a2ffd4a2-09d1-4c90-8452-d4ad3a84e351,43335,15,15,0
5090,blue,3,cc71ae69-89cf-457f-8e96-175349908bb1,45174,18,18,0
5317,blue,1,6e248f2a-1756-4066-a743-fb655a5c5171,43605,15,15,0
5317,blue,1,c671656c-7204-4eb5-a0ac-9cf6e8627075,45186,18,18,0
5317,blue,2,4d48ad80-6169-4512-b9c8-ebc7e81524db,43606,15,15,0
5317,blue,2,1f50d5b6-3641-4cb5-abdc-76958c40a85b,45188,18,18,0
5317,blue,3,6970cbc8-8b57-4002-bb0e-bcaf6fe3fbab,43607,15,15,0
5317,blue,3,8cd629c3-e15f-4cb5-95f4-beb1d63cbd25,45190,18,18,0
5426,blue,1,d225ae19-4df2-40a9-bd0d-0411196e4236,43621,15,15,0
5426,blue,1,ffc5fd92-dc63-4189-8774-e97aa5f8c295,56674,18,18,0
5426,blue,2,1dbbb648-f5f3-472e-b62a-e048eb7f867e,43622,15,15,0
5426,blue,2,7914426c-e733-4ca8-871e-94f75f2bb5b1,56675,18,18,0
5426,blue,3,dcdadc08-4295-4cdf-af90-0c954098986e,43623,15,15,0
5426,blue,3,d1b55c93-4679-4ce5-a1f8-485c812e15da,56676,18,18,0
5530,blue,1,9dac6cf2-6b79-4be2-8505-ac19acf44363,43683,15,15,0
5530,blue,1,28bba397-576d-4226-a2cb-35d3d99e7940,45232,18,18,0
5530,blue,2,2bffa247-4343-40be-86f7-c6f0cbacbfe8,43684,15,15,0
5530,blue,2,4d8fd581-b639-4c3b-a1ce-ada8e04778cc,45234,18,18,0
5530,blue,3,765a2025-56a2-4ebf-b852-b9209eb8b79f,43685,15,15,0
5530,blue,3,9ca0e35e-ded1-4b04-ae62-2ee7b16117fa,45236,18,18,0
5538,blue,1,8eea826a-4f93-4b93-b405-6b97603f5a49,43707,15,15,0
5538,blue,1,137f07e5-4f7b-44a7-b0cf-8286706c9c3a,45200,18,18,0
5538,blue,2,b03b4495-8a90-4b10-9aef-1c6ac03baba7,43708,15,15,0
5538,blue,2,bf1535fe-5aa6-4c2c-9ad9-3418eca8ea86,45202,18,18,0
5538,blue,3,31b5c095-b712-4930-a7a2-a6d5966f4236,43709,15,15,0
5538,blue,3,41fb08e6-f7e1-4f9d-a9f2-3fcc0dd4a2ea,45204,18,18,0
5620,blue,1,4f682bdb-16b1-4322-acb9-dfe2919063b9,43781,15,15,0
5620,blue,1,68f4731f-6aef-42ee-8ae4-8c2d772fac1e,45252,18,18,0
5620,blue,2,ebf5145b-e716-4a80-ba66-6a27d4215288,43782,15,15,0
5620,blue,2,58f2935e-5658-43ef-9f1f-7f2fb56853cf,45254,18,18,0
5620,blue,3,a05e3d56-fdf3-4103-89f0-5425ccaed9d5,43783,15,15,0
5620,blue,3,13f1a600-2312-4a34-86ec-b3918efa9a1e,45256,18,18,0
5656,blue,1,471b0a4f-3ae0-4b9f-8a9a-d81723095b1a,43817,15,15,0
5656,blue,1,3213d63d-e3f9-4628-806d-ee58e3c18515,66968,18,18,0
5656,blue,2,d74a659e-cce5-4383-8234-3daee47306f3,43818,15,15,0
5656,blue,2,6f60158f-6582-4017-b8e3-8d90ad156d4e,66969,18,18,0
5656,blue,3,e99facbb-cb5b-4126-91ba-185500a79317,43819,15,15,0
5656,blue,3,de7d9231-e617-4f62-aaf5-4db5089ffe54,66970,18,18,0
5672,blue,1,401ac625-25d0-42d2-ad58-ed8ea1e0827f,43824,15,15,0
5672,blue,1,00a0e59d-8179-490d-b61c-b045464d7ba5,45260,18,18,0
5672,blue,2,4d45de22-eab3-435a-a9cd-87431e5f56a7,43825,15,15,0
5672,blue,2,033957c1-c5c4-45dc-8baf-e7f373f635a8,45262,18,18,0
5765,blue,1,772e8520-b868-4c66-b95d-f2cea3c72a01,43883,15,15,0
5765,blue,1,f96da88d-2c4b-4813-85b0-a9be50f8f174,45274,18,18,0
5915,blue,1,690b9857-f7c7-42c1-9d1d-aeb304592f36,43977,15,15,0
5915,blue,1,50bd19fd-fbd6-46bc-b8f4-70b086d82b64,45294,18,18,0
5915,blue,2,6173c0e5-eb2b-47d9-9078-056aad80e876,43978,15,15,0
5915,blue,2,0d1bda22-2495-4f18-9c15-b45f3d994dce,45296,18,18,0
5915,blue,3,3ebaa37e-8f7e-493b-8139-ea6f14e49059,43979,15,15,0
5915,blue,3,fc4072c0-05b5-4917-8554-34b573f2ee4c,45298,18,18,0
5966,blue,1,f0f6e2ab-5199-4bf6-9bf7-0c9ce0904495,44017,15,15,0
5966,blue,1,2051a8cd-3e84-45e6-a56b-47ca1a76908f,45278,18,18,0
5966,blue,2,dd9b9255-3eb6-4422-9ed1-d6a63321ae06,44018,15,15,0
5966,blue,2,89bd8916-7e11-44ca-bf55-3443e2c4a240,45280,18,18,0
5966,blue,3,ee738ddd-4482-4ee5-b9f1-a235e8220993,44019,15,15,0
5966,blue,3,6a6acb3d-47ac-4ad0-ba14-9c19afe32361,45282,18,18,0
5999,blue,1,978c29b6-2f54-4116-b298-ecdb8aa3460e,44033,15,15,0
5999,blue,1,f7170a74-f6d7-4d9b-a715-632727638653,45286,18,18,0
5999,blue,2,89d37d65-0b79-4e48-8b0d-29d3f2857b96,44034,15,15,0
5999,blue,2,3a1bde72-767a-44b7-8db6-7c70954aec6b,45288,18,18,0
5999,blue,3,1017e70f-9dd3-4184-978d-7fac4410cf9e,44035,15,15,0
5999,blue,3,3ef9e493-b9f6-405e-8055-7cd12f2ca975,45290,18,18,0
6000,blue,1,b0832383-3c00-46ef-8d40-085b2130e9b5,44040,15,15,0
6000,blue,1,2e5009f2-e56e-4900-927a-152a376539f2,45310,18,18,0
6000,blue,2,71dc6a64-87b8-4074-9c61-1d5bffce5ba6,44041,15,15,0
6000,blue,2,8638e506-ee33-4e80-8ee1-2c681dd7c3c0,45312,18,18,0
6068,blue,1,30fec845-b2fd-4b64-9d6c-bd2d68fabdf2,44102,15,15,0
6068,blue,1,31c0c4d0-a511-4e1d-9d6b-1a92236ffac5,45320,18,18,0
6068,blue,2,b7dba0d2-7a8c-466d-b243-56819aec27b2,44103,15,15,0
6068,blue,2,853d079b-6dbc-4e31-8e31-f885f11c0bad,45322,18,18,0
6116,blue,1,c56f0818-2c79-4baf-86ed-c75da8899e41,44119,15,15,0
6116,blue,1,f3424abc-6750-40d8-9f89-831101c8404d,45326,18,18,0
6373,blue,1,579b569a-346d-4dbc-9165-3ad44b887ba9,44173,15,15,0
6373,blue,1,d043a28e-1e71-4821-9231-759b7db5227c,46017,18,18,0
6373,blue,2,2f26ec79-cd08-4702-ab9a-722128a7ec10,44174,15,15,0
6373,blue,2,3aa58011-813b-496c-89ba-bc22bd3a9bc1,46019,18,18,0
6373,blue,3,37f3a6fa-7e47-43ec-b8bf-9bda08fc779f,44175,15,15,0
6373,blue,3,8728b4ee-4a8f-44bd-877e-45bcf5043ceb,46021,18,18,0
6405,blue,1,4e5779cf-2be8-404f-9f0b-547369a885b1,44187,15,15,0
6405,blue,1,42966d9b-b6f1-4fdc-a8a9-3d9507f9ac61,45376,18,18,0
6405,blue,2,d870f781-7e08-4fb2-b2de-eae1bad1b5a6,44188,15,15,0
6405,blue,2,63a477e5-8bd9-4e7c-a6aa-2b45b2a70c7c,45378,18,18,0
6405,blue,3,1250437f-0688-41fb-a22e-d20c1cafabfc,44189,15,15,0
6405,blue,3,45496a89-c006-42ae-942b-575314e283d6,45380,18,18,0
6428,blue,1,75000d6c-1e4c-4e7a-b4bd-42344472ea0e,44199,15,15,0
6428,blue,1,19169957-9973-43f2-a1af-b82ff06d0000,45390,18,18,0
6428,blue,2,8adbf3a7-0368-4ab0-a2bd-fab54c1b1060,44200,15,15,0
6428,blue,2,8c525ce9-1675-41b8-85f7-34f9c678c2c8,45392,18,18,0
6428,blue,3,db0d3978-e6cd-412c-95f0-9be854d0a7b9,44201,15,15,0
6428,blue,3,cf572f86-d161-41d4-9bee-f9140f1a15ec,45394,18,18,0
6726,blue,1,0bbf455b-4306-426f-80c1-8a8acd875336,44258,15,15,0
6726,blue,1,81545052-e51b-4d38-bc4f-bfd9add5f8e2,45416,18,18,0
6726,blue,2,40925f6d-50eb-4a8e-8f2a-3b6640ec730d,44259,15,15,0
6726,blue,2,af8fd1ca-a4e9-4afa-a22e-917a6f86fb3e,45418,18,18,0
6875,blue,1,973a56fc-b838-47c8-a251-ff672c9347c7,44275,15,15,0
6875,blue,1,4950bdc7-2180-427f-ab6d-6859336fcc9f,45434,18,18,0
7041,blue,1,75da34f6-c0df-43fc-86fe-49a02ade4039,44293,15,15,0
7041,blue,1,16533a0d-23aa-4309-83de-534a036ac0e8,45446,18,18,0
7041,blue,2,a82718e3-1b29-435b-9053-574ef51bc147,44294,15,15,0
7041,blue,2,b0ec769e-8ae2-4bc5-a240-a2345bac36fc,45448,18,18,0
7041,blue,3,7802ac9f-cbb1-4178-92d4-98f0b3cdded2,44295,15,15,0
7041,blue,3,7ce628c9-422a-495c-97eb-7f693c63639c,45450,18,18,0
7042,blue,1,dfa21f87-54b7-4285-815d-fd44ba86c8e8,44299,15,15,0
7042,blue,1,b97bf2bd-6eab-4a74-b97e-f3b8362d8632,45438,18,18,0
7139,blue,1,c8558bd4-a041-42d9-a4bb-68415665ecfd,44307,15,15,0
7139,blue,1,fed8813c-fbdc-4d98-9d8c-466b870b6110,45454,18,18,0
7239,blue,1,3087934d-6d49-45ee-828c-2cfb1b0d8ba8,44318,15,15,0
7239,blue,1,e67a3623-02e9-4374-b650-01f3359e7d98,45458,18,18,0
7239,blue,2,c3a7c92c-a2ec-4ebc-ac8e-acee7e3728fe,44319,15,15,0
7239,blue,2,09b4f7ea-2ced-45b3-b90d-89442cab25c9,45460,18,18,0
7273,blue,1,80a31832-85cd-48ee-aeb6-1db67a49ac1a,44359,15,15,0
7273,blue,1,aba3fe09-4f39-4195-8e37-577e89141669,44724,17,17,0
7317,blue,1,ab0b542d-3224-4646-8f89-58266fef2ba3,44389,15,15,0
7317,blue,1,0f297eaa-89c9-4ec3-ab30-8ad830abf3cd,44716,17,17,0
7317,blue,2,ff9fee65-b155-49ea-93f3-6bf87291466c,44390,15,15,0
7317,blue,2,71695b5e-8e74-460d-80d4-c5447288ac5b,44718,17,17,0
7317,blue,3,91e2b196-1811-4666-b7fc-463b387938a6,44391,15,15,0
7317,blue,3,fb30b842-e692-4307-82d7-e6dfb7b2cdd1,44720,17,17,0
7341,blue,1,564c15a8-5753-4a66-beed-9b2a893c0404,44420,15,15,0
7341,blue,1,53da97aa-0350-4fad-acff-6ae56a3e1dba,44728,17,17,0
7341,blue,2,b7b592be-cdb0-4b13-a3a0-158085279ec7,44421,15,15,0
7341,blue,2,f26773f1-394c-4bf6-a91f-348f258445ee,44730,17,17,0
