archive_key,fight_id,event_date,expected_scored_rounds,round_row,judge_block,fighter_column_in_block,column_index,x_center,y_center,ocr_text,parsed_points,contract_valid_0_10,typical_7_10
0dca621cdc8a4331a2e01ab9.png,bef1d631-3c97-5780-ae11-2835dc61e51c,2025-07-26,1,1,1,1,0,0.07353,0.4173,,,false,false
0dca621cdc8a4331a2e01ab9.png,bef1d631-3c97-5780-ae11-2835dc61e51c,2025-07-26,1,1,1,2,1,0.28736,0.4173,,,false,false
0dca621cdc8a4331a2e01ab9.png,bef1d631-3c97-5780-ae11-2835dc61e51c,2025-07-26,1,1,2,1,2,0.38939,0.4173,,,false,false
0dca621cdc8a4331a2e01ab9.png,bef1d631-3c97-5780-ae11-2835dc61e51c,2025-07-26,1,1,2,2,3,0.60608,0.4173,,,false,false
0dca621cdc8a4331a2e01ab9.png,bef1d631-3c97-5780-ae11-2835dc61e51c,2025-07-26,1,1,3,1,4,0.71367,0.4173,,,false,false
0dca621cdc8a4331a2e01ab9.png,bef1d631-3c97-5780-ae11-2835dc61e51c,2025-07-26,1,1,3,2,5,0.92582,0.4173,,,false,false
0ed1428a522b314a5c743d7c.jpeg,267042a6-3f21-5f8a-9da8-4dc4b6745213,2023-09-02,"1,2,3",1,1,1,0,0.07353,0.4173,0,0,true,false
0ed1428a522b314a5c743d7c.jpeg,267042a6-3f21-5f8a-9da8-4dc4b6745213,2023-09-02,"1,2,3",1,1,2,1,0.28736,0.4173,,,false,false
0ed1428a522b314a5c743d7c.jpeg,267042a6-3f21-5f8a-9da8-4dc4b6745213,2023-09-02,"1,2,3",1,2,1,2,0.38939,0.4173,0,0,true,false
0ed1428a522b314a5c743d7c.jpeg,267042a6-3f21-5f8a-9da8-4dc4b6745213,2023-09-02,"1,2,3",1,2,2,3,0.60608,0.4173,,,false,false
0ed1428a522b314a5c743d7c.jpeg,267042a6-3f21-5f8a-9da8-4dc4b6745213,2023-09-02,"1,2,3",1,3,1,4,0.71367,0.4173,,,false,false
0ed1428a522b314a5c743d7c.jpeg,267042a6-3f21-5f8a-9da8-4dc4b6745213,2023-09-02,"1,2,3",1,3,2,5,0.92582,0.4173,9,9,true,true
0ed1428a522b314a5c743d7c.jpeg,267042a6-3f21-5f8a-9da8-4dc4b6745213,2023-09-02,"1,2,3",2,1,1,0,0.07353,0.4595,0,0,true,false
0ed1428a522b314a5c743d7c.jpeg,267042a6-3f21-5f8a-9da8-4dc4b6745213,2023-09-02,"1,2,3",2,1,2,1,0.28736,0.4595,,,false,false
0ed1428a522b314a5c743d7c.jpeg,267042a6-3f21-5f8a-9da8-4dc4b6745213,2023-09-02,"1,2,3",2,2,1,2,0.38939,0.4595,0,0,true,false
0ed1428a522b314a5c743d7c.jpeg,267042a6-3f21-5f8a-9da8-4dc4b6745213,2023-09-02,"1,2,3",2,2,2,3,0.60608,0.4595,,,false,false
0ed1428a522b314a5c743d7c.jpeg,267042a6-3f21-5f8a-9da8-4dc4b6745213,2023-09-02,"1,2,3",2,3,1,4,0.71367,0.4595,,,false,false
0ed1428a522b314a5c743d7c.jpeg,267042a6-3f21-5f8a-9da8-4dc4b6745213,2023-09-02,"1,2,3",2,3,2,5,0.92582,0.4595,3,3,true,false
0ed1428a522b314a5c743d7c.jpeg,267042a6-3f21-5f8a-9da8-4dc4b6745213,2023-09-02,"1,2,3",3,1,1,0,0.07353,0.5026,9,9,true,true
0ed1428a522b314a5c743d7c.jpeg,267042a6-3f21-5f8a-9da8-4dc4b6745213,2023-09-02,"1,2,3",3,1,2,1,0.28736,0.5026,10,10,true,true
0ed1428a522b314a5c743d7c.jpeg,267042a6-3f21-5f8a-9da8-4dc4b6745213,2023-09-02,"1,2,3",3,2,1,2,0.38939,0.5026,9,9,true,true
0ed1428a522b314a5c743d7c.jpeg,267042a6-3f21-5f8a-9da8-4dc4b6745213,2023-09-02,"1,2,3",3,2,2,3,0.60608,0.5026,10,10,true,true
0ed1428a522b314a5c743d7c.jpeg,267042a6-3f21-5f8a-9da8-4dc4b6745213,2023-09-02,"1,2,3",3,3,1,4,0.71367,0.5026,0,0,true,false
0ed1428a522b314a5c743d7c.jpeg,267042a6-3f21-5f8a-9da8-4dc4b6745213,2023-09-02,"1,2,3",3,3,2,5,0.92582,0.5026,7,7,true,true
10a33011f2282af5f7f55c2c.jpg,e1b6931f-ab8a-50a9-9f1b-d48d5b3c1f5e,2026-08-15,"1,2",1,1,1,0,0.07353,0.4173,,,false,false
10a33011f2282af5f7f55c2c.jpg,e1b6931f-ab8a-50a9-9f1b-d48d5b3c1f5e,2026-08-15,"1,2",1,1,2,1,0.28736,0.4173,,,false,false
10a33011f2282af5f7f55c2c.jpg,e1b6931f-ab8a-50a9-9f1b-d48d5b3c1f5e,2026-08-15,"1,2",1,2,1,2,0.38939,0.4173,,,false,false
10a33011f2282af5f7f55c2c.jpg,e1b6931f-ab8a-50a9-9f1b-d48d5b3c1f5e,2026-08-15,"1,2",1,2,2,3,0.60608,0.4173,,,false,false
10a33011f2282af5f7f55c2c.jpg,e1b6931f-ab8a-50a9-9f1b-d48d5b3c1f5e,2026-08-15,"1,2",1,3,1,4,0.71367,0.4173,,,false,false
10a33011f2282af5f7f55c2c.jpg,e1b6931f-ab8a-50a9-9f1b-d48d5b3c1f5e,2026-08-15,"1,2",1,3,2,5,0.92582,0.4173,,,false,false
10a33011f2282af5f7f55c2c.jpg,e1b6931f-ab8a-50a9-9f1b-d48d5b3c1f5e,2026-08-15,"1,2",2,1,1,0,0.07353,0.4595,9,9,true,true
10a33011f2282af5f7f55c2c.jpg,e1b6931f-ab8a-50a9-9f1b-d48d5b3c1f5e,2026-08-15,"1,2",2,1,2,1,0.28736,0.4595,4,4,true,false
10a33011f2282af5f7f55c2c.jpg,e1b6931f-ab8a-50a9-9f1b-d48d5b3c1f5e,2026-08-15,"1,2",2,2,1,2,0.38939,0.4595,,,false,false
10a33011f2282af5f7f55c2c.jpg,e1b6931f-ab8a-50a9-9f1b-d48d5b3c1f5e,2026-08-15,"1,2",2,2,2,3,0.60608,0.4595,97,9,true,true
10a33011f2282af5f7f55c2c.jpg,e1b6931f-ab8a-50a9-9f1b-d48d5b3c1f5e,2026-08-15,"1,2",2,3,1,4,0.71367,0.4595,9,9,true,true
10a33011f2282af5f7f55c2c.jpg,e1b6931f-ab8a-50a9-9f1b-d48d5b3c1f5e,2026-08-15,"1,2",2,3,2,5,0.92582,0.4595,,,false,false
13e2e75c0bf52ea10abedd20.jpg,27d9ad46-0045-501c-92cb-decdceac2328,2020-12-05,"1,2,3,4,5",1,1,1,0,0.07353,0.4173,3,3,true,false
13e2e75c0bf52ea10abedd20.jpg,27d9ad46-0045-501c-92cb-decdceac2328,2020-12-05,"1,2,3,4,5",1,1,2,1,0.28736,0.4173,0,0,true,false
13e2e75c0bf52ea10abedd20.jpg,27d9ad46-0045-501c-92cb-decdceac2328,2020-12-05,"1,2,3,4,5",1,2,1,2,0.38939,0.4173,3,3,true,false
13e2e75c0bf52ea10abedd20.jpg,27d9ad46-0045-501c-92cb-decdceac2328,2020-12-05,"1,2,3,4,5",1,2,2,3,0.60608,0.4173,10,10,true,true
13e2e75c0bf52ea10abedd20.jpg,27d9ad46-0045-501c-92cb-decdceac2328,2020-12-05,"1,2,3,4,5",1,3,1,4,0.71367,0.4173,,,false,false
13e2e75c0bf52ea10abedd20.jpg,27d9ad46-0045-501c-92cb-decdceac2328,2020-12-05,"1,2,3,4,5",1,3,2,5,0.92582,0.4173,0,0,true,false
13e2e75c0bf52ea10abedd20.jpg,27d9ad46-0045-501c-92cb-decdceac2328,2020-12-05,"1,2,3,4,5",2,1,1,0,0.07353,0.4595,3,3,true,false
13e2e75c0bf52ea10abedd20.jpg,27d9ad46-0045-501c-92cb-decdceac2328,2020-12-05,"1,2,3,4,5",2,1,2,1,0.28736,0.4595,0,0,true,false
13e2e75c0bf52ea10abedd20.jpg,27d9ad46-0045-501c-92cb-decdceac2328,2020-12-05,"1,2,3,4,5",2,2,1,2,0.38939,0.4595,9,9,true,true
13e2e75c0bf52ea10abedd20.jpg,27d9ad46-0045-501c-92cb-decdceac2328,2020-12-05,"1,2,3,4,5",2,2,2,3,0.60608,0.4595,10,10,true,true
13e2e75c0bf52ea10abedd20.jpg,27d9ad46-0045-501c-92cb-decdceac2328,2020-12-05,"1,2,3,4,5",2,3,1,4,0.71367,0.4595,3,3,true,false
13e2e75c0bf52ea10abedd20.jpg,27d9ad46-0045-501c-92cb-decdceac2328,2020-12-05,"1,2,3,4,5",2,3,2,5,0.92582,0.4595,0,0,true,false
13e2e75c0bf52ea10abedd20.jpg,27d9ad46-0045-501c-92cb-decdceac2328,2020-12-05,"1,2,3,4,5",3,1,1,0,0.07353,0.5026,,,false,false
13e2e75c0bf52ea10abedd20.jpg,27d9ad46-0045-501c-92cb-decdceac2328,2020-12-05,"1,2,3,4,5",3,1,2,1,0.28736,0.5026,,,false,false
13e2e75c0bf52ea10abedd20.jpg,27d9ad46-0045-501c-92cb-decdceac2328,2020-12-05,"1,2,3,4,5",3,2,1,2,0.38939,0.5026,7,7,true,true
13e2e75c0bf52ea10abedd20.jpg,27d9ad46-0045-501c-92cb-decdceac2328,2020-12-05,"1,2,3,4,5",3,2,2,3,0.60608,0.5026,3,3,true,false
13e2e75c0bf52ea10abedd20.jpg,27d9ad46-0045-501c-92cb-decdceac2328,2020-12-05,"1,2,3,4,5",3,3,1,4,0.71367,0.5026,0,0,true,false
13e2e75c0bf52ea10abedd20.jpg,27d9ad46-0045-501c-92cb-decdceac2328,2020-12-05,"1,2,3,4,5",3,3,2,5,0.92582,0.5026,3,3,true,false
13e2e75c0bf52ea10abedd20.jpg,27d9ad46-0045-501c-92cb-decdceac2328,2020-12-05,"1,2,3,4,5",4,1,1,0,0.07353,0.5458,3,3,true,false
13e2e75c0bf52ea10abedd20.jpg,27d9ad46-0045-501c-92cb-decdceac2328,2020-12-05,"1,2,3,4,5",4,1,2,1,0.28736,0.5458,0,0,true,false
13e2e75c0bf52ea10abedd20.jpg,27d9ad46-0045-501c-92cb-decdceac2328,2020-12-05,"1,2,3,4,5",4,2,1,2,0.38939,0.5458,9,9,true,true
13e2e75c0bf52ea10abedd20.jpg,27d9ad46-0045-501c-92cb-decdceac2328,2020-12-05,"1,2,3,4,5",4,2,2,3,0.60608,0.5458,0,0,true,false
13e2e75c0bf52ea10abedd20.jpg,27d9ad46-0045-501c-92cb-decdceac2328,2020-12-05,"1,2,3,4,5",4,3,1,4,0.71367,0.5458,,,false,false
13e2e75c0bf52ea10abedd20.jpg,27d9ad46-0045-501c-92cb-decdceac2328,2020-12-05,"1,2,3,4,5",4,3,2,5,0.92582,0.5458,10,10,true,true
13e2e75c0bf52ea10abedd20.jpg,27d9ad46-0045-501c-92cb-decdceac2328,2020-12-05,"1,2,3,4,5",5,1,1,0,0.07353,0.5898,3,3,true,false
13e2e75c0bf52ea10abedd20.jpg,27d9ad46-0045-501c-92cb-decdceac2328,2020-12-05,"1,2,3,4,5",5,1,2,1,0.28736,0.5898,,,false,false
13e2e75c0bf52ea10abedd20.jpg,27d9ad46-0045-501c-92cb-decdceac2328,2020-12-05,"1,2,3,4,5",5,2,1,2,0.38939,0.5898,3,3,true,false
13e2e75c0bf52ea10abedd20.jpg,27d9ad46-0045-501c-92cb-decdceac2328,2020-12-05,"1,2,3,4,5",5,2,2,3,0.60608,0.5898,10,10,true,true
13e2e75c0bf52ea10abedd20.jpg,27d9ad46-0045-501c-92cb-decdceac2328,2020-12-05,"1,2,3,4,5",5,3,1,4,0.71367,0.5898,3,3,true,false
13e2e75c0bf52ea10abedd20.jpg,27d9ad46-0045-501c-92cb-decdceac2328,2020-12-05,"1,2,3,4,5",5,3,2,5,0.92582,0.5898,10,10,true,true
18566ac7a3a2fe21a7657885.jpeg,fd228746-4287-50aa-b5c2-97e2cb863a70,2023-12-02,1,1,1,1,0,0.07353,0.4173,9,9,true,true
18566ac7a3a2fe21a7657885.jpeg,fd228746-4287-50aa-b5c2-97e2cb863a70,2023-12-02,1,1,1,2,1,0.28736,0.4173,0,0,true,false
18566ac7a3a2fe21a7657885.jpeg,fd228746-4287-50aa-b5c2-97e2cb863a70,2023-12-02,1,1,2,1,2,0.38939,0.4173,3,3,true,false
18566ac7a3a2fe21a7657885.jpeg,fd228746-4287-50aa-b5c2-97e2cb863a70,2023-12-02,1,1,2,2,3,0.60608,0.4173,19,1,true,false
18566ac7a3a2fe21a7657885.jpeg,fd228746-4287-50aa-b5c2-97e2cb863a70,2023-12-02,1,1,3,1,4,0.71367,0.4173,3,3,true,false
18566ac7a3a2fe21a7657885.jpeg,fd228746-4287-50aa-b5c2-97e2cb863a70,2023-12-02,1,1,3,2,5,0.92582,0.4173,,,false,false
1e3811380574d61624efbf81.jpg,dedf4087-58a0-50e5-8665-9f53814e4408,2022-11-19,"1,2,3",1,1,1,0,0.07353,0.4173,,,false,false
1e3811380574d61624efbf81.jpg,dedf4087-58a0-50e5-8665-9f53814e4408,2022-11-19,"1,2,3",1,1,2,1,0.28736,0.4173,,,false,false
1e3811380574d61624efbf81.jpg,dedf4087-58a0-50e5-8665-9f53814e4408,2022-11-19,"1,2,3",1,2,1,2,0.38939,0.4173,,,false,false
1e3811380574d61624efbf81.jpg,dedf4087-58a0-50e5-8665-9f53814e4408,2022-11-19,"1,2,3",1,2,2,3,0.60608,0.4173,3,3,true,false
1e3811380574d61624efbf81.jpg,dedf4087-58a0-50e5-8665-9f53814e4408,2022-11-19,"1,2,3",1,3,1,4,0.71367,0.4173,,,false,false
1e3811380574d61624efbf81.jpg,dedf4087-58a0-50e5-8665-9f53814e4408,2022-11-19,"1,2,3",1,3,2,5,0.92582,0.4173,,,false,false
1e3811380574d61624efbf81.jpg,dedf4087-58a0-50e5-8665-9f53814e4408,2022-11-19,"1,2,3",2,1,1,0,0.07353,0.4595,3,3,true,false
1e3811380574d61624efbf81.jpg,dedf4087-58a0-50e5-8665-9f53814e4408,2022-11-19,"1,2,3",2,1,2,1,0.28736,0.4595,0,0,true,false
1e3811380574d61624efbf81.jpg,dedf4087-58a0-50e5-8665-9f53814e4408,2022-11-19,"1,2,3",2,2,1,2,0.38939,0.4595,3,3,true,false
1e3811380574d61624efbf81.jpg,dedf4087-58a0-50e5-8665-9f53814e4408,2022-11-19,"1,2,3",2,2,2,3,0.60608,0.4595,10,10,true,true
1e3811380574d61624efbf81.jpg,dedf4087-58a0-50e5-8665-9f53814e4408,2022-11-19,"1,2,3",2,3,1,4,0.71367,0.4595,3,3,true,false
1e3811380574d61624efbf81.jpg,dedf4087-58a0-50e5-8665-9f53814e4408,2022-11-19,"1,2,3",2,3,2,5,0.92582,0.4595,0,0,true,false
1e3811380574d61624efbf81.jpg,dedf4087-58a0-50e5-8665-9f53814e4408,2022-11-19,"1,2,3",3,1,1,0,0.07353,0.5026,3,3,true,false
1e3811380574d61624efbf81.jpg,dedf4087-58a0-50e5-8665-9f53814e4408,2022-11-19,"1,2,3",3,1,2,1,0.28736,0.5026,,,false,false
1e3811380574d61624efbf81.jpg,dedf4087-58a0-50e5-8665-9f53814e4408,2022-11-19,"1,2,3",3,2,1,2,0.38939,0.5026,3,3,true,false
1e3811380574d61624efbf81.jpg,dedf4087-58a0-50e5-8665-9f53814e4408,2022-11-19,"1,2,3",3,2,2,3,0.60608,0.5026,7,7,true,true
1e3811380574d61624efbf81.jpg,dedf4087-58a0-50e5-8665-9f53814e4408,2022-11-19,"1,2,3",3,3,1,4,0.71367,0.5026,,,false,false
1e3811380574d61624efbf81.jpg,dedf4087-58a0-50e5-8665-9f53814e4408,2022-11-19,"1,2,3",3,3,2,5,0.92582,0.5026,,,false,false
20e248bc574b896fddf2d942.png,c4eb7d31-9c25-5ce0-bd33-da8fc3b50120,2025-06-14,"1,2,3",1,1,1,0,0.07353,0.4173,,,false,false
20e248bc574b896fddf2d942.png,c4eb7d31-9c25-5ce0-bd33-da8fc3b50120,2025-06-14,"1,2,3",1,1,2,1,0.28736,0.4173,,,false,false
20e248bc574b896fddf2d942.png,c4eb7d31-9c25-5ce0-bd33-da8fc3b50120,2025-06-14,"1,2,3",1,2,1,2,0.38939,0.4173,,,false,false
20e248bc574b896fddf2d942.png,c4eb7d31-9c25-5ce0-bd33-da8fc3b50120,2025-06-14,"1,2,3",1,2,2,3,0.60608,0.4173,,,false,false
20e248bc574b896fddf2d942.png,c4eb7d31-9c25-5ce0-bd33-da8fc3b50120,2025-06-14,"1,2,3",1,3,1,4,0.71367,0.4173,,,false,false
20e248bc574b896fddf2d942.png,c4eb7d31-9c25-5ce0-bd33-da8fc3b50120,2025-06-14,"1,2,3",1,3,2,5,0.92582,0.4173,2,2,true,false
20e248bc574b896fddf2d942.png,c4eb7d31-9c25-5ce0-bd33-da8fc3b50120,2025-06-14,"1,2,3",2,1,1,0,0.07353,0.4595,,,false,false
20e248bc574b896fddf2d942.png,c4eb7d31-9c25-5ce0-bd33-da8fc3b50120,2025-06-14,"1,2,3",2,1,2,1,0.28736,0.4595,,,false,false
20e248bc574b896fddf2d942.png,c4eb7d31-9c25-5ce0-bd33-da8fc3b50120,2025-06-14,"1,2,3",2,2,1,2,0.38939,0.4595,,,false,false
20e248bc574b896fddf2d942.png,c4eb7d31-9c25-5ce0-bd33-da8fc3b50120,2025-06-14,"1,2,3",2,2,2,3,0.60608,0.4595,,,false,false
20e248bc574b896fddf2d942.png,c4eb7d31-9c25-5ce0-bd33-da8fc3b50120,2025-06-14,"1,2,3",2,3,1,4,0.71367,0.4595,,,false,false
20e248bc574b896fddf2d942.png,c4eb7d31-9c25-5ce0-bd33-da8fc3b50120,2025-06-14,"1,2,3",2,3,2,5,0.92582,0.4595,,,false,false
20e248bc574b896fddf2d942.png,c4eb7d31-9c25-5ce0-bd33-da8fc3b50120,2025-06-14,"1,2,3",3,1,1,0,0.07353,0.5026,,,false,false
20e248bc574b896fddf2d942.png,c4eb7d31-9c25-5ce0-bd33-da8fc3b50120,2025-06-14,"1,2,3",3,1,2,1,0.28736,0.5026,,,false,false
20e248bc574b896fddf2d942.png,c4eb7d31-9c25-5ce0-bd33-da8fc3b50120,2025-06-14,"1,2,3",3,2,1,2,0.38939,0.5026,,,false,false
20e248bc574b896fddf2d942.png,c4eb7d31-9c25-5ce0-bd33-da8fc3b50120,2025-06-14,"1,2,3",3,2,2,3,0.60608,0.5026,,,false,false
20e248bc574b896fddf2d942.png,c4eb7d31-9c25-5ce0-bd33-da8fc3b50120,2025-06-14,"1,2,3",3,3,1,4,0.71367,0.5026,,,false,false
20e248bc574b896fddf2d942.png,c4eb7d31-9c25-5ce0-bd33-da8fc3b50120,2025-06-14,"1,2,3",3,3,2,5,0.92582,0.5026,,,false,false
29068699e683cf1f5aea0f00.jpg,60933b47-b68c-55f3-9573-73db7f9a146a,2021-06-26,"1,2,3",1,1,1,0,0.07353,0.4173,3,3,true,false
29068699e683cf1f5aea0f00.jpg,60933b47-b68c-55f3-9573-73db7f9a146a,2021-06-26,"1,2,3",1,1,2,1,0.28736,0.4173,0,0,true,false
29068699e683cf1f5aea0f00.jpg,60933b47-b68c-55f3-9573-73db7f9a146a,2021-06-26,"1,2,3",1,2,1,2,0.38939,0.4173,3,3,true,false
29068699e683cf1f5aea0f00.jpg,60933b47-b68c-55f3-9573-73db7f9a146a,2021-06-26,"1,2,3",1,2,2,3,0.60608,0.4173,10,10,true,true
29068699e683cf1f5aea0f00.jpg,60933b47-b68c-55f3-9573-73db7f9a146a,2021-06-26,"1,2,3",1,3,1,4,0.71367,0.4173,3,3,true,false
29068699e683cf1f5aea0f00.jpg,60933b47-b68c-55f3-9573-73db7f9a146a,2021-06-26,"1,2,3",1,3,2,5,0.92582,0.4173,0,0,true,false
29068699e683cf1f5aea0f00.jpg,60933b47-b68c-55f3-9573-73db7f9a146a,2021-06-26,"1,2,3",2,1,1,0,0.07353,0.4595,0,0,true,false
29068699e683cf1f5aea0f00.jpg,60933b47-b68c-55f3-9573-73db7f9a146a,2021-06-26,"1,2,3",2,1,2,1,0.28736,0.4595,9,9,true,true
29068699e683cf1f5aea0f00.jpg,60933b47-b68c-55f3-9573-73db7f9a146a,2021-06-26,"1,2,3",2,2,1,2,0.38939,0.4595,10,10,true,true
29068699e683cf1f5aea0f00.jpg,60933b47-b68c-55f3-9573-73db7f9a146a,2021-06-26,"1,2,3",2,2,2,3,0.60608,0.4595,3,3,true,false
29068699e683cf1f5aea0f00.jpg,60933b47-b68c-55f3-9573-73db7f9a146a,2021-06-26,"1,2,3",2,3,1,4,0.71367,0.4595,0,0,true,false
29068699e683cf1f5aea0f00.jpg,60933b47-b68c-55f3-9573-73db7f9a146a,2021-06-26,"1,2,3",2,3,2,5,0.92582,0.4595,,,false,false
29068699e683cf1f5aea0f00.jpg,60933b47-b68c-55f3-9573-73db7f9a146a,2021-06-26,"1,2,3",3,1,1,0,0.07353,0.5026,3,3,true,false
29068699e683cf1f5aea0f00.jpg,60933b47-b68c-55f3-9573-73db7f9a146a,2021-06-26,"1,2,3",3,1,2,1,0.28736,0.5026,,,false,false
29068699e683cf1f5aea0f00.jpg,60933b47-b68c-55f3-9573-73db7f9a146a,2021-06-26,"1,2,3",3,2,1,2,0.38939,0.5026,3,3,true,false
29068699e683cf1f5aea0f00.jpg,60933b47-b68c-55f3-9573-73db7f9a146a,2021-06-26,"1,2,3",3,2,2,3,0.60608,0.5026,0,0,true,false
29068699e683cf1f5aea0f00.jpg,60933b47-b68c-55f3-9573-73db7f9a146a,2021-06-26,"1,2,3",3,3,1,4,0.71367,0.5026,3,3,true,false
29068699e683cf1f5aea0f00.jpg,60933b47-b68c-55f3-9573-73db7f9a146a,2021-06-26,"1,2,3",3,3,2,5,0.92582,0.5026,0,0,true,false
2c01cf1021e3b14e7e8f996f.jpg,466b5bcb-36aa-591e-8c5f-cd2f09662bba,2022-01-22,"1,2,3,4,5",1,1,1,0,0.07353,0.4173,3,3,true,false
2c01cf1021e3b14e7e8f996f.jpg,466b5bcb-36aa-591e-8c5f-cd2f09662bba,2022-01-22,"1,2,3,4,5",1,1,2,1,0.28736,0.4173,0,0,true,false
2c01cf1021e3b14e7e8f996f.jpg,466b5bcb-36aa-591e-8c5f-cd2f09662bba,2022-01-22,"1,2,3,4,5",1,2,1,2,0.38939,0.4173,,,false,false
2c01cf1021e3b14e7e8f996f.jpg,466b5bcb-36aa-591e-8c5f-cd2f09662bba,2022-01-22,"1,2,3,4,5",1,2,2,3,0.60608,0.4173,3,3,true,false
2c01cf1021e3b14e7e8f996f.jpg,466b5bcb-36aa-591e-8c5f-cd2f09662bba,2022-01-22,"1,2,3,4,5",1,3,1,4,0.71367,0.4173,,,false,false
2c01cf1021e3b14e7e8f996f.jpg,466b5bcb-36aa-591e-8c5f-cd2f09662bba,2022-01-22,"1,2,3,4,5",1,3,2,5,0.92582,0.4173,,,false,false
2c01cf1021e3b14e7e8f996f.jpg,466b5bcb-36aa-591e-8c5f-cd2f09662bba,2022-01-22,"1,2,3,4,5",2,1,1,0,0.07353,0.4595,3,3,true,false
2c01cf1021e3b14e7e8f996f.jpg,466b5bcb-36aa-591e-8c5f-cd2f09662bba,2022-01-22,"1,2,3,4,5",2,1,2,1,0.28736,0.4595,0,0,true,false
2c01cf1021e3b14e7e8f996f.jpg,466b5bcb-36aa-591e-8c5f-cd2f09662bba,2022-01-22,"1,2,3,4,5",2,2,1,2,0.38939,0.4595,3,3,true,false
2c01cf1021e3b14e7e8f996f.jpg,466b5bcb-36aa-591e-8c5f-cd2f09662bba,2022-01-22,"1,2,3,4,5",2,2,2,3,0.60608,0.4595,10,10,true,true
2c01cf1021e3b14e7e8f996f.jpg,466b5bcb-36aa-591e-8c5f-cd2f09662bba,2022-01-22,"1,2,3,4,5",2,3,1,4,0.71367,0.4595,3,3,true,false
2c01cf1021e3b14e7e8f996f.jpg,466b5bcb-36aa-591e-8c5f-cd2f09662bba,2022-01-22,"1,2,3,4,5",2,3,2,5,0.92582,0.4595,0,0,true,false
2c01cf1021e3b14e7e8f996f.jpg,466b5bcb-36aa-591e-8c5f-cd2f09662bba,2022-01-22,"1,2,3,4,5",3,1,1,0,0.07353,0.5026,,,false,false
2c01cf1021e3b14e7e8f996f.jpg,466b5bcb-36aa-591e-8c5f-cd2f09662bba,2022-01-22,"1,2,3,4,5",3,1,2,1,0.28736,0.5026,,,false,false
2c01cf1021e3b14e7e8f996f.jpg,466b5bcb-36aa-591e-8c5f-cd2f09662bba,2022-01-22,"1,2,3,4,5",3,2,1,2,0.38939,0.5026,,,false,false
2c01cf1021e3b14e7e8f996f.jpg,466b5bcb-36aa-591e-8c5f-cd2f09662bba,2022-01-22,"1,2,3,4,5",3,2,2,3,0.60608,0.5026,3,3,true,false
2c01cf1021e3b14e7e8f996f.jpg,466b5bcb-36aa-591e-8c5f-cd2f09662bba,2022-01-22,"1,2,3,4,5",3,3,1,4,0.71367,0.5026,10,10,true,true
2c01cf1021e3b14e7e8f996f.jpg,466b5bcb-36aa-591e-8c5f-cd2f09662bba,2022-01-22,"1,2,3,4,5",3,3,2,5,0.92582,0.5026,,,false,false
2c01cf1021e3b14e7e8f996f.jpg,466b5bcb-36aa-591e-8c5f-cd2f09662bba,2022-01-22,"1,2,3,4,5",4,1,1,0,0.07353,0.5458,,,false,false
2c01cf1021e3b14e7e8f996f.jpg,466b5bcb-36aa-591e-8c5f-cd2f09662bba,2022-01-22,"1,2,3,4,5",4,1,2,1,0.28736,0.5458,3,3,true,false
2c01cf1021e3b14e7e8f996f.jpg,466b5bcb-36aa-591e-8c5f-cd2f09662bba,2022-01-22,"1,2,3,4,5",4,2,1,2,0.38939,0.5458,,,false,false
2c01cf1021e3b14e7e8f996f.jpg,466b5bcb-36aa-591e-8c5f-cd2f09662bba,2022-01-22,"1,2,3,4,5",4,2,2,3,0.60608,0.5458,3,3,true,false
2c01cf1021e3b14e7e8f996f.jpg,466b5bcb-36aa-591e-8c5f-cd2f09662bba,2022-01-22,"1,2,3,4,5",4,3,1,4,0.71367,0.5458,0,0,true,false
2c01cf1021e3b14e7e8f996f.jpg,466b5bcb-36aa-591e-8c5f-cd2f09662bba,2022-01-22,"1,2,3,4,5",4,3,2,5,0.92582,0.5458,,,false,false
2c01cf1021e3b14e7e8f996f.jpg,466b5bcb-36aa-591e-8c5f-cd2f09662bba,2022-01-22,"1,2,3,4,5",5,1,1,0,0.07353,0.5898,,,false,false
2c01cf1021e3b14e7e8f996f.jpg,466b5bcb-36aa-591e-8c5f-cd2f09662bba,2022-01-22,"1,2,3,4,5",5,1,2,1,0.28736,0.5898,3,3,true,false
2c01cf1021e3b14e7e8f996f.jpg,466b5bcb-36aa-591e-8c5f-cd2f09662bba,2022-01-22,"1,2,3,4,5",5,2,1,2,0.38939,0.5898,,,false,false
2c01cf1021e3b14e7e8f996f.jpg,466b5bcb-36aa-591e-8c5f-cd2f09662bba,2022-01-22,"1,2,3,4,5",5,2,2,3,0.60608,0.5898,3,3,true,false
2c01cf1021e3b14e7e8f996f.jpg,466b5bcb-36aa-591e-8c5f-cd2f09662bba,2022-01-22,"1,2,3,4,5",5,3,1,4,0.71367,0.5898,0,0,true,false
2c01cf1021e3b14e7e8f996f.jpg,466b5bcb-36aa-591e-8c5f-cd2f09662bba,2022-01-22,"1,2,3,4,5",5,3,2,5,0.92582,0.5898,,,false,false
2cfa5ce47177b9e8f94b12f9.png,aee57144-60b9-5882-92cc-c03e446eaf92,2024-12-14,"1,2",1,1,1,0,0.07353,0.4173,,,false,false
2cfa5ce47177b9e8f94b12f9.png,aee57144-60b9-5882-92cc-c03e446eaf92,2024-12-14,"1,2",1,1,2,1,0.28736,0.4173,0,0,true,false
2cfa5ce47177b9e8f94b12f9.png,aee57144-60b9-5882-92cc-c03e446eaf92,2024-12-14,"1,2",1,2,1,2,0.38939,0.4173,,,false,false
2cfa5ce47177b9e8f94b12f9.png,aee57144-60b9-5882-92cc-c03e446eaf92,2024-12-14,"1,2",1,2,2,3,0.60608,0.4173,,,false,false
2cfa5ce47177b9e8f94b12f9.png,aee57144-60b9-5882-92cc-c03e446eaf92,2024-12-14,"1,2",1,3,1,4,0.71367,0.4173,00,0,true,false
2cfa5ce47177b9e8f94b12f9.png,aee57144-60b9-5882-92cc-c03e446eaf92,2024-12-14,"1,2",1,3,2,5,0.92582,0.4173,,,false,false
2cfa5ce47177b9e8f94b12f9.png,aee57144-60b9-5882-92cc-c03e446eaf92,2024-12-14,"1,2",2,1,1,0,0.07353,0.4595,1,1,true,false
2cfa5ce47177b9e8f94b12f9.png,aee57144-60b9-5882-92cc-c03e446eaf92,2024-12-14,"1,2",2,1,2,1,0.28736,0.4595,,,false,false
2cfa5ce47177b9e8f94b12f9.png,aee57144-60b9-5882-92cc-c03e446eaf92,2024-12-14,"1,2",2,2,1,2,0.38939,0.4595,,,false,false
2cfa5ce47177b9e8f94b12f9.png,aee57144-60b9-5882-92cc-c03e446eaf92,2024-12-14,"1,2",2,2,2,3,0.60608,0.4595,1,1,true,false
2cfa5ce47177b9e8f94b12f9.png,aee57144-60b9-5882-92cc-c03e446eaf92,2024-12-14,"1,2",2,3,1,4,0.71367,0.4595,,,false,false
2cfa5ce47177b9e8f94b12f9.png,aee57144-60b9-5882-92cc-c03e446eaf92,2024-12-14,"1,2",2,3,2,5,0.92582,0.4595,,,false,false
2f8cb42409f980b4d8ff97ca.png,22807da9-ffc6-511c-bcbb-b21ed6b336f6,2025-02-01,"1,2,3",1,1,1,0,0.07353,0.4173,9,9,true,true
2f8cb42409f980b4d8ff97ca.png,22807da9-ffc6-511c-bcbb-b21ed6b336f6,2025-02-01,"1,2,3",1,1,2,1,0.28736,0.4173,,,false,false
2f8cb42409f980b4d8ff97ca.png,22807da9-ffc6-511c-bcbb-b21ed6b336f6,2025-02-01,"1,2,3",1,2,1,2,0.38939,0.4173,10,10,true,true
2f8cb42409f980b4d8ff97ca.png,22807da9-ffc6-511c-bcbb-b21ed6b336f6,2025-02-01,"1,2,3",1,2,2,3,0.60608,0.4173,9,9,true,true
2f8cb42409f980b4d8ff97ca.png,22807da9-ffc6-511c-bcbb-b21ed6b336f6,2025-02-01,"1,2,3",1,3,1,4,0.71367,0.4173,3,3,true,false
2f8cb42409f980b4d8ff97ca.png,22807da9-ffc6-511c-bcbb-b21ed6b336f6,2025-02-01,"1,2,3",1,3,2,5,0.92582,0.4173,10,10,true,true
2f8cb42409f980b4d8ff97ca.png,22807da9-ffc6-511c-bcbb-b21ed6b336f6,2025-02-01,"1,2,3",2,1,1,0,0.07353,0.4595,10,10,true,true
2f8cb42409f980b4d8ff97ca.png,22807da9-ffc6-511c-bcbb-b21ed6b336f6,2025-02-01,"1,2,3",2,1,2,1,0.28736,0.4595,,,false,false
2f8cb42409f980b4d8ff97ca.png,22807da9-ffc6-511c-bcbb-b21ed6b336f6,2025-02-01,"1,2,3",2,2,1,2,0.38939,0.4595,10,10,true,true
2f8cb42409f980b4d8ff97ca.png,22807da9-ffc6-511c-bcbb-b21ed6b336f6,2025-02-01,"1,2,3",2,2,2,3,0.60608,0.4595,,,false,false
2f8cb42409f980b4d8ff97ca.png,22807da9-ffc6-511c-bcbb-b21ed6b336f6,2025-02-01,"1,2,3",2,3,1,4,0.71367,0.4595,3,3,true,false
2f8cb42409f980b4d8ff97ca.png,22807da9-ffc6-511c-bcbb-b21ed6b336f6,2025-02-01,"1,2,3",2,3,2,5,0.92582,0.4595,,,false,false
2f8cb42409f980b4d8ff97ca.png,22807da9-ffc6-511c-bcbb-b21ed6b336f6,2025-02-01,"1,2,3",3,1,1,0,0.07353,0.5026,0,0,true,false
2f8cb42409f980b4d8ff97ca.png,22807da9-ffc6-511c-bcbb-b21ed6b336f6,2025-02-01,"1,2,3",3,1,2,1,0.28736,0.5026,,,false,false
2f8cb42409f980b4d8ff97ca.png,22807da9-ffc6-511c-bcbb-b21ed6b336f6,2025-02-01,"1,2,3",3,2,1,2,0.38939,0.5026,3,3,true,false
2f8cb42409f980b4d8ff97ca.png,22807da9-ffc6-511c-bcbb-b21ed6b336f6,2025-02-01,"1,2,3",3,2,2,3,0.60608,0.5026,,,false,false
2f8cb42409f980b4d8ff97ca.png,22807da9-ffc6-511c-bcbb-b21ed6b336f6,2025-02-01,"1,2,3",3,3,1,4,0.71367,0.5026,3,3,true,false
2f8cb42409f980b4d8ff97ca.png,22807da9-ffc6-511c-bcbb-b21ed6b336f6,2025-02-01,"1,2,3",3,3,2,5,0.92582,0.5026,0,0,true,false
49f3dba129524e0a51115ad8.jpg,ad8e5ac3-49dc-5721-b391-769a531ec42f,2023-06-10,"1,2,3",1,1,1,0,0.07353,0.4173,,,false,false
49f3dba129524e0a51115ad8.jpg,ad8e5ac3-49dc-5721-b391-769a531ec42f,2023-06-10,"1,2,3",1,1,2,1,0.28736,0.4173,,,false,false
49f3dba129524e0a51115ad8.jpg,ad8e5ac3-49dc-5721-b391-769a531ec42f,2023-06-10,"1,2,3",1,2,1,2,0.38939,0.4173,7,7,true,true
49f3dba129524e0a51115ad8.jpg,ad8e5ac3-49dc-5721-b391-769a531ec42f,2023-06-10,"1,2,3",1,2,2,3,0.60608,0.4173,10,10,true,true
49f3dba129524e0a51115ad8.jpg,ad8e5ac3-49dc-5721-b391-769a531ec42f,2023-06-10,"1,2,3",1,3,1,4,0.71367,0.4173,,,false,false
49f3dba129524e0a51115ad8.jpg,ad8e5ac3-49dc-5721-b391-769a531ec42f,2023-06-10,"1,2,3",1,3,2,5,0.92582,0.4173,3,3,true,false
49f3dba129524e0a51115ad8.jpg,ad8e5ac3-49dc-5721-b391-769a531ec42f,2023-06-10,"1,2,3",2,1,1,0,0.07353,0.4595,3,3,true,false
49f3dba129524e0a51115ad8.jpg,ad8e5ac3-49dc-5721-b391-769a531ec42f,2023-06-10,"1,2,3",2,1,2,1,0.28736,0.4595,19,1,true,false
49f3dba129524e0a51115ad8.jpg,ad8e5ac3-49dc-5721-b391-769a531ec42f,2023-06-10,"1,2,3",2,2,1,2,0.38939,0.4595,3,3,true,false
49f3dba129524e0a51115ad8.jpg,ad8e5ac3-49dc-5721-b391-769a531ec42f,2023-06-10,"1,2,3",2,2,2,3,0.60608,0.4595,10,10,true,true
49f3dba129524e0a51115ad8.jpg,ad8e5ac3-49dc-5721-b391-769a531ec42f,2023-06-10,"1,2,3",2,3,1,4,0.71367,0.4595,3,3,true,false
49f3dba129524e0a51115ad8.jpg,ad8e5ac3-49dc-5721-b391-769a531ec42f,2023-06-10,"1,2,3",2,3,2,5,0.92582,0.4595,0,0,true,false
49f3dba129524e0a51115ad8.jpg,ad8e5ac3-49dc-5721-b391-769a531ec42f,2023-06-10,"1,2,3",3,1,1,0,0.07353,0.5026,3,3,true,false
49f3dba129524e0a51115ad8.jpg,ad8e5ac3-49dc-5721-b391-769a531ec42f,2023-06-10,"1,2,3",3,1,2,1,0.28736,0.5026,0,0,true,false
49f3dba129524e0a51115ad8.jpg,ad8e5ac3-49dc-5721-b391-769a531ec42f,2023-06-10,"1,2,3",3,2,1,2,0.38939,0.5026,3,3,true,false
49f3dba129524e0a51115ad8.jpg,ad8e5ac3-49dc-5721-b391-769a531ec42f,2023-06-10,"1,2,3",3,2,2,3,0.60608,0.5026,10,10,true,true
49f3dba129524e0a51115ad8.jpg,ad8e5ac3-49dc-5721-b391-769a531ec42f,2023-06-10,"1,2,3",3,3,1,4,0.71367,0.5026,,,false,false
49f3dba129524e0a51115ad8.jpg,ad8e5ac3-49dc-5721-b391-769a531ec42f,2023-06-10,"1,2,3",3,3,2,5,0.92582,0.5026,0,0,true,false
4ba4818507d086def6232e91.jpeg,c0aeea6e-2948-5340-8f96-25fd24019f14,2022-06-18,1,1,1,1,0,0.07353,0.4173,,,false,false
4ba4818507d086def6232e91.jpeg,c0aeea6e-2948-5340-8f96-25fd24019f14,2022-06-18,1,1,1,2,1,0.28736,0.4173,,,false,false
4ba4818507d086def6232e91.jpeg,c0aeea6e-2948-5340-8f96-25fd24019f14,2022-06-18,1,1,2,1,2,0.38939,0.4173,,,false,false
4ba4818507d086def6232e91.jpeg,c0aeea6e-2948-5340-8f96-25fd24019f14,2022-06-18,1,1,2,2,3,0.60608,0.4173,10,10,true,true
4ba4818507d086def6232e91.jpeg,c0aeea6e-2948-5340-8f96-25fd24019f14,2022-06-18,1,1,3,1,4,0.71367,0.4173,3,3,true,false
4ba4818507d086def6232e91.jpeg,c0aeea6e-2948-5340-8f96-25fd24019f14,2022-06-18,1,1,3,2,5,0.92582,0.4173,8,8,true,true
51f0aa9b277c04ebd208fde6.jpeg,cb8b5682-f69b-53f1-8716-fb8e88eb0b7f,2021-12-18,"1,2",1,1,1,0,0.07353,0.4173,,,false,false
51f0aa9b277c04ebd208fde6.jpeg,cb8b5682-f69b-53f1-8716-fb8e88eb0b7f,2021-12-18,"1,2",1,1,2,1,0.28736,0.4173,3,3,true,false
51f0aa9b277c04ebd208fde6.jpeg,cb8b5682-f69b-53f1-8716-fb8e88eb0b7f,2021-12-18,"1,2",1,2,1,2,0.38939,0.4173,0,0,true,false
51f0aa9b277c04ebd208fde6.jpeg,cb8b5682-f69b-53f1-8716-fb8e88eb0b7f,2021-12-18,"1,2",1,2,2,3,0.60608,0.4173,3,3,true,false
51f0aa9b277c04ebd208fde6.jpeg,cb8b5682-f69b-53f1-8716-fb8e88eb0b7f,2021-12-18,"1,2",1,3,1,4,0.71367,0.4173,,,false,false
51f0aa9b277c04ebd208fde6.jpeg,cb8b5682-f69b-53f1-8716-fb8e88eb0b7f,2021-12-18,"1,2",1,3,2,5,0.92582,0.4173,9,9,true,true
51f0aa9b277c04ebd208fde6.jpeg,cb8b5682-f69b-53f1-8716-fb8e88eb0b7f,2021-12-18,"1,2",2,1,1,0,0.07353,0.4595,3,3,true,false
51f0aa9b277c04ebd208fde6.jpeg,cb8b5682-f69b-53f1-8716-fb8e88eb0b7f,2021-12-18,"1,2",2,1,2,1,0.28736,0.4595,,,false,false
51f0aa9b277c04ebd208fde6.jpeg,cb8b5682-f69b-53f1-8716-fb8e88eb0b7f,2021-12-18,"1,2",2,2,1,2,0.38939,0.4595,9,9,true,true
51f0aa9b277c04ebd208fde6.jpeg,cb8b5682-f69b-53f1-8716-fb8e88eb0b7f,2021-12-18,"1,2",2,2,2,3,0.60608,0.4595,0,0,true,false
51f0aa9b277c04ebd208fde6.jpeg,cb8b5682-f69b-53f1-8716-fb8e88eb0b7f,2021-12-18,"1,2",2,3,1,4,0.71367,0.4595,3,3,true,false
51f0aa9b277c04ebd208fde6.jpeg,cb8b5682-f69b-53f1-8716-fb8e88eb0b7f,2021-12-18,"1,2",2,3,2,5,0.92582,0.4595,8,8,true,true
5884ab5a5e8366c7a80093db.jpg,0a7b981a-a885-5166-9647-e1752da506ba,2023-03-04,"1,2,3",1,1,1,0,0.07353,0.4173,3,3,true,false
5884ab5a5e8366c7a80093db.jpg,0a7b981a-a885-5166-9647-e1752da506ba,2023-03-04,"1,2,3",1,1,2,1,0.28736,0.4173,0,0,true,false
5884ab5a5e8366c7a80093db.jpg,0a7b981a-a885-5166-9647-e1752da506ba,2023-03-04,"1,2,3",1,2,1,2,0.38939,0.4173,3,3,true,false
5884ab5a5e8366c7a80093db.jpg,0a7b981a-a885-5166-9647-e1752da506ba,2023-03-04,"1,2,3",1,2,2,3,0.60608,0.4173,10,10,true,true
5884ab5a5e8366c7a80093db.jpg,0a7b981a-a885-5166-9647-e1752da506ba,2023-03-04,"1,2,3",1,3,1,4,0.71367,0.4173,,,false,false
5884ab5a5e8366c7a80093db.jpg,0a7b981a-a885-5166-9647-e1752da506ba,2023-03-04,"1,2,3",1,3,2,5,0.92582,0.4173,,,false,false
5884ab5a5e8366c7a80093db.jpg,0a7b981a-a885-5166-9647-e1752da506ba,2023-03-04,"1,2,3",2,1,1,0,0.07353,0.4595,10,10,true,true
5884ab5a5e8366c7a80093db.jpg,0a7b981a-a885-5166-9647-e1752da506ba,2023-03-04,"1,2,3",2,1,2,1,0.28736,0.4595,,,false,false
5884ab5a5e8366c7a80093db.jpg,0a7b981a-a885-5166-9647-e1752da506ba,2023-03-04,"1,2,3",2,2,1,2,0.38939,0.4595,,,false,false
5884ab5a5e8366c7a80093db.jpg,0a7b981a-a885-5166-9647-e1752da506ba,2023-03-04,"1,2,3",2,2,2,3,0.60608,0.4595,,,false,false
5884ab5a5e8366c7a80093db.jpg,0a7b981a-a885-5166-9647-e1752da506ba,2023-03-04,"1,2,3",2,3,1,4,0.71367,0.4595,0,0,true,false
5884ab5a5e8366c7a80093db.jpg,0a7b981a-a885-5166-9647-e1752da506ba,2023-03-04,"1,2,3",2,3,2,5,0.92582,0.4595,9,9,true,true
5884ab5a5e8366c7a80093db.jpg,0a7b981a-a885-5166-9647-e1752da506ba,2023-03-04,"1,2,3",3,1,1,0,0.07353,0.5026,3,3,true,false
5884ab5a5e8366c7a80093db.jpg,0a7b981a-a885-5166-9647-e1752da506ba,2023-03-04,"1,2,3",3,1,2,1,0.28736,0.5026,,,false,false
5884ab5a5e8366c7a80093db.jpg,0a7b981a-a885-5166-9647-e1752da506ba,2023-03-04,"1,2,3",3,2,1,2,0.38939,0.5026,3,3,true,false
5884ab5a5e8366c7a80093db.jpg,0a7b981a-a885-5166-9647-e1752da506ba,2023-03-04,"1,2,3",3,2,2,3,0.60608,0.5026,7,7,true,true
5884ab5a5e8366c7a80093db.jpg,0a7b981a-a885-5166-9647-e1752da506ba,2023-03-04,"1,2,3",3,3,1,4,0.71367,0.5026,,,false,false
5884ab5a5e8366c7a80093db.jpg,0a7b981a-a885-5166-9647-e1752da506ba,2023-03-04,"1,2,3",3,3,2,5,0.92582,0.5026,,,false,false
59c4640966c37c1ac24fbd8a.png,2445f7d8-7ed3-54ac-a84e-6db58824ccff,2025-10-25,"1,2,3",1,1,1,0,0.07353,0.4173,,,false,false
59c4640966c37c1ac24fbd8a.png,2445f7d8-7ed3-54ac-a84e-6db58824ccff,2025-10-25,"1,2,3",1,1,2,1,0.28736,0.4173,,,false,false
59c4640966c37c1ac24fbd8a.png,2445f7d8-7ed3-54ac-a84e-6db58824ccff,2025-10-25,"1,2,3",1,2,1,2,0.38939,0.4173,,,false,false
59c4640966c37c1ac24fbd8a.png,2445f7d8-7ed3-54ac-a84e-6db58824ccff,2025-10-25,"1,2,3",1,2,2,3,0.60608,0.4173,0,0,true,false
59c4640966c37c1ac24fbd8a.png,2445f7d8-7ed3-54ac-a84e-6db58824ccff,2025-10-25,"1,2,3",1,3,1,4,0.71367,0.4173,,,false,false
59c4640966c37c1ac24fbd8a.png,2445f7d8-7ed3-54ac-a84e-6db58824ccff,2025-10-25,"1,2,3",1,3,2,5,0.92582,0.4173,1,1,true,false
59c4640966c37c1ac24fbd8a.png,2445f7d8-7ed3-54ac-a84e-6db58824ccff,2025-10-25,"1,2,3",2,1,1,0,0.07353,0.4595,,,false,false
59c4640966c37c1ac24fbd8a.png,2445f7d8-7ed3-54ac-a84e-6db58824ccff,2025-10-25,"1,2,3",2,1,2,1,0.28736,0.4595,,,false,false
59c4640966c37c1ac24fbd8a.png,2445f7d8-7ed3-54ac-a84e-6db58824ccff,2025-10-25,"1,2,3",2,2,1,2,0.38939,0.4595,,,false,false
59c4640966c37c1ac24fbd8a.png,2445f7d8-7ed3-54ac-a84e-6db58824ccff,2025-10-25,"1,2,3",2,2,2,3,0.60608,0.4595,1,1,true,false
59c4640966c37c1ac24fbd8a.png,2445f7d8-7ed3-54ac-a84e-6db58824ccff,2025-10-25,"1,2,3",2,3,1,4,0.71367,0.4595,,,false,false
59c4640966c37c1ac24fbd8a.png,2445f7d8-7ed3-54ac-a84e-6db58824ccff,2025-10-25,"1,2,3",2,3,2,5,0.92582,0.4595,,,false,false
59c4640966c37c1ac24fbd8a.png,2445f7d8-7ed3-54ac-a84e-6db58824ccff,2025-10-25,"1,2,3",3,1,1,0,0.07353,0.5026,,,false,false
59c4640966c37c1ac24fbd8a.png,2445f7d8-7ed3-54ac-a84e-6db58824ccff,2025-10-25,"1,2,3",3,1,2,1,0.28736,0.5026,,,false,false
59c4640966c37c1ac24fbd8a.png,2445f7d8-7ed3-54ac-a84e-6db58824ccff,2025-10-25,"1,2,3",3,2,1,2,0.38939,0.5026,,,false,false
59c4640966c37c1ac24fbd8a.png,2445f7d8-7ed3-54ac-a84e-6db58824ccff,2025-10-25,"1,2,3",3,2,2,3,0.60608,0.5026,3,3,true,false
59c4640966c37c1ac24fbd8a.png,2445f7d8-7ed3-54ac-a84e-6db58824ccff,2025-10-25,"1,2,3",3,3,1,4,0.71367,0.5026,0,0,true,false
59c4640966c37c1ac24fbd8a.png,2445f7d8-7ed3-54ac-a84e-6db58824ccff,2025-10-25,"1,2,3",3,3,2,5,0.92582,0.5026,3,3,true,false
59db1e1e3a035e4f07d75960.jpg,fd9f7bae-3ea9-57f4-b939-3976c1223a25,2022-03-05,"1,2,3,4,5",1,1,1,0,0.07353,0.4173,0,0,true,false
59db1e1e3a035e4f07d75960.jpg,fd9f7bae-3ea9-57f4-b939-3976c1223a25,2022-03-05,"1,2,3,4,5",1,1,2,1,0.28736,0.4173,3,3,true,false
59db1e1e3a035e4f07d75960.jpg,fd9f7bae-3ea9-57f4-b939-3976c1223a25,2022-03-05,"1,2,3,4,5",1,2,1,2,0.38939,0.4173,0,0,true,false
59db1e1e3a035e4f07d75960.jpg,fd9f7bae-3ea9-57f4-b939-3976c1223a25,2022-03-05,"1,2,3,4,5",1,2,2,3,0.60608,0.4173,3,3,true,false
59db1e1e3a035e4f07d75960.jpg,fd9f7bae-3ea9-57f4-b939-3976c1223a25,2022-03-05,"1,2,3,4,5",1,3,1,4,0.71367,0.4173,,,false,false
59db1e1e3a035e4f07d75960.jpg,fd9f7bae-3ea9-57f4-b939-3976c1223a25,2022-03-05,"1,2,3,4,5",1,3,2,5,0.92582,0.4173,9,9,true,true
59db1e1e3a035e4f07d75960.jpg,fd9f7bae-3ea9-57f4-b939-3976c1223a25,2022-03-05,"1,2,3,4,5",2,1,1,0,0.07353,0.4595,,,false,false
59db1e1e3a035e4f07d75960.jpg,fd9f7bae-3ea9-57f4-b939-3976c1223a25,2022-03-05,"1,2,3,4,5",2,1,2,1,0.28736,0.4595,,,false,false
59db1e1e3a035e4f07d75960.jpg,fd9f7bae-3ea9-57f4-b939-3976c1223a25,2022-03-05,"1,2,3,4,5",2,2,1,2,0.38939,0.4595,10,10,true,true
59db1e1e3a035e4f07d75960.jpg,fd9f7bae-3ea9-57f4-b939-3976c1223a25,2022-03-05,"1,2,3,4,5",2,2,2,3,0.60608,0.4595,,,false,false
59db1e1e3a035e4f07d75960.jpg,fd9f7bae-3ea9-57f4-b939-3976c1223a25,2022-03-05,"1,2,3,4,5",2,3,1,4,0.71367,0.4595,1,1,true,false
59db1e1e3a035e4f07d75960.jpg,fd9f7bae-3ea9-57f4-b939-3976c1223a25,2022-03-05,"1,2,3,4,5",2,3,2,5,0.92582,0.4595,9,9,true,true
59db1e1e3a035e4f07d75960.jpg,fd9f7bae-3ea9-57f4-b939-3976c1223a25,2022-03-05,"1,2,3,4,5",3,1,1,0,0.07353,0.5026,,,false,false
59db1e1e3a035e4f07d75960.jpg,fd9f7bae-3ea9-57f4-b939-3976c1223a25,2022-03-05,"1,2,3,4,5",3,1,2,1,0.28736,0.5026,,,false,false
59db1e1e3a035e4f07d75960.jpg,fd9f7bae-3ea9-57f4-b939-3976c1223a25,2022-03-05,"1,2,3,4,5",3,2,1,2,0.38939,0.5026,7,7,true,true
59db1e1e3a035e4f07d75960.jpg,fd9f7bae-3ea9-57f4-b939-3976c1223a25,2022-03-05,"1,2,3,4,5",3,2,2,3,0.60608,0.5026,,,false,false
59db1e1e3a035e4f07d75960.jpg,fd9f7bae-3ea9-57f4-b939-3976c1223a25,2022-03-05,"1,2,3,4,5",3,3,1,4,0.71367,0.5026,0,0,true,false
59db1e1e3a035e4f07d75960.jpg,fd9f7bae-3ea9-57f4-b939-3976c1223a25,2022-03-05,"1,2,3,4,5",3,3,2,5,0.92582,0.5026,8,8,true,true
59db1e1e3a035e4f07d75960.jpg,fd9f7bae-3ea9-57f4-b939-3976c1223a25,2022-03-05,"1,2,3,4,5",4,1,1,0,0.07353,0.5458,,,false,false
59db1e1e3a035e4f07d75960.jpg,fd9f7bae-3ea9-57f4-b939-3976c1223a25,2022-03-05,"1,2,3,4,5",4,1,2,1,0.28736,0.5458,4,4,true,false
59db1e1e3a035e4f07d75960.jpg,fd9f7bae-3ea9-57f4-b939-3976c1223a25,2022-03-05,"1,2,3,4,5",4,2,1,2,0.38939,0.5458,0,0,true,false
59db1e1e3a035e4f07d75960.jpg,fd9f7bae-3ea9-57f4-b939-3976c1223a25,2022-03-05,"1,2,3,4,5",4,2,2,3,0.60608,0.5458,,,false,false
59db1e1e3a035e4f07d75960.jpg,fd9f7bae-3ea9-57f4-b939-3976c1223a25,2022-03-05,"1,2,3,4,5",4,3,1,4,0.71367,0.5458,,,false,false
59db1e1e3a035e4f07d75960.jpg,fd9f7bae-3ea9-57f4-b939-3976c1223a25,2022-03-05,"1,2,3,4,5",4,3,2,5,0.92582,0.5458,9,9,true,true
59db1e1e3a035e4f07d75960.jpg,fd9f7bae-3ea9-57f4-b939-3976c1223a25,2022-03-05,"1,2,3,4,5",5,1,1,0,0.07353,0.5898,3,3,true,false
59db1e1e3a035e4f07d75960.jpg,fd9f7bae-3ea9-57f4-b939-3976c1223a25,2022-03-05,"1,2,3,4,5",5,1,2,1,0.28736,0.5898,0,0,true,false
59db1e1e3a035e4f07d75960.jpg,fd9f7bae-3ea9-57f4-b939-3976c1223a25,2022-03-05,"1,2,3,4,5",5,2,1,2,0.38939,0.5898,0,0,true,false
59db1e1e3a035e4f07d75960.jpg,fd9f7bae-3ea9-57f4-b939-3976c1223a25,2022-03-05,"1,2,3,4,5",5,2,2,3,0.60608,0.5898,3,3,true,false
59db1e1e3a035e4f07d75960.jpg,fd9f7bae-3ea9-57f4-b939-3976c1223a25,2022-03-05,"1,2,3,4,5",5,3,1,4,0.71367,0.5898,3,3,true,false
59db1e1e3a035e4f07d75960.jpg,fd9f7bae-3ea9-57f4-b939-3976c1223a25,2022-03-05,"1,2,3,4,5",5,3,2,5,0.92582,0.5898,0,0,true,false
64660568ded28012ae710c2e.jpg,1b3d5929-e188-5d42-bf6a-12648de6f530,2020-11-07,"1,2,3",1,1,1,0,0.07353,0.4173,3,3,true,false
64660568ded28012ae710c2e.jpg,1b3d5929-e188-5d42-bf6a-12648de6f530,2020-11-07,"1,2,3",1,1,2,1,0.28736,0.4173,0,0,true,false
64660568ded28012ae710c2e.jpg,1b3d5929-e188-5d42-bf6a-12648de6f530,2020-11-07,"1,2,3",1,2,1,2,0.38939,0.4173,0,0,true,false
64660568ded28012ae710c2e.jpg,1b3d5929-e188-5d42-bf6a-12648de6f530,2020-11-07,"1,2,3",1,2,2,3,0.60608,0.4173,3,3,true,false
64660568ded28012ae710c2e.jpg,1b3d5929-e188-5d42-bf6a-12648de6f530,2020-11-07,"1,2,3",1,3,1,4,0.71367,0.4173,0,0,true,false
64660568ded28012ae710c2e.jpg,1b3d5929-e188-5d42-bf6a-12648de6f530,2020-11-07,"1,2,3",1,3,2,5,0.92582,0.4173,3,3,true,false
64660568ded28012ae710c2e.jpg,1b3d5929-e188-5d42-bf6a-12648de6f530,2020-11-07,"1,2,3",2,1,1,0,0.07353,0.4595,0,0,true,false
64660568ded28012ae710c2e.jpg,1b3d5929-e188-5d42-bf6a-12648de6f530,2020-11-07,"1,2,3",2,1,2,1,0.28736,0.4595,9,9,true,true
64660568ded28012ae710c2e.jpg,1b3d5929-e188-5d42-bf6a-12648de6f530,2020-11-07,"1,2,3",2,2,1,2,0.38939,0.4595,9,9,true,true
64660568ded28012ae710c2e.jpg,1b3d5929-e188-5d42-bf6a-12648de6f530,2020-11-07,"1,2,3",2,2,2,3,0.60608,0.4595,10,10,true,true
64660568ded28012ae710c2e.jpg,1b3d5929-e188-5d42-bf6a-12648de6f530,2020-11-07,"1,2,3",2,3,1,4,0.71367,0.4595,0,0,true,false
64660568ded28012ae710c2e.jpg,1b3d5929-e188-5d42-bf6a-12648de6f530,2020-11-07,"1,2,3",2,3,2,5,0.92582,0.4595,9,9,true,true
64660568ded28012ae710c2e.jpg,1b3d5929-e188-5d42-bf6a-12648de6f530,2020-11-07,"1,2,3",3,1,1,0,0.07353,0.5026,10,10,true,true
64660568ded28012ae710c2e.jpg,1b3d5929-e188-5d42-bf6a-12648de6f530,2020-11-07,"1,2,3",3,1,2,1,0.28736,0.5026,,,false,false
64660568ded28012ae710c2e.jpg,1b3d5929-e188-5d42-bf6a-12648de6f530,2020-11-07,"1,2,3",3,2,1,2,0.38939,0.5026,,,false,false
64660568ded28012ae710c2e.jpg,1b3d5929-e188-5d42-bf6a-12648de6f530,2020-11-07,"1,2,3",3,2,2,3,0.60608,0.5026,3,3,true,false
64660568ded28012ae710c2e.jpg,1b3d5929-e188-5d42-bf6a-12648de6f530,2020-11-07,"1,2,3",3,3,1,4,0.71367,0.5026,3,3,true,false
64660568ded28012ae710c2e.jpg,1b3d5929-e188-5d42-bf6a-12648de6f530,2020-11-07,"1,2,3",3,3,2,5,0.92582,0.5026,0,0,true,false
646a7d19128b6d555f1d7a44.jpg,49329e8c-d3b6-5d73-927b-50363d6b8e4d,2022-02-12,1,1,1,1,0,0.07353,0.4173,,,false,false
646a7d19128b6d555f1d7a44.jpg,49329e8c-d3b6-5d73-927b-50363d6b8e4d,2022-02-12,1,1,1,2,1,0.28736,0.4173,,,false,false
646a7d19128b6d555f1d7a44.jpg,49329e8c-d3b6-5d73-927b-50363d6b8e4d,2022-02-12,1,1,2,1,2,0.38939,0.4173,9,9,true,true
646a7d19128b6d555f1d7a44.jpg,49329e8c-d3b6-5d73-927b-50363d6b8e4d,2022-02-12,1,1,2,2,3,0.60608,0.4173,10,10,true,true
646a7d19128b6d555f1d7a44.jpg,49329e8c-d3b6-5d73-927b-50363d6b8e4d,2022-02-12,1,1,3,1,4,0.71367,0.4173,3,3,true,false
646a7d19128b6d555f1d7a44.jpg,49329e8c-d3b6-5d73-927b-50363d6b8e4d,2022-02-12,1,1,3,2,5,0.92582,0.4173,9,9,true,true
6593264dde505f85e87895db.jpg,ddc84dec-2fc9-5606-9994-c39abc600b53,2022-03-19,"1,2",1,1,1,0,0.07353,0.4173,0,0,true,false
6593264dde505f85e87895db.jpg,ddc84dec-2fc9-5606-9994-c39abc600b53,2022-03-19,"1,2",1,1,2,1,0.28736,0.4173,3,3,true,false
6593264dde505f85e87895db.jpg,ddc84dec-2fc9-5606-9994-c39abc600b53,2022-03-19,"1,2",1,2,1,2,0.38939,0.4173,0,0,true,false
6593264dde505f85e87895db.jpg,ddc84dec-2fc9-5606-9994-c39abc600b53,2022-03-19,"1,2",1,2,2,3,0.60608,0.4173,3,3,true,false
6593264dde505f85e87895db.jpg,ddc84dec-2fc9-5606-9994-c39abc600b53,2022-03-19,"1,2",1,3,1,4,0.71367,0.4173,,,false,false
6593264dde505f85e87895db.jpg,ddc84dec-2fc9-5606-9994-c39abc600b53,2022-03-19,"1,2",1,3,2,5,0.92582,0.4173,8,8,true,true
6593264dde505f85e87895db.jpg,ddc84dec-2fc9-5606-9994-c39abc600b53,2022-03-19,"1,2",2,1,1,0,0.07353,0.4595,,,false,false
6593264dde505f85e87895db.jpg,ddc84dec-2fc9-5606-9994-c39abc600b53,2022-03-19,"1,2",2,1,2,1,0.28736,0.4595,,,false,false
6593264dde505f85e87895db.jpg,ddc84dec-2fc9-5606-9994-c39abc600b53,2022-03-19,"1,2",2,2,1,2,0.38939,0.4595,10,10,true,true
6593264dde505f85e87895db.jpg,ddc84dec-2fc9-5606-9994-c39abc600b53,2022-03-19,"1,2",2,2,2,3,0.60608,0.4595,,,false,false
6593264dde505f85e87895db.jpg,ddc84dec-2fc9-5606-9994-c39abc600b53,2022-03-19,"1,2",2,3,1,4,0.71367,0.4595,1,1,true,false
6593264dde505f85e87895db.jpg,ddc84dec-2fc9-5606-9994-c39abc600b53,2022-03-19,"1,2",2,3,2,5,0.92582,0.4595,3,3,true,false
6c94dc8a8a1579a5d8a9fded.jpg,49329e8c-d3b6-5d73-927b-50363d6b8e4d,2022-02-12,1,1,1,1,0,0.07353,0.4173,,,false,false
6c94dc8a8a1579a5d8a9fded.jpg,49329e8c-d3b6-5d73-927b-50363d6b8e4d,2022-02-12,1,1,1,2,1,0.28736,0.4173,,,false,false
6c94dc8a8a1579a5d8a9fded.jpg,49329e8c-d3b6-5d73-927b-50363d6b8e4d,2022-02-12,1,1,2,1,2,0.38939,0.4173,9,9,true,true
6c94dc8a8a1579a5d8a9fded.jpg,49329e8c-d3b6-5d73-927b-50363d6b8e4d,2022-02-12,1,1,2,2,3,0.60608,0.4173,10,10,true,true
6c94dc8a8a1579a5d8a9fded.jpg,49329e8c-d3b6-5d73-927b-50363d6b8e4d,2022-02-12,1,1,3,1,4,0.71367,0.4173,3,3,true,false
6c94dc8a8a1579a5d8a9fded.jpg,49329e8c-d3b6-5d73-927b-50363d6b8e4d,2022-02-12,1,1,3,2,5,0.92582,0.4173,9,9,true,true
79e6152988c973593f2b01ce.jpeg,63552855-9c57-59e1-b663-0afd04bceb41,2024-05-11,"1,2,3",1,1,1,0,0.07353,0.4173,0,0,true,false
79e6152988c973593f2b01ce.jpeg,63552855-9c57-59e1-b663-0afd04bceb41,2024-05-11,"1,2,3",1,1,2,1,0.28736,0.4173,,,false,false
79e6152988c973593f2b01ce.jpeg,63552855-9c57-59e1-b663-0afd04bceb41,2024-05-11,"1,2,3",1,2,1,2,0.38939,0.4173,0,0,true,false
79e6152988c973593f2b01ce.jpeg,63552855-9c57-59e1-b663-0afd04bceb41,2024-05-11,"1,2,3",1,2,2,3,0.60608,0.4173,,,false,false
79e6152988c973593f2b01ce.jpeg,63552855-9c57-59e1-b663-0afd04bceb41,2024-05-11,"1,2,3",1,3,1,4,0.71367,0.4173,3,3,true,false
79e6152988c973593f2b01ce.jpeg,63552855-9c57-59e1-b663-0afd04bceb41,2024-05-11,"1,2,3",1,3,2,5,0.92582,0.4173,10,10,true,true
79e6152988c973593f2b01ce.jpeg,63552855-9c57-59e1-b663-0afd04bceb41,2024-05-11,"1,2,3",2,1,1,0,0.07353,0.4595,0,0,true,false
79e6152988c973593f2b01ce.jpeg,63552855-9c57-59e1-b663-0afd04bceb41,2024-05-11,"1,2,3",2,1,2,1,0.28736,0.4595,,,false,false
79e6152988c973593f2b01ce.jpeg,63552855-9c57-59e1-b663-0afd04bceb41,2024-05-11,"1,2,3",2,2,1,2,0.38939,0.4595,0,0,true,false
79e6152988c973593f2b01ce.jpeg,63552855-9c57-59e1-b663-0afd04bceb41,2024-05-11,"1,2,3",2,2,2,3,0.60608,0.4595,,,false,false
79e6152988c973593f2b01ce.jpeg,63552855-9c57-59e1-b663-0afd04bceb41,2024-05-11,"1,2,3",2,3,1,4,0.71367,0.4595,,,false,false
79e6152988c973593f2b01ce.jpeg,63552855-9c57-59e1-b663-0afd04bceb41,2024-05-11,"1,2,3",2,3,2,5,0.92582,0.4595,9,9,true,true
79e6152988c973593f2b01ce.jpeg,63552855-9c57-59e1-b663-0afd04bceb41,2024-05-11,"1,2,3",3,1,1,0,0.07353,0.5026,10,10,true,true
79e6152988c973593f2b01ce.jpeg,63552855-9c57-59e1-b663-0afd04bceb41,2024-05-11,"1,2,3",3,1,2,1,0.28736,0.5026,,,false,false
79e6152988c973593f2b01ce.jpeg,63552855-9c57-59e1-b663-0afd04bceb41,2024-05-11,"1,2,3",3,2,1,2,0.38939,0.5026,0,0,true,false
79e6152988c973593f2b01ce.jpeg,63552855-9c57-59e1-b663-0afd04bceb41,2024-05-11,"1,2,3",3,2,2,3,0.60608,0.5026,,,false,false
79e6152988c973593f2b01ce.jpeg,63552855-9c57-59e1-b663-0afd04bceb41,2024-05-11,"1,2,3",3,3,1,4,0.71367,0.5026,0,0,true,false
79e6152988c973593f2b01ce.jpeg,63552855-9c57-59e1-b663-0afd04bceb41,2024-05-11,"1,2,3",3,3,2,5,0.92582,0.5026,8,8,true,true
9becba4ecd2e06da6445c0b6.jpeg,848d77c2-5260-5ca7-90ca-fe77b78b7340,2024-11-02,"1,2,3",1,1,1,0,0.07353,0.4173,,,false,false
9becba4ecd2e06da6445c0b6.jpeg,848d77c2-5260-5ca7-90ca-fe77b78b7340,2024-11-02,"1,2,3",1,1,2,1,0.28736,0.4173,,,false,false
9becba4ecd2e06da6445c0b6.jpeg,848d77c2-5260-5ca7-90ca-fe77b78b7340,2024-11-02,"1,2,3",1,2,1,2,0.38939,0.4173,,,false,false
9becba4ecd2e06da6445c0b6.jpeg,848d77c2-5260-5ca7-90ca-fe77b78b7340,2024-11-02,"1,2,3",1,2,2,3,0.60608,0.4173,,,false,false
9becba4ecd2e06da6445c0b6.jpeg,848d77c2-5260-5ca7-90ca-fe77b78b7340,2024-11-02,"1,2,3",1,3,1,4,0.71367,0.4173,,,false,false
9becba4ecd2e06da6445c0b6.jpeg,848d77c2-5260-5ca7-90ca-fe77b78b7340,2024-11-02,"1,2,3",1,3,2,5,0.92582,0.4173,,,false,false
9becba4ecd2e06da6445c0b6.jpeg,848d77c2-5260-5ca7-90ca-fe77b78b7340,2024-11-02,"1,2,3",2,1,1,0,0.07353,0.4595,,,false,false
9becba4ecd2e06da6445c0b6.jpeg,848d77c2-5260-5ca7-90ca-fe77b78b7340,2024-11-02,"1,2,3",2,1,2,1,0.28736,0.4595,,,false,false
9becba4ecd2e06da6445c0b6.jpeg,848d77c2-5260-5ca7-90ca-fe77b78b7340,2024-11-02,"1,2,3",2,2,1,2,0.38939,0.4595,,,false,false
9becba4ecd2e06da6445c0b6.jpeg,848d77c2-5260-5ca7-90ca-fe77b78b7340,2024-11-02,"1,2,3",2,2,2,3,0.60608,0.4595,,,false,false
9becba4ecd2e06da6445c0b6.jpeg,848d77c2-5260-5ca7-90ca-fe77b78b7340,2024-11-02,"1,2,3",2,3,1,4,0.71367,0.4595,,,false,false
9becba4ecd2e06da6445c0b6.jpeg,848d77c2-5260-5ca7-90ca-fe77b78b7340,2024-11-02,"1,2,3",2,3,2,5,0.92582,0.4595,2,2,true,false
9becba4ecd2e06da6445c0b6.jpeg,848d77c2-5260-5ca7-90ca-fe77b78b7340,2024-11-02,"1,2,3",3,1,1,0,0.07353,0.5026,,,false,false
9becba4ecd2e06da6445c0b6.jpeg,848d77c2-5260-5ca7-90ca-fe77b78b7340,2024-11-02,"1,2,3",3,1,2,1,0.28736,0.5026,,,false,false
9becba4ecd2e06da6445c0b6.jpeg,848d77c2-5260-5ca7-90ca-fe77b78b7340,2024-11-02,"1,2,3",3,2,1,2,0.38939,0.5026,,,false,false
9becba4ecd2e06da6445c0b6.jpeg,848d77c2-5260-5ca7-90ca-fe77b78b7340,2024-11-02,"1,2,3",3,2,2,3,0.60608,0.5026,,,false,false
9becba4ecd2e06da6445c0b6.jpeg,848d77c2-5260-5ca7-90ca-fe77b78b7340,2024-11-02,"1,2,3",3,3,1,4,0.71367,0.5026,,,false,false
9becba4ecd2e06da6445c0b6.jpeg,848d77c2-5260-5ca7-90ca-fe77b78b7340,2024-11-02,"1,2,3",3,3,2,5,0.92582,0.5026,,,false,false
9daaa8708ca5c13fd79acf83.jpg,06af82bb-e57d-5022-b418-e45828e745df,2020-08-22,"1,2,3",1,1,1,0,0.07353,0.4173,3,3,true,false
9daaa8708ca5c13fd79acf83.jpg,06af82bb-e57d-5022-b418-e45828e745df,2020-08-22,"1,2,3",1,1,2,1,0.28736,0.4173,0,0,true,false
9daaa8708ca5c13fd79acf83.jpg,06af82bb-e57d-5022-b418-e45828e745df,2020-08-22,"1,2,3",1,2,1,2,0.38939,0.4173,3,3,true,false
9daaa8708ca5c13fd79acf83.jpg,06af82bb-e57d-5022-b418-e45828e745df,2020-08-22,"1,2,3",1,2,2,3,0.60608,0.4173,10,10,true,true
9daaa8708ca5c13fd79acf83.jpg,06af82bb-e57d-5022-b418-e45828e745df,2020-08-22,"1,2,3",1,3,1,4,0.71367,0.4173,3,3,true,false
9daaa8708ca5c13fd79acf83.jpg,06af82bb-e57d-5022-b418-e45828e745df,2020-08-22,"1,2,3",1,3,2,5,0.92582,0.4173,0,0,true,false
9daaa8708ca5c13fd79acf83.jpg,06af82bb-e57d-5022-b418-e45828e745df,2020-08-22,"1,2,3",2,1,1,0,0.07353,0.4595,3,3,true,false
9daaa8708ca5c13fd79acf83.jpg,06af82bb-e57d-5022-b418-e45828e745df,2020-08-22,"1,2,3",2,1,2,1,0.28736,0.4595,0,0,true,false
9daaa8708ca5c13fd79acf83.jpg,06af82bb-e57d-5022-b418-e45828e745df,2020-08-22,"1,2,3",2,2,1,2,0.38939,0.4595,9,9,true,true
9daaa8708ca5c13fd79acf83.jpg,06af82bb-e57d-5022-b418-e45828e745df,2020-08-22,"1,2,3",2,2,2,3,0.60608,0.4595,10,10,true,true
9daaa8708ca5c13fd79acf83.jpg,06af82bb-e57d-5022-b418-e45828e745df,2020-08-22,"1,2,3",2,3,1,4,0.71367,0.4595,,,false,false
9daaa8708ca5c13fd79acf83.jpg,06af82bb-e57d-5022-b418-e45828e745df,2020-08-22,"1,2,3",2,3,2,5,0.92582,0.4595,0,0,true,false
9daaa8708ca5c13fd79acf83.jpg,06af82bb-e57d-5022-b418-e45828e745df,2020-08-22,"1,2,3",3,1,1,0,0.07353,0.5026,3,3,true,false
9daaa8708ca5c13fd79acf83.jpg,06af82bb-e57d-5022-b418-e45828e745df,2020-08-22,"1,2,3",3,1,2,1,0.28736,0.5026,,,false,false
9daaa8708ca5c13fd79acf83.jpg,06af82bb-e57d-5022-b418-e45828e745df,2020-08-22,"1,2,3",3,2,1,2,0.38939,0.5026,3,3,true,false
9daaa8708ca5c13fd79acf83.jpg,06af82bb-e57d-5022-b418-e45828e745df,2020-08-22,"1,2,3",3,2,2,3,0.60608,0.5026,0,0,true,false
9daaa8708ca5c13fd79acf83.jpg,06af82bb-e57d-5022-b418-e45828e745df,2020-08-22,"1,2,3",3,3,1,4,0.71367,0.5026,,,false,false
9daaa8708ca5c13fd79acf83.jpg,06af82bb-e57d-5022-b418-e45828e745df,2020-08-22,"1,2,3",3,3,2,5,0.92582,0.5026,3,3,true,false
9e786a668e752cb2c55bb9ce.jpg,6fed5e94-8e25-56b2-a69f-1c3f50420ce6,2021-03-13,"1,2,3",1,1,1,0,0.07353,0.4173,3,3,true,false
9e786a668e752cb2c55bb9ce.jpg,6fed5e94-8e25-56b2-a69f-1c3f50420ce6,2021-03-13,"1,2,3",1,1,2,1,0.28736,0.4173,,,false,false
9e786a668e752cb2c55bb9ce.jpg,6fed5e94-8e25-56b2-a69f-1c3f50420ce6,2021-03-13,"1,2,3",1,2,1,2,0.38939,0.4173,3,3,true,false
9e786a668e752cb2c55bb9ce.jpg,6fed5e94-8e25-56b2-a69f-1c3f50420ce6,2021-03-13,"1,2,3",1,2,2,3,0.60608,0.4173,10,10,true,true
9e786a668e752cb2c55bb9ce.jpg,6fed5e94-8e25-56b2-a69f-1c3f50420ce6,2021-03-13,"1,2,3",1,3,1,4,0.71367,0.4173,3,3,true,false
9e786a668e752cb2c55bb9ce.jpg,6fed5e94-8e25-56b2-a69f-1c3f50420ce6,2021-03-13,"1,2,3",1,3,2,5,0.92582,0.4173,0,0,true,false
9e786a668e752cb2c55bb9ce.jpg,6fed5e94-8e25-56b2-a69f-1c3f50420ce6,2021-03-13,"1,2,3",2,1,1,0,0.07353,0.4595,0,0,true,false
9e786a668e752cb2c55bb9ce.jpg,6fed5e94-8e25-56b2-a69f-1c3f50420ce6,2021-03-13,"1,2,3",2,1,2,1,0.28736,0.4595,,,false,false
9e786a668e752cb2c55bb9ce.jpg,6fed5e94-8e25-56b2-a69f-1c3f50420ce6,2021-03-13,"1,2,3",2,2,1,2,0.38939,0.4595,0,0,true,false
9e786a668e752cb2c55bb9ce.jpg,6fed5e94-8e25-56b2-a69f-1c3f50420ce6,2021-03-13,"1,2,3",2,2,2,3,0.60608,0.4595,9,9,true,true
9e786a668e752cb2c55bb9ce.jpg,6fed5e94-8e25-56b2-a69f-1c3f50420ce6,2021-03-13,"1,2,3",2,3,1,4,0.71367,0.4595,0,0,true,false
9e786a668e752cb2c55bb9ce.jpg,6fed5e94-8e25-56b2-a69f-1c3f50420ce6,2021-03-13,"1,2,3",2,3,2,5,0.92582,0.4595,3,3,true,false
9e786a668e752cb2c55bb9ce.jpg,6fed5e94-8e25-56b2-a69f-1c3f50420ce6,2021-03-13,"1,2,3",3,1,1,0,0.07353,0.5026,10,10,true,true
9e786a668e752cb2c55bb9ce.jpg,6fed5e94-8e25-56b2-a69f-1c3f50420ce6,2021-03-13,"1,2,3",3,1,2,1,0.28736,0.5026,,,false,false
9e786a668e752cb2c55bb9ce.jpg,6fed5e94-8e25-56b2-a69f-1c3f50420ce6,2021-03-13,"1,2,3",3,2,1,2,0.38939,0.5026,3,3,true,false
9e786a668e752cb2c55bb9ce.jpg,6fed5e94-8e25-56b2-a69f-1c3f50420ce6,2021-03-13,"1,2,3",3,2,2,3,0.60608,0.5026,0,0,true,false
9e786a668e752cb2c55bb9ce.jpg,6fed5e94-8e25-56b2-a69f-1c3f50420ce6,2021-03-13,"1,2,3",3,3,1,4,0.71367,0.5026,3,3,true,false
9e786a668e752cb2c55bb9ce.jpg,6fed5e94-8e25-56b2-a69f-1c3f50420ce6,2021-03-13,"1,2,3",3,3,2,5,0.92582,0.5026,0,0,true,false
a816b0420d7f3aba8350be89.jpg,7d5bd54a-2e8f-5e8c-96c2-b245dd10f8d6,2025-12-13,1,1,1,1,0,0.07353,0.4173,,,false,false
a816b0420d7f3aba8350be89.jpg,7d5bd54a-2e8f-5e8c-96c2-b245dd10f8d6,2025-12-13,1,1,1,2,1,0.28736,0.4173,,,false,false
a816b0420d7f3aba8350be89.jpg,7d5bd54a-2e8f-5e8c-96c2-b245dd10f8d6,2025-12-13,1,1,2,1,2,0.38939,0.4173,0,0,true,false
a816b0420d7f3aba8350be89.jpg,7d5bd54a-2e8f-5e8c-96c2-b245dd10f8d6,2025-12-13,1,1,2,2,3,0.60608,0.4173,,,false,false
a816b0420d7f3aba8350be89.jpg,7d5bd54a-2e8f-5e8c-96c2-b245dd10f8d6,2025-12-13,1,1,3,1,4,0.71367,0.4173,,,false,false
a816b0420d7f3aba8350be89.jpg,7d5bd54a-2e8f-5e8c-96c2-b245dd10f8d6,2025-12-13,1,1,3,2,5,0.92582,0.4173,,,false,false
b3a95d04d912600278cc4860.jpg,72677782-6338-51f2-bc73-0bea8595b6b6,2026-01-24,"1,2",1,1,1,0,0.07353,0.4173,,,false,false
b3a95d04d912600278cc4860.jpg,72677782-6338-51f2-bc73-0bea8595b6b6,2026-01-24,"1,2",1,1,2,1,0.28736,0.4173,,,false,false
b3a95d04d912600278cc4860.jpg,72677782-6338-51f2-bc73-0bea8595b6b6,2026-01-24,"1,2",1,2,1,2,0.38939,0.4173,,,false,false
b3a95d04d912600278cc4860.jpg,72677782-6338-51f2-bc73-0bea8595b6b6,2026-01-24,"1,2",1,2,2,3,0.60608,0.4173,3,3,true,false
b3a95d04d912600278cc4860.jpg,72677782-6338-51f2-bc73-0bea8595b6b6,2026-01-24,"1,2",1,3,1,4,0.71367,0.4173,1,1,true,false
b3a95d04d912600278cc4860.jpg,72677782-6338-51f2-bc73-0bea8595b6b6,2026-01-24,"1,2",1,3,2,5,0.92582,0.4173,3,3,true,false
b3a95d04d912600278cc4860.jpg,72677782-6338-51f2-bc73-0bea8595b6b6,2026-01-24,"1,2",2,1,1,0,0.07353,0.4595,,,false,false
b3a95d04d912600278cc4860.jpg,72677782-6338-51f2-bc73-0bea8595b6b6,2026-01-24,"1,2",2,1,2,1,0.28736,0.4595,,,false,false
b3a95d04d912600278cc4860.jpg,72677782-6338-51f2-bc73-0bea8595b6b6,2026-01-24,"1,2",2,2,1,2,0.38939,0.4595,3,3,true,false
b3a95d04d912600278cc4860.jpg,72677782-6338-51f2-bc73-0bea8595b6b6,2026-01-24,"1,2",2,2,2,3,0.60608,0.4595,10,10,true,true
b3a95d04d912600278cc4860.jpg,72677782-6338-51f2-bc73-0bea8595b6b6,2026-01-24,"1,2",2,3,1,4,0.71367,0.4595,0,0,true,false
b3a95d04d912600278cc4860.jpg,72677782-6338-51f2-bc73-0bea8595b6b6,2026-01-24,"1,2",2,3,2,5,0.92582,0.4595,3,3,true,false
b95eaa924e0ee38e97438a0a.jpg,ddc84dec-2fc9-5606-9994-c39abc600b53,2022-03-19,"1,2",1,1,1,0,0.07353,0.4173,0,0,true,false
b95eaa924e0ee38e97438a0a.jpg,ddc84dec-2fc9-5606-9994-c39abc600b53,2022-03-19,"1,2",1,1,2,1,0.28736,0.4173,3,3,true,false
b95eaa924e0ee38e97438a0a.jpg,ddc84dec-2fc9-5606-9994-c39abc600b53,2022-03-19,"1,2",1,2,1,2,0.38939,0.4173,0,0,true,false
b95eaa924e0ee38e97438a0a.jpg,ddc84dec-2fc9-5606-9994-c39abc600b53,2022-03-19,"1,2",1,2,2,3,0.60608,0.4173,3,3,true,false
b95eaa924e0ee38e97438a0a.jpg,ddc84dec-2fc9-5606-9994-c39abc600b53,2022-03-19,"1,2",1,3,1,4,0.71367,0.4173,,,false,false
b95eaa924e0ee38e97438a0a.jpg,ddc84dec-2fc9-5606-9994-c39abc600b53,2022-03-19,"1,2",1,3,2,5,0.92582,0.4173,8,8,true,true
b95eaa924e0ee38e97438a0a.jpg,ddc84dec-2fc9-5606-9994-c39abc600b53,2022-03-19,"1,2",2,1,1,0,0.07353,0.4595,,,false,false
b95eaa924e0ee38e97438a0a.jpg,ddc84dec-2fc9-5606-9994-c39abc600b53,2022-03-19,"1,2",2,1,2,1,0.28736,0.4595,,,false,false
b95eaa924e0ee38e97438a0a.jpg,ddc84dec-2fc9-5606-9994-c39abc600b53,2022-03-19,"1,2",2,2,1,2,0.38939,0.4595,10,10,true,true
b95eaa924e0ee38e97438a0a.jpg,ddc84dec-2fc9-5606-9994-c39abc600b53,2022-03-19,"1,2",2,2,2,3,0.60608,0.4595,,,false,false
b95eaa924e0ee38e97438a0a.jpg,ddc84dec-2fc9-5606-9994-c39abc600b53,2022-03-19,"1,2",2,3,1,4,0.71367,0.4595,1,1,true,false
b95eaa924e0ee38e97438a0a.jpg,ddc84dec-2fc9-5606-9994-c39abc600b53,2022-03-19,"1,2",2,3,2,5,0.92582,0.4595,3,3,true,false
bc3e0ad69dbaf423e4064f68.jpeg,3e50330b-30ed-50b1-98bd-69f854bf6bb8,2024-08-03,"1,2,3",1,1,1,0,0.07353,0.4173,9,9,true,true
bc3e0ad69dbaf423e4064f68.jpeg,3e50330b-30ed-50b1-98bd-69f854bf6bb8,2024-08-03,"1,2,3",1,1,2,1,0.28736,0.4173,,,false,false
bc3e0ad69dbaf423e4064f68.jpeg,3e50330b-30ed-50b1-98bd-69f854bf6bb8,2024-08-03,"1,2,3",1,2,1,2,0.38939,0.4173,,,false,false
bc3e0ad69dbaf423e4064f68.jpeg,3e50330b-30ed-50b1-98bd-69f854bf6bb8,2024-08-03,"1,2,3",1,2,2,3,0.60608,0.4173,10,10,true,true
bc3e0ad69dbaf423e4064f68.jpeg,3e50330b-30ed-50b1-98bd-69f854bf6bb8,2024-08-03,"1,2,3",1,3,1,4,0.71367,0.4173,3,3,true,false
bc3e0ad69dbaf423e4064f68.jpeg,3e50330b-30ed-50b1-98bd-69f854bf6bb8,2024-08-03,"1,2,3",1,3,2,5,0.92582,0.4173,10,10,true,true
bc3e0ad69dbaf423e4064f68.jpeg,3e50330b-30ed-50b1-98bd-69f854bf6bb8,2024-08-03,"1,2,3",2,1,1,0,0.07353,0.4595,0,0,true,false
bc3e0ad69dbaf423e4064f68.jpeg,3e50330b-30ed-50b1-98bd-69f854bf6bb8,2024-08-03,"1,2,3",2,1,2,1,0.28736,0.4595,,,false,false
bc3e0ad69dbaf423e4064f68.jpeg,3e50330b-30ed-50b1-98bd-69f854bf6bb8,2024-08-03,"1,2,3",2,2,1,2,0.38939,0.4595,,,false,false
bc3e0ad69dbaf423e4064f68.jpeg,3e50330b-30ed-50b1-98bd-69f854bf6bb8,2024-08-03,"1,2,3",2,2,2,3,0.60608,0.4595,,,false,false
bc3e0ad69dbaf423e4064f68.jpeg,3e50330b-30ed-50b1-98bd-69f854bf6bb8,2024-08-03,"1,2,3",2,3,1,4,0.71367,0.4595,,,false,false
bc3e0ad69dbaf423e4064f68.jpeg,3e50330b-30ed-50b1-98bd-69f854bf6bb8,2024-08-03,"1,2,3",2,3,2,5,0.92582,0.4595,9,9,true,true
bc3e0ad69dbaf423e4064f68.jpeg,3e50330b-30ed-50b1-98bd-69f854bf6bb8,2024-08-03,"1,2,3",3,1,1,0,0.07353,0.5026,10,10,true,true
bc3e0ad69dbaf423e4064f68.jpeg,3e50330b-30ed-50b1-98bd-69f854bf6bb8,2024-08-03,"1,2,3",3,1,2,1,0.28736,0.5026,,,false,false
bc3e0ad69dbaf423e4064f68.jpeg,3e50330b-30ed-50b1-98bd-69f854bf6bb8,2024-08-03,"1,2,3",3,2,1,2,0.38939,0.5026,0,0,true,false
bc3e0ad69dbaf423e4064f68.jpeg,3e50330b-30ed-50b1-98bd-69f854bf6bb8,2024-08-03,"1,2,3",3,2,2,3,0.60608,0.5026,3,3,true,false
bc3e0ad69dbaf423e4064f68.jpeg,3e50330b-30ed-50b1-98bd-69f854bf6bb8,2024-08-03,"1,2,3",3,3,1,4,0.71367,0.5026,0,0,true,false
bc3e0ad69dbaf423e4064f68.jpeg,3e50330b-30ed-50b1-98bd-69f854bf6bb8,2024-08-03,"1,2,3",3,3,2,5,0.92582,0.5026,7,7,true,true
ce532851e6fc5ae2a1f49c43.jpg,083fc692-d48b-58e7-bebe-3e6f9a5f1673,2020-10-17,1,1,1,1,0,0.07353,0.4173,3,3,true,false
ce532851e6fc5ae2a1f49c43.jpg,083fc692-d48b-58e7-bebe-3e6f9a5f1673,2020-10-17,1,1,1,2,1,0.28736,0.4173,0,0,true,false
ce532851e6fc5ae2a1f49c43.jpg,083fc692-d48b-58e7-bebe-3e6f9a5f1673,2020-10-17,1,1,2,1,2,0.38939,0.4173,3,3,true,false
ce532851e6fc5ae2a1f49c43.jpg,083fc692-d48b-58e7-bebe-3e6f9a5f1673,2020-10-17,1,1,2,2,3,0.60608,0.4173,10,10,true,true
ce532851e6fc5ae2a1f49c43.jpg,083fc692-d48b-58e7-bebe-3e6f9a5f1673,2020-10-17,1,1,3,1,4,0.71367,0.4173,3,3,true,false
ce532851e6fc5ae2a1f49c43.jpg,083fc692-d48b-58e7-bebe-3e6f9a5f1673,2020-10-17,1,1,3,2,5,0.92582,0.4173,0,0,true,false
cf96c44df235977fd68039ed.jpeg,4f246a07-3213-5dca-bc92-2fdf9f7c8de1,2023-07-29,"1,2",1,1,1,0,0.07353,0.4173,,,false,false
cf96c44df235977fd68039ed.jpeg,4f246a07-3213-5dca-bc92-2fdf9f7c8de1,2023-07-29,"1,2",1,1,2,1,0.28736,0.4173,3,3,true,false
cf96c44df235977fd68039ed.jpeg,4f246a07-3213-5dca-bc92-2fdf9f7c8de1,2023-07-29,"1,2",1,2,1,2,0.38939,0.4173,,,false,false
cf96c44df235977fd68039ed.jpeg,4f246a07-3213-5dca-bc92-2fdf9f7c8de1,2023-07-29,"1,2",1,2,2,3,0.60608,0.4173,39,3,true,false
cf96c44df235977fd68039ed.jpeg,4f246a07-3213-5dca-bc92-2fdf9f7c8de1,2023-07-29,"1,2",1,3,1,4,0.71367,0.4173,10,10,true,true
cf96c44df235977fd68039ed.jpeg,4f246a07-3213-5dca-bc92-2fdf9f7c8de1,2023-07-29,"1,2",1,3,2,5,0.92582,0.4173,,,false,false
cf96c44df235977fd68039ed.jpeg,4f246a07-3213-5dca-bc92-2fdf9f7c8de1,2023-07-29,"1,2",2,1,1,0,0.07353,0.4595,,,false,false
cf96c44df235977fd68039ed.jpeg,4f246a07-3213-5dca-bc92-2fdf9f7c8de1,2023-07-29,"1,2",2,1,2,1,0.28736,0.4595,,,false,false
cf96c44df235977fd68039ed.jpeg,4f246a07-3213-5dca-bc92-2fdf9f7c8de1,2023-07-29,"1,2",2,2,1,2,0.38939,0.4595,3,3,true,false
cf96c44df235977fd68039ed.jpeg,4f246a07-3213-5dca-bc92-2fdf9f7c8de1,2023-07-29,"1,2",2,2,2,3,0.60608,0.4595,10,10,true,true
cf96c44df235977fd68039ed.jpeg,4f246a07-3213-5dca-bc92-2fdf9f7c8de1,2023-07-29,"1,2",2,3,1,4,0.71367,0.4595,3,3,true,false
cf96c44df235977fd68039ed.jpeg,4f246a07-3213-5dca-bc92-2fdf9f7c8de1,2023-07-29,"1,2",2,3,2,5,0.92582,0.4595,0,0,true,false
d2ea264d62125dc4ec973f1d.jpg,0c8bbbb5-8da0-5344-926b-f818c3d69eea,2022-08-13,"1,2,3",1,1,1,0,0.07353,0.4173,,,false,false
d2ea264d62125dc4ec973f1d.jpg,0c8bbbb5-8da0-5344-926b-f818c3d69eea,2022-08-13,"1,2,3",1,1,2,1,0.28736,0.4173,,,false,false
d2ea264d62125dc4ec973f1d.jpg,0c8bbbb5-8da0-5344-926b-f818c3d69eea,2022-08-13,"1,2,3",1,2,1,2,0.38939,0.4173,,,false,false
d2ea264d62125dc4ec973f1d.jpg,0c8bbbb5-8da0-5344-926b-f818c3d69eea,2022-08-13,"1,2,3",1,2,2,3,0.60608,0.4173,,,false,false
d2ea264d62125dc4ec973f1d.jpg,0c8bbbb5-8da0-5344-926b-f818c3d69eea,2022-08-13,"1,2,3",1,3,1,4,0.71367,0.4173,,,false,false
d2ea264d62125dc4ec973f1d.jpg,0c8bbbb5-8da0-5344-926b-f818c3d69eea,2022-08-13,"1,2,3",1,3,2,5,0.92582,0.4173,,,false,false
d2ea264d62125dc4ec973f1d.jpg,0c8bbbb5-8da0-5344-926b-f818c3d69eea,2022-08-13,"1,2,3",2,1,1,0,0.07353,0.4595,,,false,false
d2ea264d62125dc4ec973f1d.jpg,0c8bbbb5-8da0-5344-926b-f818c3d69eea,2022-08-13,"1,2,3",2,1,2,1,0.28736,0.4595,,,false,false
d2ea264d62125dc4ec973f1d.jpg,0c8bbbb5-8da0-5344-926b-f818c3d69eea,2022-08-13,"1,2,3",2,2,1,2,0.38939,0.4595,,,false,false
d2ea264d62125dc4ec973f1d.jpg,0c8bbbb5-8da0-5344-926b-f818c3d69eea,2022-08-13,"1,2,3",2,2,2,3,0.60608,0.4595,0,0,true,false
d2ea264d62125dc4ec973f1d.jpg,0c8bbbb5-8da0-5344-926b-f818c3d69eea,2022-08-13,"1,2,3",2,3,1,4,0.71367,0.4595,8,8,true,true
d2ea264d62125dc4ec973f1d.jpg,0c8bbbb5-8da0-5344-926b-f818c3d69eea,2022-08-13,"1,2,3",2,3,2,5,0.92582,0.4595,2,2,true,false
d2ea264d62125dc4ec973f1d.jpg,0c8bbbb5-8da0-5344-926b-f818c3d69eea,2022-08-13,"1,2,3",3,1,1,0,0.07353,0.5026,,,false,false
d2ea264d62125dc4ec973f1d.jpg,0c8bbbb5-8da0-5344-926b-f818c3d69eea,2022-08-13,"1,2,3",3,1,2,1,0.28736,0.5026,,,false,false
d2ea264d62125dc4ec973f1d.jpg,0c8bbbb5-8da0-5344-926b-f818c3d69eea,2022-08-13,"1,2,3",3,2,1,2,0.38939,0.5026,,,false,false
d2ea264d62125dc4ec973f1d.jpg,0c8bbbb5-8da0-5344-926b-f818c3d69eea,2022-08-13,"1,2,3",3,2,2,3,0.60608,0.5026,,,false,false
d2ea264d62125dc4ec973f1d.jpg,0c8bbbb5-8da0-5344-926b-f818c3d69eea,2022-08-13,"1,2,3",3,3,1,4,0.71367,0.5026,1,1,true,false
d2ea264d62125dc4ec973f1d.jpg,0c8bbbb5-8da0-5344-926b-f818c3d69eea,2022-08-13,"1,2,3",3,3,2,5,0.92582,0.5026,4,4,true,false
d80b35ed59b12d1fc51ae05b.jpg,90ea32aa-1709-5cd8-92a6-95da3d5a83fe,2025-03-01,"1,2,3",1,1,1,0,0.07353,0.4173,,,false,false
d80b35ed59b12d1fc51ae05b.jpg,90ea32aa-1709-5cd8-92a6-95da3d5a83fe,2025-03-01,"1,2,3",1,1,2,1,0.28736,0.4173,,,false,false
d80b35ed59b12d1fc51ae05b.jpg,90ea32aa-1709-5cd8-92a6-95da3d5a83fe,2025-03-01,"1,2,3",1,2,1,2,0.38939,0.4173,,,false,false
d80b35ed59b12d1fc51ae05b.jpg,90ea32aa-1709-5cd8-92a6-95da3d5a83fe,2025-03-01,"1,2,3",1,2,2,3,0.60608,0.4173,,,false,false
d80b35ed59b12d1fc51ae05b.jpg,90ea32aa-1709-5cd8-92a6-95da3d5a83fe,2025-03-01,"1,2,3",1,3,1,4,0.71367,0.4173,,,false,false
d80b35ed59b12d1fc51ae05b.jpg,90ea32aa-1709-5cd8-92a6-95da3d5a83fe,2025-03-01,"1,2,3",1,3,2,5,0.92582,0.4173,,,false,false
d80b35ed59b12d1fc51ae05b.jpg,90ea32aa-1709-5cd8-92a6-95da3d5a83fe,2025-03-01,"1,2,3",2,1,1,0,0.07353,0.4595,9,9,true,true
d80b35ed59b12d1fc51ae05b.jpg,90ea32aa-1709-5cd8-92a6-95da3d5a83fe,2025-03-01,"1,2,3",2,1,2,1,0.28736,0.4595,,,false,false
d80b35ed59b12d1fc51ae05b.jpg,90ea32aa-1709-5cd8-92a6-95da3d5a83fe,2025-03-01,"1,2,3",2,2,1,2,0.38939,0.4595,3,3,true,false
d80b35ed59b12d1fc51ae05b.jpg,90ea32aa-1709-5cd8-92a6-95da3d5a83fe,2025-03-01,"1,2,3",2,2,2,3,0.60608,0.4595,0,0,true,false
d80b35ed59b12d1fc51ae05b.jpg,90ea32aa-1709-5cd8-92a6-95da3d5a83fe,2025-03-01,"1,2,3",2,3,1,4,0.71367,0.4595,,,false,false
d80b35ed59b12d1fc51ae05b.jpg,90ea32aa-1709-5cd8-92a6-95da3d5a83fe,2025-03-01,"1,2,3",2,3,2,5,0.92582,0.4595,,,false,false
d80b35ed59b12d1fc51ae05b.jpg,90ea32aa-1709-5cd8-92a6-95da3d5a83fe,2025-03-01,"1,2,3",3,1,1,0,0.07353,0.5026,,,false,false
d80b35ed59b12d1fc51ae05b.jpg,90ea32aa-1709-5cd8-92a6-95da3d5a83fe,2025-03-01,"1,2,3",3,1,2,1,0.28736,0.5026,1,1,true,false
d80b35ed59b12d1fc51ae05b.jpg,90ea32aa-1709-5cd8-92a6-95da3d5a83fe,2025-03-01,"1,2,3",3,2,1,2,0.38939,0.5026,3,3,true,false
d80b35ed59b12d1fc51ae05b.jpg,90ea32aa-1709-5cd8-92a6-95da3d5a83fe,2025-03-01,"1,2,3",3,2,2,3,0.60608,0.5026,,,false,false
d80b35ed59b12d1fc51ae05b.jpg,90ea32aa-1709-5cd8-92a6-95da3d5a83fe,2025-03-01,"1,2,3",3,3,1,4,0.71367,0.5026,3,3,true,false
d80b35ed59b12d1fc51ae05b.jpg,90ea32aa-1709-5cd8-92a6-95da3d5a83fe,2025-03-01,"1,2,3",3,3,2,5,0.92582,0.5026,0,0,true,false
dcdd208c1251a23895ce9fa4.jpeg,848d77c2-5260-5ca7-90ca-fe77b78b7340,2024-11-02,"1,2,3",1,1,1,0,0.07353,0.4173,,,false,false
dcdd208c1251a23895ce9fa4.jpeg,848d77c2-5260-5ca7-90ca-fe77b78b7340,2024-11-02,"1,2,3",1,1,2,1,0.28736,0.4173,,,false,false
dcdd208c1251a23895ce9fa4.jpeg,848d77c2-5260-5ca7-90ca-fe77b78b7340,2024-11-02,"1,2,3",1,2,1,2,0.38939,0.4173,,,false,false
dcdd208c1251a23895ce9fa4.jpeg,848d77c2-5260-5ca7-90ca-fe77b78b7340,2024-11-02,"1,2,3",1,2,2,3,0.60608,0.4173,,,false,false
dcdd208c1251a23895ce9fa4.jpeg,848d77c2-5260-5ca7-90ca-fe77b78b7340,2024-11-02,"1,2,3",1,3,1,4,0.71367,0.4173,,,false,false
dcdd208c1251a23895ce9fa4.jpeg,848d77c2-5260-5ca7-90ca-fe77b78b7340,2024-11-02,"1,2,3",1,3,2,5,0.92582,0.4173,,,false,false
dcdd208c1251a23895ce9fa4.jpeg,848d77c2-5260-5ca7-90ca-fe77b78b7340,2024-11-02,"1,2,3",2,1,1,0,0.07353,0.4595,,,false,false
dcdd208c1251a23895ce9fa4.jpeg,848d77c2-5260-5ca7-90ca-fe77b78b7340,2024-11-02,"1,2,3",2,1,2,1,0.28736,0.4595,,,false,false
dcdd208c1251a23895ce9fa4.jpeg,848d77c2-5260-5ca7-90ca-fe77b78b7340,2024-11-02,"1,2,3",2,2,1,2,0.38939,0.4595,,,false,false
dcdd208c1251a23895ce9fa4.jpeg,848d77c2-5260-5ca7-90ca-fe77b78b7340,2024-11-02,"1,2,3",2,2,2,3,0.60608,0.4595,,,false,false
dcdd208c1251a23895ce9fa4.jpeg,848d77c2-5260-5ca7-90ca-fe77b78b7340,2024-11-02,"1,2,3",2,3,1,4,0.71367,0.4595,,,false,false
dcdd208c1251a23895ce9fa4.jpeg,848d77c2-5260-5ca7-90ca-fe77b78b7340,2024-11-02,"1,2,3",2,3,2,5,0.92582,0.4595,2,2,true,false
dcdd208c1251a23895ce9fa4.jpeg,848d77c2-5260-5ca7-90ca-fe77b78b7340,2024-11-02,"1,2,3",3,1,1,0,0.07353,0.5026,,,false,false
dcdd208c1251a23895ce9fa4.jpeg,848d77c2-5260-5ca7-90ca-fe77b78b7340,2024-11-02,"1,2,3",3,1,2,1,0.28736,0.5026,,,false,false
dcdd208c1251a23895ce9fa4.jpeg,848d77c2-5260-5ca7-90ca-fe77b78b7340,2024-11-02,"1,2,3",3,2,1,2,0.38939,0.5026,,,false,false
dcdd208c1251a23895ce9fa4.jpeg,848d77c2-5260-5ca7-90ca-fe77b78b7340,2024-11-02,"1,2,3",3,2,2,3,0.60608,0.5026,,,false,false
dcdd208c1251a23895ce9fa4.jpeg,848d77c2-5260-5ca7-90ca-fe77b78b7340,2024-11-02,"1,2,3",3,3,1,4,0.71367,0.5026,,,false,false
dcdd208c1251a23895ce9fa4.jpeg,848d77c2-5260-5ca7-90ca-fe77b78b7340,2024-11-02,"1,2,3",3,3,2,5,0.92582,0.5026,,,false,false
fb5e4df1fc4b6645824f1776.jpg,9e4f6c71-fc06-5b50-9387-b6eda389f2b6,2024-01-13,"1,2,3",1,1,1,0,0.07353,0.4173,,,false,false
fb5e4df1fc4b6645824f1776.jpg,9e4f6c71-fc06-5b50-9387-b6eda389f2b6,2024-01-13,"1,2,3",1,1,2,1,0.28736,0.4173,,,false,false
fb5e4df1fc4b6645824f1776.jpg,9e4f6c71-fc06-5b50-9387-b6eda389f2b6,2024-01-13,"1,2,3",1,2,1,2,0.38939,0.4173,,,false,false
fb5e4df1fc4b6645824f1776.jpg,9e4f6c71-fc06-5b50-9387-b6eda389f2b6,2024-01-13,"1,2,3",1,2,2,3,0.60608,0.4173,,,false,false
fb5e4df1fc4b6645824f1776.jpg,9e4f6c71-fc06-5b50-9387-b6eda389f2b6,2024-01-13,"1,2,3",1,3,1,4,0.71367,0.4173,,,false,false
fb5e4df1fc4b6645824f1776.jpg,9e4f6c71-fc06-5b50-9387-b6eda389f2b6,2024-01-13,"1,2,3",1,3,2,5,0.92582,0.4173,,,false,false
fb5e4df1fc4b6645824f1776.jpg,9e4f6c71-fc06-5b50-9387-b6eda389f2b6,2024-01-13,"1,2,3",2,1,1,0,0.07353,0.4595,,,false,false
fb5e4df1fc4b6645824f1776.jpg,9e4f6c71-fc06-5b50-9387-b6eda389f2b6,2024-01-13,"1,2,3",2,1,2,1,0.28736,0.4595,,,false,false
fb5e4df1fc4b6645824f1776.jpg,9e4f6c71-fc06-5b50-9387-b6eda389f2b6,2024-01-13,"1,2,3",2,2,1,2,0.38939,0.4595,,,false,false
fb5e4df1fc4b6645824f1776.jpg,9e4f6c71-fc06-5b50-9387-b6eda389f2b6,2024-01-13,"1,2,3",2,2,2,3,0.60608,0.4595,4,4,true,false
fb5e4df1fc4b6645824f1776.jpg,9e4f6c71-fc06-5b50-9387-b6eda389f2b6,2024-01-13,"1,2,3",2,3,1,4,0.71367,0.4595,,,false,false
fb5e4df1fc4b6645824f1776.jpg,9e4f6c71-fc06-5b50-9387-b6eda389f2b6,2024-01-13,"1,2,3",2,3,2,5,0.92582,0.4595,,,false,false
fb5e4df1fc4b6645824f1776.jpg,9e4f6c71-fc06-5b50-9387-b6eda389f2b6,2024-01-13,"1,2,3",3,1,1,0,0.07353,0.5026,,,false,false
fb5e4df1fc4b6645824f1776.jpg,9e4f6c71-fc06-5b50-9387-b6eda389f2b6,2024-01-13,"1,2,3",3,1,2,1,0.28736,0.5026,4,4,true,false
fb5e4df1fc4b6645824f1776.jpg,9e4f6c71-fc06-5b50-9387-b6eda389f2b6,2024-01-13,"1,2,3",3,2,1,2,0.38939,0.5026,,,false,false
fb5e4df1fc4b6645824f1776.jpg,9e4f6c71-fc06-5b50-9387-b6eda389f2b6,2024-01-13,"1,2,3",3,2,2,3,0.60608,0.5026,1,1,true,false
fb5e4df1fc4b6645824f1776.jpg,9e4f6c71-fc06-5b50-9387-b6eda389f2b6,2024-01-13,"1,2,3",3,3,1,4,0.71367,0.5026,,,false,false
fb5e4df1fc4b6645824f1776.jpg,9e4f6c71-fc06-5b50-9387-b6eda389f2b6,2024-01-13,"1,2,3",3,3,2,5,0.92582,0.5026,,,false,false
