archive_key,fight_id,event_date,judge_block,psm7_text,psm11_text,scorecard_candidate,espn_judge_name,espn_official_ids,similarity_psm7,similarity_psm11,runner_up_similarity,margin,identity_status
1026775bbe489e7050fa4312.jpg,3e507082-4f24-54a2-b000-64cbc6cf7f14,2020-09-19,1,JUNICHIRO KAMIJO,JUNICHIRO KAMIJO,JUNICHIRO KAMIJO,Junichiro Kamijo,2594008,1.0,1.0,0.51613,0.48387,reconciled_unique_espn_judge
1026775bbe489e7050fa4312.jpg,3e507082-4f24-54a2-b000-64cbc6cf7f14,2020-09-19,2,DAVE HAGEN,DAVE HAGEN,DAVE HAGEN,Dave Hagen,2593954,1.0,1.0,0.66667,0.33333,reconciled_unique_espn_judge
1026775bbe489e7050fa4312.jpg,3e507082-4f24-54a2-b000-64cbc6cf7f14,2020-09-19,3,SAL 'AMATO,SAL 'AMATO,SAL AMATO,Sal D'amato,2593952,0.9,0.9,0.75,0.15,reconciled_unique_espn_judge
13e2e75c0bf52ea10abedd20.jpg,27d9ad46-0045-501c-92cb-decdceac2328,2020-12-05,1,DEREK CLEARY,DEREK CLEARY,DEREK CLEARY,Derek Cleary,2956768,1.0,1.0,0.64,0.36,reconciled_unique_espn_judge
13e2e75c0bf52ea10abedd20.jpg,27d9ad46-0045-501c-92cb-decdceac2328,2020-12-05,2,SAL D'AMATO,SAL D'AMATO,SAL D'AMATO,Sal D'amato,2593952,1.0,1.0,0.66667,0.33333,reconciled_unique_espn_judge
13e2e75c0bf52ea10abedd20.jpg,27d9ad46-0045-501c-92cb-decdceac2328,2020-12-05,3,JUNICHIRO KAMIJO,JUNICHIRO KAMIJO,JUNICHIRO KAMIJO,Junichiro Kamijo,2594008,1.0,1.0,0.51613,0.48387,reconciled_unique_espn_judge
18838c0941537e45b0418131.jpeg,0c0e9975-532f-5b6c-8c9f-0020149a98c3,2023-11-04,1,ALESSANDRO VIEIRA,ALESSANDRO VIEIRA,ALESSANDRO VIEIRA,Alessandro Vieira,3950348,1.0,1.0,0.60606,0.39394,reconciled_unique_espn_judge
18838c0941537e45b0418131.jpeg,0c0e9975-532f-5b6c-8c9f-0020149a98c3,2023-11-04,2,SAL D'AMATO,SAL D'AMATO,SAL D'AMATO,Sal D'amato,2593952,1.0,1.0,0.66667,0.33333,reconciled_unique_espn_judge
18838c0941537e45b0418131.jpeg,0c0e9975-532f-5b6c-8c9f-0020149a98c3,2023-11-04,3,HALLISON PONTES,HALLISON PONTES,HALLISON PONTES,Hallison Pontes,3163975,1.0,1.0,0.57143,0.42857,reconciled_unique_espn_judge
1e3811380574d61624efbf81.jpg,dedf4087-58a0-50e5-8665-9f53814e4408,2022-11-19,1,SAL D'AMATO,SAL D'AMATO,SAL D'AMATO,Sal D'amato,2593952,1.0,1.0,0.66667,0.33333,reconciled_unique_espn_judge
1e3811380574d61624efbf81.jpg,dedf4087-58a0-50e5-8665-9f53814e4408,2022-11-19,2,JUNICHIRG KAMIJO,JUNICHIRG KAMIJO,JUNICHIRG KAMIJO,Junichiro Kamijo,2594008,0.9375,0.9375,0.48276,0.45474,reconciled_unique_espn_judge
1e3811380574d61624efbf81.jpg,dedf4087-58a0-50e5-8665-9f53814e4408,2022-11-19,3,ANTHONY MANESS,ANTHONY MANESS,ANTHONY MANESS,Anthony Manes,2594028,0.96296,0.96296,0.78571,0.17725,reconciled_unique_espn_judge
25a5ba9622b44c65201eddd3.jpg,fc78fad0-38f4-550b-81db-3317be63de63,2021-05-01,1,MIKE BELL,MIKE BELL,MIKE BELL,,,0.7619,0.7619,0.7619,0.0,fuzzy_identity_not_strict_enough
25a5ba9622b44c65201eddd3.jpg,fc78fad0-38f4-550b-81db-3317be63de63,2021-05-01,2,ERIC COLON,ERIC COLON,ERIC COLON,Eric Colon,2593970,1.0,1.0,0.66667,0.33333,reconciled_unique_espn_judge
25a5ba9622b44c65201eddd3.jpg,fc78fad0-38f4-550b-81db-3317be63de63,2021-05-01,3,SAL D'AMATO,SAL D'AMATO,SAL D'AMATO,Sal D'amato,2593952,1.0,1.0,0.66667,0.33333,reconciled_unique_espn_judge
29068699e683cf1f5aea0f00.jpg,60933b47-b68c-55f3-9573-73db7f9a146a,2021-06-26,1,RON MCCARTHY,RON MCCARTHY,RON MCCARTHY,Ron McCarthy,4021253,1.0,1.0,0.6087,0.3913,reconciled_unique_espn_judge
29068699e683cf1f5aea0f00.jpg,60933b47-b68c-55f3-9573-73db7f9a146a,2021-06-26,2,RICK WINTER,RICK WINTER,RICK WINTER,,,0.76923,0.76923,0.63636,0.13287,fuzzy_identity_not_strict_enough
29068699e683cf1f5aea0f00.jpg,60933b47-b68c-55f3-9573-73db7f9a146a,2021-06-26,3,MIKE BELL,MIKE BELL,MIKE BELL,,,0.7619,0.7619,0.7619,0.0,fuzzy_identity_not_strict_enough
2c01cf1021e3b14e7e8f996f.jpg,466b5bcb-36aa-591e-8c5f-cd2f09662bba,2022-01-22,1,RON MCCARTHY,RON MCCARTHY,RON MCCARTHY,Ron McCarthy,4021253,1.0,1.0,0.6087,0.3913,reconciled_unique_espn_judge
2c01cf1021e3b14e7e8f996f.jpg,466b5bcb-36aa-591e-8c5f-cd2f09662bba,2022-01-22,2,SAL D'AMATO,SALD'AMATO,,,,0.0,0.0,0.0,0.0,upstream_not_dual_consensus
2c01cf1021e3b14e7e8f996f.jpg,466b5bcb-36aa-591e-8c5f-cd2f09662bba,2022-01-22,3,DEREK CLEARY,DEREK CLEARY,DEREK CLEARY,Derek Cleary,2956768,1.0,1.0,0.64,0.36,reconciled_unique_espn_judge
2cfa5ce47177b9e8f94b12f9.png,aee57144-60b9-5882-92cc-c03e446eaf92,2024-12-14,1,ERICCOLON,ERIC COLON,,,,0.0,0.0,0.0,0.0,upstream_not_dual_consensus
2cfa5ce47177b9e8f94b12f9.png,aee57144-60b9-5882-92cc-c03e446eaf92,2024-12-14,2,TROY WINCAPAW,TROY WINCAPAW,TROY WINCAPAW,Troy Wincapaw,3077197,1.0,1.0,0.53846,0.46154,reconciled_unique_espn_judge
2cfa5ce47177b9e8f94b12f9.png,aee57144-60b9-5882-92cc-c03e446eaf92,2024-12-14,3,,CHRIS LEE,,,,0.0,0.0,0.0,0.0,upstream_not_dual_consensus
2dd09ac29e38b7bf9913f290.png,c5d1dd7e-f8e1-5244-9b81-9d8b8749a4af,2024-08-24,1,ADALAIDE BYRD,ADALAIDE BYRD,ADALAIDE BYRD,Adalaide Byrd,2593946,1.0,1.0,0.58333,0.41667,reconciled_unique_espn_judge
2dd09ac29e38b7bf9913f290.png,c5d1dd7e-f8e1-5244-9b81-9d8b8749a4af,2024-08-24,2,ERIC COLON,ERIC COLON,ERIC COLON,Eric Colon,2593970,1.0,1.0,0.66667,0.33333,reconciled_unique_espn_judge
2dd09ac29e38b7bf9913f290.png,c5d1dd7e-f8e1-5244-9b81-9d8b8749a4af,2024-08-24,3,JUNICHIRO KAMIIO,JUNICHIRO KAMIJO,JUNICHIRO KAMIIO,Junichiro Kamijo,2594008,0.9375,1.0,0.51613,0.42137,reconciled_unique_espn_judge
2f8cb42409f980b4d8ff97ca.png,22807da9-ffc6-511c-bcbb-b21ed6b336f6,2025-02-01,1,BEN CARTLIDGE,BEN CARTLIDGE,BEN CARTLIDGE,Ben Cartlidge,3023938,1.0,1.0,0.61538,0.38462,reconciled_unique_espn_judge
2f8cb42409f980b4d8ff97ca.png,22807da9-ffc6-511c-bcbb-b21ed6b336f6,2025-02-01,2,,,,,,0.0,0.0,0.0,0.0,upstream_not_dual_consensus
2f8cb42409f980b4d8ff97ca.png,22807da9-ffc6-511c-bcbb-b21ed6b336f6,2025-02-01,3,,,,,,0.0,0.0,0.0,0.0,upstream_not_dual_consensus
49f3dba129524e0a51115ad8.jpg,ad8e5ac3-49dc-5721-b391-769a531ec42f,2023-06-10,1,SAL D'AMATO,SAL D'AMATO,SAL D'AMATO,Sal D'amato,2593952,1.0,1.0,0.66667,0.33333,reconciled_unique_espn_judge
49f3dba129524e0a51115ad8.jpg,ad8e5ac3-49dc-5721-b391-769a531ec42f,2023-06-10,2,JERIN VALEL,JERIN VALEL,JERIN VALEL,Jerin Valel,2594364,1.0,1.0,0.61538,0.38462,reconciled_unique_espn_judge
49f3dba129524e0a51115ad8.jpg,ad8e5ac3-49dc-5721-b391-769a531ec42f,2023-06-10,3,JAKE MAXIM,JAKE MAXIM,JAKE MAXIM,Jake Maxim,5146925,1.0,1.0,0.52632,0.47368,reconciled_unique_espn_judge
4ba4818507d086def6232e91.jpeg,c0aeea6e-2948-5340-8f96-25fd24019f14,2022-06-18,1,,,,,,0.0,0.0,0.0,0.0,upstream_not_dual_consensus
4ba4818507d086def6232e91.jpeg,c0aeea6e-2948-5340-8f96-25fd24019f14,2022-06-18,2,POUCCROSSY,DOUG CROSBY,,,,0.0,0.0,0.0,0.0,upstream_not_dual_consensus
4ba4818507d086def6232e91.jpeg,c0aeea6e-2948-5340-8f96-25fd24019f14,2022-06-18,3,JON SCHORLE,JON SCHORLE,JON SCHORLE,Jon Schorle,2593957,1.0,1.0,0.63636,0.36364,reconciled_unique_espn_judge
51f0aa9b277c04ebd208fde6.jpeg,cb8b5682-f69b-53f1-8716-fb8e88eb0b7f,2021-12-18,1,MIKE BELL,MIKE BELL,MIKE BELL,,,0.7619,0.7619,0.7619,0.0,fuzzy_identity_not_strict_enough
51f0aa9b277c04ebd208fde6.jpeg,cb8b5682-f69b-53f1-8716-fb8e88eb0b7f,2021-12-18,2,ADALAIDE E BYRD,ADALAIDE E BYRD,ADALAIDE E BYRD,Adalaide Byrd,2593946,0.92857,0.92857,0.61538,0.31319,reconciled_unique_espn_judge
51f0aa9b277c04ebd208fde6.jpeg,cb8b5682-f69b-53f1-8716-fb8e88eb0b7f,2021-12-18,3,JUNICHIRO KAMIJO,JUNICHIRO KAMIJO,JUNICHIRO KAMIJO,Junichiro Kamijo,2594008,1.0,1.0,0.51613,0.48387,reconciled_unique_espn_judge
5884ab5a5e8366c7a80093db.jpg,0a7b981a-a885-5166-9647-e1752da506ba,2023-03-04,1,ADALAIDE BYRD,ADALAIDE BYRD,ADALAIDE BYRD,Adalaide Byrd,2593946,1.0,1.0,0.58333,0.41667,reconciled_unique_espn_judge
5884ab5a5e8366c7a80093db.jpg,0a7b981a-a885-5166-9647-e1752da506ba,2023-03-04,2,BEN CARTLIDGE,BEN CARTLIDGE,BEN CARTLIDGE,Ben Cartlidge,3023938,1.0,1.0,0.61538,0.38462,reconciled_unique_espn_judge
5884ab5a5e8366c7a80093db.jpg,0a7b981a-a885-5166-9647-e1752da506ba,2023-03-04,3,DEREK CLEARY,DEREK CLEARY,DEREK CLEARY,Derek Cleary,2956768,1.0,1.0,0.64,0.36,reconciled_unique_espn_judge
59c4640966c37c1ac24fbd8a.png,2445f7d8-7ed3-54ac-a84e-6db58824ccff,2025-10-25,1,BEN CARTLIDGE,BEN CARTLIDGE,BEN CARTLIDGE,Ben Cartlidge,3023938,1.0,1.0,0.61538,0.38462,reconciled_unique_espn_judge
59c4640966c37c1ac24fbd8a.png,2445f7d8-7ed3-54ac-a84e-6db58824ccff,2025-10-25,2,TONY WEEKS,TONY WEEKS,TONY WEEKS,Tony Weeks,2593944,1.0,1.0,0.6087,0.3913,reconciled_unique_espn_judge
59c4640966c37c1ac24fbd8a.png,2445f7d8-7ed3-54ac-a84e-6db58824ccff,2025-10-25,3,CLEMENS WERNER,CLEMENS WERNER,CLEMENS WERNER,Clemens Werner,4053724,1.0,1.0,0.52174,0.47826,reconciled_unique_espn_judge
59db1e1e3a035e4f07d75960.jpg,fd9f7bae-3ea9-57f4-b939-3976c1223a25,2022-03-05,1,MIKE BELL,MIKE BELL,MIKE BELL,,,0.7619,0.7619,0.7619,0.0,fuzzy_identity_not_strict_enough
59db1e1e3a035e4f07d75960.jpg,fd9f7bae-3ea9-57f4-b939-3976c1223a25,2022-03-05,2,CHRIS LEE,CHRIS LEE,CHRIS LEE,Chris Lee,2593955,1.0,1.0,0.9,0.1,reconciled_unique_espn_judge
59db1e1e3a035e4f07d75960.jpg,fd9f7bae-3ea9-57f4-b939-3976c1223a25,2022-03-05,3,,,,,,0.0,0.0,0.0,0.0,upstream_not_dual_consensus
5e3480ff1fc0544c5c9fc452.png,a7f67273-4fc2-59a5-854b-015916c65462,2024-12-07,1,MIKEBELL,MIKE BELL,,,,0.0,0.0,0.0,0.0,upstream_not_dual_consensus
5e3480ff1fc0544c5c9fc452.png,a7f67273-4fc2-59a5-854b-015916c65462,2024-12-07,2,RON MCCARTHY,RON MCCARTHY,RON MCCARTHY,Ron McCarthy,4021253,1.0,1.0,0.6087,0.3913,reconciled_unique_espn_judge
5e3480ff1fc0544c5c9fc452.png,a7f67273-4fc2-59a5-854b-015916c65462,2024-12-07,3,TONY WEEKS,TONY WEEKS,TONY WEEKS,Tony Weeks,2593944,1.0,1.0,0.6087,0.3913,reconciled_unique_espn_judge
64660568ded28012ae710c2e.jpg,1b3d5929-e188-5d42-bf6a-12648de6f530,2020-11-07,1,ERIC COLON,ERIC COLON,ERIC COLON,Eric Colon,2593970,1.0,1.0,0.66667,0.33333,reconciled_unique_espn_judge
64660568ded28012ae710c2e.jpg,1b3d5929-e188-5d42-bf6a-12648de6f530,2020-11-07,2,CHRIS LEE,CHRIS LEE,CHRIS LEE,Chris Lee,2593955,1.0,1.0,0.9,0.1,reconciled_unique_espn_judge
64660568ded28012ae710c2e.jpg,1b3d5929-e188-5d42-bf6a-12648de6f530,2020-11-07,3,RON MCCARTHY,RON MCCARTHY,RON MCCARTHY,Ron McCarthy,4021253,1.0,1.0,0.6087,0.3913,reconciled_unique_espn_judge
646a7d19128b6d555f1d7a44.jpg,49329e8c-d3b6-5d73-927b-50363d6b8e4d,2022-02-12,1,DAN MIRAGLIOTTA,DAN MIRAGLIOTTA,DAN MIRAGLIOTTA,Dan Miragliotta,2594134,1.0,1.0,0.55172,0.44828,reconciled_unique_espn_judge
646a7d19128b6d555f1d7a44.jpg,49329e8c-d3b6-5d73-927b-50363d6b8e4d,2022-02-12,2,DOUG CROSBY,POUCEROSEY,,,,0.0,0.0,0.0,0.0,upstream_not_dual_consensus
646a7d19128b6d555f1d7a44.jpg,49329e8c-d3b6-5d73-927b-50363d6b8e4d,2022-02-12,3,PATRICK PATLAN,PATRICK PATLAN,PATRICK PATLAN,Patrick Patlan,2594062,1.0,1.0,0.71429,0.28571,reconciled_unique_espn_judge
6593264dde505f85e87895db.jpg,ddc84dec-2fc9-5606-9994-c39abc600b53,2022-03-19,1,BEN CARTLIDGE,BEN CARTLIDGE,BEN CARTLIDGE,Ben Cartlidge,3023938,1.0,1.0,0.61538,0.38462,reconciled_unique_espn_judge
6593264dde505f85e87895db.jpg,ddc84dec-2fc9-5606-9994-c39abc600b53,2022-03-19,2,ARMEDKORCHH,ARMEDKORCHH,,,,0.0,0.0,0.0,0.0,upstream_not_dual_consensus
6593264dde505f85e87895db.jpg,ddc84dec-2fc9-5606-9994-c39abc600b53,2022-03-19,3,CLEMENS WERNER,CLEMENSWERNER,,,,0.0,0.0,0.0,0.0,upstream_not_dual_consensus
6c94dc8a8a1579a5d8a9fded.jpg,49329e8c-d3b6-5d73-927b-50363d6b8e4d,2022-02-12,1,DAN MIRAGLIOTTA,DAN MIRAGLIOTTA,DAN MIRAGLIOTTA,Dan Miragliotta,2594134,1.0,1.0,0.55172,0.44828,reconciled_unique_espn_judge
6c94dc8a8a1579a5d8a9fded.jpg,49329e8c-d3b6-5d73-927b-50363d6b8e4d,2022-02-12,2,DOUG CROSBY,POUCEROSEY,,,,0.0,0.0,0.0,0.0,upstream_not_dual_consensus
6c94dc8a8a1579a5d8a9fded.jpg,49329e8c-d3b6-5d73-927b-50363d6b8e4d,2022-02-12,3,PATRICK PATLAN,PATRICK PATLAN,PATRICK PATLAN,Patrick Patlan,2594062,1.0,1.0,0.71429,0.28571,reconciled_unique_espn_judge
70588e32981457905a7a877a.jpg,f752c632-17f3-548b-ad17-83682cb3c8e7,2021-09-04,1,MIKE BELL,MIKE BELL,MIKE BELL,,,0.7619,0.7619,0.7619,0.0,fuzzy_identity_not_strict_enough
70588e32981457905a7a877a.jpg,f752c632-17f3-548b-ad17-83682cb3c8e7,2021-09-04,2,DAVE HAGEN,DAVE HAGEN,DAVE HAGEN,Dave Hagen,2593954,1.0,1.0,0.66667,0.33333,reconciled_unique_espn_judge
70588e32981457905a7a877a.jpg,f752c632-17f3-548b-ad17-83682cb3c8e7,2021-09-04,3,JUNICHIRO KAMIJO,JUNICHIRO KAMIJO,JUNICHIRO KAMIJO,Junichiro Kamijo,2594008,1.0,1.0,0.51613,0.48387,reconciled_unique_espn_judge
811779f24f4f8a8d573f03e1.jpg,fd07acac-7e1c-52c6-902b-94ba171be297,2020-12-19,1,MIKE BELL,MIKE BELL,MIKE BELL,,,0.7619,0.7619,0.7619,0.0,fuzzy_identity_not_strict_enough
811779f24f4f8a8d573f03e1.jpg,fd07acac-7e1c-52c6-902b-94ba171be297,2020-12-19,2,ERIC COLON,ERIC COLON,ERIC COLON,Eric Colon,2593970,1.0,1.0,0.66667,0.33333,reconciled_unique_espn_judge
811779f24f4f8a8d573f03e1.jpg,fd07acac-7e1c-52c6-902b-94ba171be297,2020-12-19,3,CHRIS LEE,CHRIS LEE,CHRIS LEE,Chris Lee,2593955,1.0,1.0,0.9,0.1,reconciled_unique_espn_judge
9becba4ecd2e06da6445c0b6.jpeg,848d77c2-5260-5ca7-90ca-fe77b78b7340,2024-11-02,1,DEREK CLEARY,DEREK CLEARY,DEREK CLEARY,Derek Cleary,2956768,1.0,1.0,0.64,0.36,reconciled_unique_espn_judge
9becba4ecd2e06da6445c0b6.jpeg,848d77c2-5260-5ca7-90ca-fe77b78b7340,2024-11-02,2,JUNICHIRO KAMIJO,JUNICHIRO KAMIJO,JUNICHIRO KAMIJO,Junichiro Kamijo,2594008,1.0,1.0,0.51613,0.48387,reconciled_unique_espn_judge
9becba4ecd2e06da6445c0b6.jpeg,848d77c2-5260-5ca7-90ca-fe77b78b7340,2024-11-02,3,ZIAD HARB,ZIAD HARB,ZIAD HARB,Ziad Harb,5245763,1.0,1.0,0.54545,0.45455,reconciled_unique_espn_judge
9daaa8708ca5c13fd79acf83.jpg,06af82bb-e57d-5022-b418-e45828e745df,2020-08-22,1,MICHAEL BELL,MICHAEL BELL,MICHAEL BELL,Michael Bell,3023574,1.0,1.0,0.8,0.2,reconciled_unique_espn_judge
9daaa8708ca5c13fd79acf83.jpg,06af82bb-e57d-5022-b418-e45828e745df,2020-08-22,2,RON MCCARTHY,RON MCCARTHY,RON MCCARTHY,Ron McCarthy,4021253,1.0,1.0,0.6087,0.3913,reconciled_unique_espn_judge
9daaa8708ca5c13fd79acf83.jpg,06af82bb-e57d-5022-b418-e45828e745df,2020-08-22,3,ANTHONY MANESS,ANTHONY MANESS,ANTHONY MANESS,Anthony Manes,2594028,0.96296,0.96296,0.78571,0.17725,reconciled_unique_espn_judge
9e786a668e752cb2c55bb9ce.jpg,6fed5e94-8e25-56b2-a69f-1c3f50420ce6,2021-03-13,1,DAVE HAGEN,DAVE HAGEN,DAVE HAGEN,Dave Hagen,2593954,1.0,1.0,0.66667,0.33333,reconciled_unique_espn_judge
9e786a668e752cb2c55bb9ce.jpg,6fed5e94-8e25-56b2-a69f-1c3f50420ce6,2021-03-13,2,CHRIS LEE,CHRIS LEE,CHRIS LEE,Chris Lee,2593955,1.0,1.0,0.9,0.1,reconciled_unique_espn_judge
9e786a668e752cb2c55bb9ce.jpg,6fed5e94-8e25-56b2-a69f-1c3f50420ce6,2021-03-13,3,BRYAN MINER,BRYAN MINER,BRYAN MINER,Bryan Miner,3960792,1.0,1.0,0.63636,0.36364,reconciled_unique_espn_judge
a25470e42117c314824f288e.png,529cbbf2-1d9f-5392-85d0-8759b4083e25,2026-05-30,1,EVAN FIELD,EVAN FIELD,EVAN FIELD,Evan Field,3952892,1.0,1.0,0.64,0.36,reconciled_unique_espn_judge
a25470e42117c314824f288e.png,529cbbf2-1d9f-5392-85d0-8759b4083e25,2026-05-30,2,DAVID LETHABY,DAVID LETHABY,DAVID LETHABY,David Lethaby,4319691,1.0,1.0,0.66667,0.33333,reconciled_unique_espn_judge
a25470e42117c314824f288e.png,529cbbf2-1d9f-5392-85d0-8759b4083e25,2026-05-30,3,CEZAR WOJCIECHOWSKI,CEZAR WO CIECHOWSKI,CEZAR WOJCIECHOWSKI,Cezary Wojciechowski,4280533,0.97436,0.92308,0.5,0.42308,reconciled_unique_espn_judge
a816b0420d7f3aba8350be89.jpg,7d5bd54a-2e8f-5e8c-96c2-b245dd10f8d6,2025-12-13,1,JUNICHIROKAMIO,JUNICHIRO KAMIJO,,,,0.0,0.0,0.0,0.0,upstream_not_dual_consensus
a816b0420d7f3aba8350be89.jpg,7d5bd54a-2e8f-5e8c-96c2-b245dd10f8d6,2025-12-13,2,- DAVIDSUTHERLAND,DAVID SUTHERLAND,,,,0.0,0.0,0.0,0.0,upstream_not_dual_consensus
a816b0420d7f3aba8350be89.jpg,7d5bd54a-2e8f-5e8c-96c2-b245dd10f8d6,2025-12-13,3,TONY WEEKS,TONY WEEKS,TONY WEEKS,Tony Weeks,2593944,1.0,1.0,0.6087,0.3913,reconciled_unique_espn_judge
b3a95d04d912600278cc4860.jpg,72677782-6338-51f2-bc73-0bea8595b6b6,2026-01-24,1,BEN CARTLIDGE,BEN CARTLIDGE,BEN CARTLIDGE,Ben Cartlidge,3023938,1.0,1.0,0.61538,0.38462,reconciled_unique_espn_judge
b3a95d04d912600278cc4860.jpg,72677782-6338-51f2-bc73-0bea8595b6b6,2026-01-24,2,RON MCCARTHY,RON MCCARTHY,RON MCCARTHY,Ron McCarthy,4021253,1.0,1.0,0.6087,0.3913,reconciled_unique_espn_judge
b3a95d04d912600278cc4860.jpg,72677782-6338-51f2-bc73-0bea8595b6b6,2026-01-24,3,TONY WEEKS,TONY WEEKS,TONY WEEKS,Tony Weeks,2593944,1.0,1.0,0.6087,0.3913,reconciled_unique_espn_judge
b95eaa924e0ee38e97438a0a.jpg,ddc84dec-2fc9-5606-9994-c39abc600b53,2022-03-19,1,BEN CARTLIDGE,BEN CARTLIDGE,BEN CARTLIDGE,Ben Cartlidge,3023938,1.0,1.0,0.61538,0.38462,reconciled_unique_espn_judge
b95eaa924e0ee38e97438a0a.jpg,ddc84dec-2fc9-5606-9994-c39abc600b53,2022-03-19,2,ARMEDKORCHH,ARMEDKORCHH,,,,0.0,0.0,0.0,0.0,upstream_not_dual_consensus
b95eaa924e0ee38e97438a0a.jpg,ddc84dec-2fc9-5606-9994-c39abc600b53,2022-03-19,3,CLEMENS WERNER,CLEMENSWERNER,,,,0.0,0.0,0.0,0.0,upstream_not_dual_consensus
bc3e0ad69dbaf423e4064f68.jpeg,3e50330b-30ed-50b1-98bd-69f854bf6bb8,2024-08-03,1,BEN CARTLIDGE,BEN CARTLIDGE,BEN CARTLIDGE,Ben Cartlidge,3023938,1.0,1.0,0.61538,0.38462,reconciled_unique_espn_judge
bc3e0ad69dbaf423e4064f68.jpeg,3e50330b-30ed-50b1-98bd-69f854bf6bb8,2024-08-03,2,VITO PAOLILLO,VITO PAOLILLO,VITO PAOLILLO,Vito Paolili,4684892,0.88,0.88,0.58333,0.29667,reconciled_unique_espn_judge
bc3e0ad69dbaf423e4064f68.jpeg,3e50330b-30ed-50b1-98bd-69f854bf6bb8,2024-08-03,3,CLEMENS WERNER,CLEMENS WERNER,CLEMENS WERNER,Clemens Werner,4053724,1.0,1.0,0.52174,0.47826,reconciled_unique_espn_judge
ce532851e6fc5ae2a1f49c43.jpg,083fc692-d48b-58e7-bebe-3e6f9a5f1673,2020-10-17,1,DAVID LETHABY,DAVID LETHABY,DAVID LETHABY,David Lethaby,4319691,1.0,1.0,0.66667,0.33333,reconciled_unique_espn_judge
ce532851e6fc5ae2a1f49c43.jpg,083fc692-d48b-58e7-bebe-3e6f9a5f1673,2020-10-17,2,DARRYLRANSOM,DARRYLRANSOM,,,,0.0,0.0,0.0,0.0,upstream_not_dual_consensus
ce532851e6fc5ae2a1f49c43.jpg,083fc692-d48b-58e7-bebe-3e6f9a5f1673,2020-10-17,3,VICTOR WOLF,VICTOR WOLF,VICTOR WOLF,Victor Wolf,4698023,1.0,1.0,0.6087,0.3913,reconciled_unique_espn_judge
cf96c44df235977fd68039ed.jpeg,4f246a07-3213-5dca-bc92-2fdf9f7c8de1,2023-07-29,1,STEVE FARAGHER,STEVE FARAGHER,STEVE FARAGHER,Steve Faragher,5092485,1.0,1.0,0.66667,0.33333,reconciled_unique_espn_judge
cf96c44df235977fd68039ed.jpeg,4f246a07-3213-5dca-bc92-2fdf9f7c8de1,2023-07-29,2,,,,,,0.0,0.0,0.0,0.0,upstream_not_dual_consensus
cf96c44df235977fd68039ed.jpeg,4f246a07-3213-5dca-bc92-2fdf9f7c8de1,2023-07-29,3,DEREK CLEARY,DEREK CLEARY,DEREK CLEARY,Derek Cleary,2956768,1.0,1.0,0.64,0.36,reconciled_unique_espn_judge
d80b35ed59b12d1fc51ae05b.jpg,90ea32aa-1709-5cd8-92a6-95da3d5a83fe,2025-03-01,1,MIKE BELL,MIKE BELL,MIKE BELL,,,0.7619,0.7619,0.7619,0.0,fuzzy_identity_not_strict_enough
d80b35ed59b12d1fc51ae05b.jpg,90ea32aa-1709-5cd8-92a6-95da3d5a83fe,2025-03-01,2,SAL D'AMATO,SAL D'AMATO,SAL D'AMATO,Sal D'amato,2593952,1.0,1.0,0.66667,0.33333,reconciled_unique_espn_judge
d80b35ed59b12d1fc51ae05b.jpg,90ea32aa-1709-5cd8-92a6-95da3d5a83fe,2025-03-01,3,CHRIS LEBEN,CHRIS LEBEN,CHRIS LEBEN,Chris Leben,2335513,1.0,1.0,0.9,0.1,reconciled_unique_espn_judge
dcdd208c1251a23895ce9fa4.jpeg,848d77c2-5260-5ca7-90ca-fe77b78b7340,2024-11-02,1,DEREK CLEARY,DEREK CLEARY,DEREK CLEARY,Derek Cleary,2956768,1.0,1.0,0.64,0.36,reconciled_unique_espn_judge
dcdd208c1251a23895ce9fa4.jpeg,848d77c2-5260-5ca7-90ca-fe77b78b7340,2024-11-02,2,JUNICHIRO KAMIJO,JUNICHIRO KAMIJO,JUNICHIRO KAMIJO,Junichiro Kamijo,2594008,1.0,1.0,0.51613,0.48387,reconciled_unique_espn_judge
dcdd208c1251a23895ce9fa4.jpeg,848d77c2-5260-5ca7-90ca-fe77b78b7340,2024-11-02,3,ZIAD HARB,ZIAD HARB,ZIAD HARB,Ziad Harb,5245763,1.0,1.0,0.54545,0.45455,reconciled_unique_espn_judge
e5acb26afb81d95e354cfe10.jpg,21d8a26c-89c9-5d94-830c-49c8b2547cc5,2026-04-11,1,DEREK CLEARY,DEREK CLEARY,DEREK CLEARY,Derek Cleary,2956768,1.0,1.0,0.64,0.36,reconciled_unique_espn_judge
e5acb26afb81d95e354cfe10.jpg,21d8a26c-89c9-5d94-830c-49c8b2547cc5,2026-04-11,2,CHRIS LEE,CHRIS LEE,CHRIS LEE,Chris Lee,2593955,1.0,1.0,0.9,0.1,reconciled_unique_espn_judge
e5acb26afb81d95e354cfe10.jpg,21d8a26c-89c9-5d94-830c-49c8b2547cc5,2026-04-11,3,SAL D'AMATO,SAL D'AMATO,SAL D'AMATO,Sal D'amato,2593952,1.0,1.0,0.66667,0.33333,reconciled_unique_espn_judge
e7a9da8af62966073df3f1c7.jpeg,f3cda013-77af-5d45-8cf7-a1f2bdf1b78c,2022-04-16,1,SDEREK CLEARY,SDEREK CLEARY,SDEREK CLEARY,Derek Cleary,2956768,0.96,0.96,0.61538,0.34462,reconciled_unique_espn_judge
e7a9da8af62966073df3f1c7.jpeg,f3cda013-77af-5d45-8cf7-a1f2bdf1b78c,2022-04-16,2,,,,,,0.0,0.0,0.0,0.0,upstream_not_dual_consensus
e7a9da8af62966073df3f1c7.jpeg,f3cda013-77af-5d45-8cf7-a1f2bdf1b78c,2022-04-16,3,TONY WEEKS,TONY WEEKS,TONY WEEKS,Tony Weeks,2593944,1.0,1.0,0.6087,0.3913,reconciled_unique_espn_judge
fb5e4df1fc4b6645824f1776.jpg,9e4f6c71-fc06-5b50-9387-b6eda389f2b6,2024-01-13,1,DEREK CLEARY,DEREK CLEARY,DEREK CLEARY,Derek Cleary,2956768,1.0,1.0,0.64,0.36,reconciled_unique_espn_judge
fb5e4df1fc4b6645824f1776.jpg,9e4f6c71-fc06-5b50-9387-b6eda389f2b6,2024-01-13,2,SAL D'AMATO,SAL D'AMATO,SAL D'AMATO,Sal D'amato,2593952,1.0,1.0,0.66667,0.33333,reconciled_unique_espn_judge
fb5e4df1fc4b6645824f1776.jpg,9e4f6c71-fc06-5b50-9387-b6eda389f2b6,2024-01-13,3,CHRIS LEE,CHRIS LEE,CHRIS LEE,Chris Lee,2593955,1.0,1.0,0.9,0.1,reconciled_unique_espn_judge
