archive_key,fight_id,event_date,text,value,x,y,confidence,cluster_index,cluster_center_x,cluster_role
1026775bbe489e7050fa4312.jpg,3e507082-4f24-54a2-b000-64cbc6cf7f14,2020-09-19,3,3,0.76306,0.3794,0.0,15,0.76511,round_label_candidate
1026775bbe489e7050fa4312.jpg,3e507082-4f24-54a2-b000-64cbc6cf7f14,2020-09-19,1,1,0.49876,0.41725,95.7,9,0.4989,round_label_candidate
1026775bbe489e7050fa4312.jpg,3e507082-4f24-54a2-b000-64cbc6cf7f14,2020-09-19,1,1,0.81468,0.41725,96.3,16,0.81757,round_label_candidate
1026775bbe489e7050fa4312.jpg,3e507082-4f24-54a2-b000-64cbc6cf7f14,2020-09-19,2,2,0.49876,0.45951,94.8,9,0.4989,round_label_candidate
1026775bbe489e7050fa4312.jpg,3e507082-4f24-54a2-b000-64cbc6cf7f14,2020-09-19,2,2,0.81468,0.45951,93.9,16,0.81757,round_label_candidate
1026775bbe489e7050fa4312.jpg,3e507082-4f24-54a2-b000-64cbc6cf7f14,2020-09-19,3,3,0.49813,0.50264,96.2,9,0.4989,round_label_candidate
1026775bbe489e7050fa4312.jpg,3e507082-4f24-54a2-b000-64cbc6cf7f14,2020-09-19,3,3,0.81468,0.50264,88.6,16,0.81757,round_label_candidate
13e2e75c0bf52ea10abedd20.jpg,27d9ad46-0045-501c-92cb-decdceac2328,2020-12-05,0,0,0.29353,0.41725,77.8,5,0.29371,score_candidate
13e2e75c0bf52ea10abedd20.jpg,27d9ad46-0045-501c-92cb-decdceac2328,2020-12-05,3,3,0.38868,0.41725,73.3,6,0.38804,mixed_numeric
13e2e75c0bf52ea10abedd20.jpg,27d9ad46-0045-501c-92cb-decdceac2328,2020-12-05,10,10,0.60945,0.41725,91.5,12,0.6106,score_candidate
13e2e75c0bf52ea10abedd20.jpg,27d9ad46-0045-501c-92cb-decdceac2328,2020-12-05,10,10,0.926,0.41725,94.4,17,0.92263,score_candidate
13e2e75c0bf52ea10abedd20.jpg,27d9ad46-0045-501c-92cb-decdceac2328,2020-12-05,10,10,0.29353,0.45951,80.3,5,0.29371,score_candidate
13e2e75c0bf52ea10abedd20.jpg,27d9ad46-0045-501c-92cb-decdceac2328,2020-12-05,8,8,0.38868,0.45951,61.3,6,0.38804,mixed_numeric
13e2e75c0bf52ea10abedd20.jpg,27d9ad46-0045-501c-92cb-decdceac2328,2020-12-05,10,10,0.60945,0.45951,86.3,12,0.6106,score_candidate
13e2e75c0bf52ea10abedd20.jpg,27d9ad46-0045-501c-92cb-decdceac2328,2020-12-05,10,10,0.926,0.45951,94.3,17,0.92263,score_candidate
13e2e75c0bf52ea10abedd20.jpg,27d9ad46-0045-501c-92cb-decdceac2328,2020-12-05,10,10,0.07338,0.50264,95.6,1,0.07293,mixed_numeric
13e2e75c0bf52ea10abedd20.jpg,27d9ad46-0045-501c-92cb-decdceac2328,2020-12-05,10,10,0.3893,0.50264,92.4,6,0.38804,mixed_numeric
13e2e75c0bf52ea10abedd20.jpg,27d9ad46-0045-501c-92cb-decdceac2328,2020-12-05,9,9,0.60945,0.50264,70.0,12,0.6106,score_candidate
13e2e75c0bf52ea10abedd20.jpg,27d9ad46-0045-501c-92cb-decdceac2328,2020-12-05,9,9,0.92537,0.50264,72.5,17,0.92263,score_candidate
13e2e75c0bf52ea10abedd20.jpg,27d9ad46-0045-501c-92cb-decdceac2328,2020-12-05,0,0,0.29353,0.54577,83.8,5,0.29371,score_candidate
13e2e75c0bf52ea10abedd20.jpg,27d9ad46-0045-501c-92cb-decdceac2328,2020-12-05,3,3,0.38868,0.54577,70.5,6,0.38804,mixed_numeric
13e2e75c0bf52ea10abedd20.jpg,27d9ad46-0045-501c-92cb-decdceac2328,2020-12-05,10,10,0.60945,0.54577,93.0,12,0.6106,score_candidate
13e2e75c0bf52ea10abedd20.jpg,27d9ad46-0045-501c-92cb-decdceac2328,2020-12-05,10,10,0.926,0.54577,93.5,17,0.92263,score_candidate
13e2e75c0bf52ea10abedd20.jpg,27d9ad46-0045-501c-92cb-decdceac2328,2020-12-05,10,10,0.29353,0.58979,88.1,5,0.29371,score_candidate
13e2e75c0bf52ea10abedd20.jpg,27d9ad46-0045-501c-92cb-decdceac2328,2020-12-05,3,3,0.38868,0.58979,58.5,6,0.38804,mixed_numeric
13e2e75c0bf52ea10abedd20.jpg,27d9ad46-0045-501c-92cb-decdceac2328,2020-12-05,10,10,0.60945,0.58979,95.9,12,0.6106,score_candidate
13e2e75c0bf52ea10abedd20.jpg,27d9ad46-0045-501c-92cb-decdceac2328,2020-12-05,10,10,0.92537,0.58979,94.3,17,0.92263,score_candidate
18838c0941537e45b0418131.jpeg,0c0e9975-532f-5b6c-8c9f-0020149a98c3,2023-11-04,7,7,0.54913,0.36444,14.9,10,0.54882,mixed_numeric
18838c0941537e45b0418131.jpeg,0c0e9975-532f-5b6c-8c9f-0020149a98c3,2023-11-04,2,2,0.18284,0.45951,93.1,3,0.18013,round_label_candidate
18838c0941537e45b0418131.jpeg,0c0e9975-532f-5b6c-8c9f-0020149a98c3,2023-11-04,2,2,0.49876,0.45951,91.4,9,0.4989,round_label_candidate
18838c0941537e45b0418131.jpeg,0c0e9975-532f-5b6c-8c9f-0020149a98c3,2023-11-04,3,3,0.18284,0.50176,91.6,3,0.18013,round_label_candidate
18838c0941537e45b0418131.jpeg,0c0e9975-532f-5b6c-8c9f-0020149a98c3,2023-11-04,3,3,0.49876,0.50176,86.8,9,0.4989,round_label_candidate
1e3811380574d61624efbf81.jpg,dedf4087-58a0-50e5-8665-9f53814e4408,2022-11-19,10,10,0.07338,0.41637,95.7,1,0.07293,mixed_numeric
1e3811380574d61624efbf81.jpg,dedf4087-58a0-50e5-8665-9f53814e4408,2022-11-19,9,9,0.29353,0.41637,63.9,5,0.29371,score_candidate
1e3811380574d61624efbf81.jpg,dedf4087-58a0-50e5-8665-9f53814e4408,2022-11-19,10,10,0.3893,0.41637,95.2,6,0.38804,mixed_numeric
1e3811380574d61624efbf81.jpg,dedf4087-58a0-50e5-8665-9f53814e4408,2022-11-19,1,1,0.49876,0.41637,96.1,9,0.4989,round_label_candidate
1e3811380574d61624efbf81.jpg,dedf4087-58a0-50e5-8665-9f53814e4408,2022-11-19,8,8,0.60883,0.41637,48.4,12,0.6106,score_candidate
1e3811380574d61624efbf81.jpg,dedf4087-58a0-50e5-8665-9f53814e4408,2022-11-19,10,10,0.92537,0.41637,94.8,17,0.92263,score_candidate
1e3811380574d61624efbf81.jpg,dedf4087-58a0-50e5-8665-9f53814e4408,2022-11-19,0,0,0.29415,0.45951,79.7,5,0.29371,score_candidate
1e3811380574d61624efbf81.jpg,dedf4087-58a0-50e5-8665-9f53814e4408,2022-11-19,3,3,0.38868,0.45951,46.5,6,0.38804,mixed_numeric
1e3811380574d61624efbf81.jpg,dedf4087-58a0-50e5-8665-9f53814e4408,2022-11-19,2,2,0.49938,0.45951,97.0,9,0.4989,round_label_candidate
1e3811380574d61624efbf81.jpg,dedf4087-58a0-50e5-8665-9f53814e4408,2022-11-19,10,10,0.61007,0.45951,94.0,12,0.6106,score_candidate
1e3811380574d61624efbf81.jpg,dedf4087-58a0-50e5-8665-9f53814e4408,2022-11-19,10,10,0.92537,0.45951,88.6,17,0.92263,score_candidate
1e3811380574d61624efbf81.jpg,dedf4087-58a0-50e5-8665-9f53814e4408,2022-11-19,10,10,0.29415,0.50264,92.3,5,0.29371,score_candidate
1e3811380574d61624efbf81.jpg,dedf4087-58a0-50e5-8665-9f53814e4408,2022-11-19,3,3,0.38868,0.50264,51.7,6,0.38804,mixed_numeric
1e3811380574d61624efbf81.jpg,dedf4087-58a0-50e5-8665-9f53814e4408,2022-11-19,3,3,0.49938,0.50264,96.0,9,0.4989,round_label_candidate
1e3811380574d61624efbf81.jpg,dedf4087-58a0-50e5-8665-9f53814e4408,2022-11-19,10,10,0.61007,0.50264,94.0,12,0.6106,score_candidate
1e3811380574d61624efbf81.jpg,dedf4087-58a0-50e5-8665-9f53814e4408,2022-11-19,10,10,0.92537,0.50264,95.4,17,0.92263,score_candidate
25a5ba9622b44c65201eddd3.jpg,fc78fad0-38f4-550b-81db-3317be63de63,2021-05-01,0,0,0.50746,0.43685,35.5,9,0.4989,round_label_candidate
25a5ba9622b44c65201eddd3.jpg,fc78fad0-38f4-550b-81db-3317be63de63,2021-05-01,1,1,0.18035,0.48447,96.2,3,0.18013,round_label_candidate
25a5ba9622b44c65201eddd3.jpg,fc78fad0-38f4-550b-81db-3317be63de63,2021-05-01,1,1,0.81965,0.48447,96.4,16,0.81757,round_label_candidate
25a5ba9622b44c65201eddd3.jpg,fc78fad0-38f4-550b-81db-3317be63de63,2021-05-01,2,2,0.18035,0.53623,91.0,3,0.18013,round_label_candidate
25a5ba9622b44c65201eddd3.jpg,fc78fad0-38f4-550b-81db-3317be63de63,2021-05-01,2,2,0.82027,0.53623,97.0,16,0.81757,round_label_candidate
25a5ba9622b44c65201eddd3.jpg,fc78fad0-38f4-550b-81db-3317be63de63,2021-05-01,3,3,0.18097,0.58592,96.2,3,0.18013,round_label_candidate
25a5ba9622b44c65201eddd3.jpg,fc78fad0-38f4-550b-81db-3317be63de63,2021-05-01,3,3,0.82027,0.58592,95.6,16,0.81757,round_label_candidate
29068699e683cf1f5aea0f00.jpg,60933b47-b68c-55f3-9573-73db7f9a146a,2021-06-26,3,3,0.76306,0.3794,0.0,15,0.76511,round_label_candidate
29068699e683cf1f5aea0f00.jpg,60933b47-b68c-55f3-9573-73db7f9a146a,2021-06-26,3,3,0.07276,0.41725,78.0,1,0.07293,mixed_numeric
29068699e683cf1f5aea0f00.jpg,60933b47-b68c-55f3-9573-73db7f9a146a,2021-06-26,1,1,0.18284,0.41725,95.7,3,0.18013,round_label_candidate
29068699e683cf1f5aea0f00.jpg,60933b47-b68c-55f3-9573-73db7f9a146a,2021-06-26,0,0,0.29353,0.41725,77.8,5,0.29371,score_candidate
29068699e683cf1f5aea0f00.jpg,60933b47-b68c-55f3-9573-73db7f9a146a,2021-06-26,3,3,0.38868,0.41725,66.9,6,0.38804,mixed_numeric
29068699e683cf1f5aea0f00.jpg,60933b47-b68c-55f3-9573-73db7f9a146a,2021-06-26,1,1,0.49876,0.41725,95.7,9,0.4989,round_label_candidate
29068699e683cf1f5aea0f00.jpg,60933b47-b68c-55f3-9573-73db7f9a146a,2021-06-26,10,10,0.61007,0.41725,89.9,12,0.6106,score_candidate
29068699e683cf1f5aea0f00.jpg,60933b47-b68c-55f3-9573-73db7f9a146a,2021-06-26,10,10,0.926,0.41725,94.4,17,0.92263,score_candidate
29068699e683cf1f5aea0f00.jpg,60933b47-b68c-55f3-9573-73db7f9a146a,2021-06-26,0,0,0.07276,0.45951,81.3,1,0.07293,mixed_numeric
29068699e683cf1f5aea0f00.jpg,60933b47-b68c-55f3-9573-73db7f9a146a,2021-06-26,2,2,0.18221,0.45951,97.0,3,0.18013,round_label_candidate
29068699e683cf1f5aea0f00.jpg,60933b47-b68c-55f3-9573-73db7f9a146a,2021-06-26,10,10,0.3893,0.45951,92.7,6,0.38804,mixed_numeric
29068699e683cf1f5aea0f00.jpg,60933b47-b68c-55f3-9573-73db7f9a146a,2021-06-26,2,2,0.49876,0.45951,94.8,9,0.4989,round_label_candidate
29068699e683cf1f5aea0f00.jpg,60933b47-b68c-55f3-9573-73db7f9a146a,2021-06-26,7,7,0.57898,0.48856,73.3,11,0.58034,score_candidate
29068699e683cf1f5aea0f00.jpg,60933b47-b68c-55f3-9573-73db7f9a146a,2021-06-26,9,9,0.60945,0.45951,70.1,12,0.6106,score_candidate
29068699e683cf1f5aea0f00.jpg,60933b47-b68c-55f3-9573-73db7f9a146a,2021-06-26,3,3,0.07276,0.50264,67.1,1,0.07293,mixed_numeric
29068699e683cf1f5aea0f00.jpg,60933b47-b68c-55f3-9573-73db7f9a146a,2021-06-26,3,3,0.18221,0.50264,92.2,3,0.18013,round_label_candidate
29068699e683cf1f5aea0f00.jpg,60933b47-b68c-55f3-9573-73db7f9a146a,2021-06-26,0,0,0.29353,0.50264,83.2,5,0.29371,score_candidate
29068699e683cf1f5aea0f00.jpg,60933b47-b68c-55f3-9573-73db7f9a146a,2021-06-26,3,3,0.49813,0.50264,96.2,9,0.4989,round_label_candidate
29068699e683cf1f5aea0f00.jpg,60933b47-b68c-55f3-9573-73db7f9a146a,2021-06-26,10,10,0.60945,0.50264,94.9,12,0.6106,score_candidate
29068699e683cf1f5aea0f00.jpg,60933b47-b68c-55f3-9573-73db7f9a146a,2021-06-26,10,10,0.926,0.50264,94.5,17,0.92263,score_candidate
2c01cf1021e3b14e7e8f996f.jpg,466b5bcb-36aa-591e-8c5f-cd2f09662bba,2022-01-22,8,8,0.07276,0.41637,59.0,1,0.07293,mixed_numeric
2c01cf1021e3b14e7e8f996f.jpg,466b5bcb-36aa-591e-8c5f-cd2f09662bba,2022-01-22,0,0,0.29415,0.41637,86.9,5,0.29371,score_candidate
2c01cf1021e3b14e7e8f996f.jpg,466b5bcb-36aa-591e-8c5f-cd2f09662bba,2022-01-22,10,10,0.3893,0.41637,95.2,6,0.38804,mixed_numeric
2c01cf1021e3b14e7e8f996f.jpg,466b5bcb-36aa-591e-8c5f-cd2f09662bba,2022-01-22,7,7,0.41853,0.40493,77.4,7,0.41822,mixed_numeric
2c01cf1021e3b14e7e8f996f.jpg,466b5bcb-36aa-591e-8c5f-cd2f09662bba,2022-01-22,8,8,0.60883,0.41637,48.4,12,0.6106,score_candidate
2c01cf1021e3b14e7e8f996f.jpg,466b5bcb-36aa-591e-8c5f-cd2f09662bba,2022-01-22,8,8,0.7046,0.41637,62.7,13,0.70659,score_candidate
2c01cf1021e3b14e7e8f996f.jpg,466b5bcb-36aa-591e-8c5f-cd2f09662bba,2022-01-22,10,10,0.926,0.41637,92.3,17,0.92263,score_candidate
2c01cf1021e3b14e7e8f996f.jpg,466b5bcb-36aa-591e-8c5f-cd2f09662bba,2022-01-22,3,3,0.07276,0.45951,86.5,1,0.07293,mixed_numeric
2c01cf1021e3b14e7e8f996f.jpg,466b5bcb-36aa-591e-8c5f-cd2f09662bba,2022-01-22,10,10,0.29415,0.45951,72.7,5,0.29371,score_candidate
2c01cf1021e3b14e7e8f996f.jpg,466b5bcb-36aa-591e-8c5f-cd2f09662bba,2022-01-22,3,3,0.38868,0.45951,46.5,6,0.38804,mixed_numeric
2c01cf1021e3b14e7e8f996f.jpg,466b5bcb-36aa-591e-8c5f-cd2f09662bba,2022-01-22,10,10,0.61007,0.45951,94.0,12,0.6106,score_candidate
2c01cf1021e3b14e7e8f996f.jpg,466b5bcb-36aa-591e-8c5f-cd2f09662bba,2022-01-22,0,0,0.926,0.45951,82.6,17,0.92263,score_candidate
2c01cf1021e3b14e7e8f996f.jpg,466b5bcb-36aa-591e-8c5f-cd2f09662bba,2022-01-22,10,10,0.07338,0.50264,88.5,1,0.07293,mixed_numeric
2c01cf1021e3b14e7e8f996f.jpg,466b5bcb-36aa-591e-8c5f-cd2f09662bba,2022-01-22,9,9,0.29353,0.50264,67.8,5,0.29371,score_candidate
2c01cf1021e3b14e7e8f996f.jpg,466b5bcb-36aa-591e-8c5f-cd2f09662bba,2022-01-22,10,10,0.3893,0.50264,92.0,6,0.38804,mixed_numeric
2c01cf1021e3b14e7e8f996f.jpg,466b5bcb-36aa-591e-8c5f-cd2f09662bba,2022-01-22,3,3,0.60883,0.50264,61.8,12,0.6106,score_candidate
2c01cf1021e3b14e7e8f996f.jpg,466b5bcb-36aa-591e-8c5f-cd2f09662bba,2022-01-22,10,10,0.7046,0.50264,62.1,13,0.70659,score_candidate
2c01cf1021e3b14e7e8f996f.jpg,466b5bcb-36aa-591e-8c5f-cd2f09662bba,2022-01-22,10,10,0.07338,0.54489,94.7,1,0.07293,mixed_numeric
2c01cf1021e3b14e7e8f996f.jpg,466b5bcb-36aa-591e-8c5f-cd2f09662bba,2022-01-22,9,9,0.29353,0.54489,53.1,5,0.29371,score_candidate
2c01cf1021e3b14e7e8f996f.jpg,466b5bcb-36aa-591e-8c5f-cd2f09662bba,2022-01-22,10,10,0.3893,0.54577,87.3,6,0.38804,mixed_numeric
2c01cf1021e3b14e7e8f996f.jpg,466b5bcb-36aa-591e-8c5f-cd2f09662bba,2022-01-22,3,3,0.60883,0.54577,69.8,12,0.6106,score_candidate
2c01cf1021e3b14e7e8f996f.jpg,466b5bcb-36aa-591e-8c5f-cd2f09662bba,2022-01-22,0,0,0.7046,0.54577,78.7,13,0.70659,score_candidate
2c01cf1021e3b14e7e8f996f.jpg,466b5bcb-36aa-591e-8c5f-cd2f09662bba,2022-01-22,4,4,0.81468,0.54577,96.4,16,0.81757,round_label_candidate
2c01cf1021e3b14e7e8f996f.jpg,466b5bcb-36aa-591e-8c5f-cd2f09662bba,2022-01-22,10,10,0.07276,0.58979,77.1,1,0.07293,mixed_numeric
2c01cf1021e3b14e7e8f996f.jpg,466b5bcb-36aa-591e-8c5f-cd2f09662bba,2022-01-22,9,9,0.29353,0.58979,47.6,5,0.29371,score_candidate
2c01cf1021e3b14e7e8f996f.jpg,466b5bcb-36aa-591e-8c5f-cd2f09662bba,2022-01-22,10,10,0.38868,0.58979,74.8,6,0.38804,mixed_numeric
2c01cf1021e3b14e7e8f996f.jpg,466b5bcb-36aa-591e-8c5f-cd2f09662bba,2022-01-22,5,5,0.49938,0.58979,96.1,9,0.4989,round_label_candidate
2c01cf1021e3b14e7e8f996f.jpg,466b5bcb-36aa-591e-8c5f-cd2f09662bba,2022-01-22,3,3,0.60883,0.58979,77.3,12,0.6106,score_candidate
2c01cf1021e3b14e7e8f996f.jpg,466b5bcb-36aa-591e-8c5f-cd2f09662bba,2022-01-22,0,0,0.7046,0.58979,81.0,13,0.70659,score_candidate
2c01cf1021e3b14e7e8f996f.jpg,466b5bcb-36aa-591e-8c5f-cd2f09662bba,2022-01-22,5,5,0.81468,0.58979,87.9,16,0.81757,round_label_candidate
2cfa5ce47177b9e8f94b12f9.png,aee57144-60b9-5882-92cc-c03e446eaf92,2024-12-14,10,10,0.04789,0.48847,91.5,0,0.0454,mixed_numeric
2cfa5ce47177b9e8f94b12f9.png,aee57144-60b9-5882-92cc-c03e446eaf92,2024-12-14,10,10,0.38184,0.48847,71.3,6,0.38804,mixed_numeric
2cfa5ce47177b9e8f94b12f9.png,aee57144-60b9-5882-92cc-c03e446eaf92,2024-12-14,1,1,0.49751,0.48847,96.6,9,0.4989,round_label_candidate
2cfa5ce47177b9e8f94b12f9.png,aee57144-60b9-5882-92cc-c03e446eaf92,2024-12-14,9,9,0.61443,0.48847,62.4,12,0.6106,score_candidate
2cfa5ce47177b9e8f94b12f9.png,aee57144-60b9-5882-92cc-c03e446eaf92,2024-12-14,10,10,0.7158,0.48847,91.8,13,0.70659,score_candidate
2cfa5ce47177b9e8f94b12f9.png,aee57144-60b9-5882-92cc-c03e446eaf92,2024-12-14,1,1,0.83147,0.48847,96.6,16,0.81757,round_label_candidate
2cfa5ce47177b9e8f94b12f9.png,aee57144-60b9-5882-92cc-c03e446eaf92,2024-12-14,3,3,0.94838,0.48847,61.3,18,0.94963,score_candidate
2cfa5ce47177b9e8f94b12f9.png,aee57144-60b9-5882-92cc-c03e446eaf92,2024-12-14,10,10,0.28047,0.54193,65.0,4,0.26962,score_candidate
2cfa5ce47177b9e8f94b12f9.png,aee57144-60b9-5882-92cc-c03e446eaf92,2024-12-14,10,10,0.38184,0.54193,72.9,6,0.38804,mixed_numeric
2cfa5ce47177b9e8f94b12f9.png,aee57144-60b9-5882-92cc-c03e446eaf92,2024-12-14,2,2,0.49751,0.54193,95.5,9,0.4989,round_label_candidate
2cfa5ce47177b9e8f94b12f9.png,aee57144-60b9-5882-92cc-c03e446eaf92,2024-12-14,9,9,0.61443,0.54193,72.4,12,0.6106,score_candidate
2cfa5ce47177b9e8f94b12f9.png,aee57144-60b9-5882-92cc-c03e446eaf92,2024-12-14,9,9,0.71517,0.54193,74.2,13,0.70659,score_candidate
2cfa5ce47177b9e8f94b12f9.png,aee57144-60b9-5882-92cc-c03e446eaf92,2024-12-14,2,2,0.83147,0.54193,97.0,16,0.81757,round_label_candidate
2cfa5ce47177b9e8f94b12f9.png,aee57144-60b9-5882-92cc-c03e446eaf92,2024-12-14,10,10,0.949,0.54193,75.1,18,0.94963,score_candidate
2cfa5ce47177b9e8f94b12f9.png,aee57144-60b9-5882-92cc-c03e446eaf92,2024-12-14,3,3,0.49751,0.59644,92.3,9,0.4989,round_label_candidate
2cfa5ce47177b9e8f94b12f9.png,aee57144-60b9-5882-92cc-c03e446eaf92,2024-12-14,3,3,0.83147,0.59644,96.0,16,0.81757,round_label_candidate
2cfa5ce47177b9e8f94b12f9.png,aee57144-60b9-5882-92cc-c03e446eaf92,2024-12-14,9,9,0.07898,0.6499,70.1,1,0.07293,mixed_numeric
2cfa5ce47177b9e8f94b12f9.png,aee57144-60b9-5882-92cc-c03e446eaf92,2024-12-14,9,9,0.24938,0.6499,74.4,4,0.26962,score_candidate
2cfa5ce47177b9e8f94b12f9.png,aee57144-60b9-5882-92cc-c03e446eaf92,2024-12-14,9,9,0.91729,0.6499,76.3,17,0.92263,score_candidate
2f8cb42409f980b4d8ff97ca.png,22807da9-ffc6-511c-bcbb-b21ed6b336f6,2025-02-01,9,9,0.07338,0.41549,56.5,1,0.07293,mixed_numeric
2f8cb42409f980b4d8ff97ca.png,22807da9-ffc6-511c-bcbb-b21ed6b336f6,2025-02-01,0,0,0.29415,0.41549,78.9,5,0.29371,score_candidate
2f8cb42409f980b4d8ff97ca.png,22807da9-ffc6-511c-bcbb-b21ed6b336f6,2025-02-01,10,10,0.3893,0.41549,92.1,6,0.38804,mixed_numeric
2f8cb42409f980b4d8ff97ca.png,22807da9-ffc6-511c-bcbb-b21ed6b336f6,2025-02-01,0,0,0.926,0.41549,80.3,17,0.92263,score_candidate
2f8cb42409f980b4d8ff97ca.png,22807da9-ffc6-511c-bcbb-b21ed6b336f6,2025-02-01,0,0,0.07276,0.45951,75.5,1,0.07293,mixed_numeric
2f8cb42409f980b4d8ff97ca.png,22807da9-ffc6-511c-bcbb-b21ed6b336f6,2025-02-01,10,10,0.3893,0.45951,85.0,6,0.38804,mixed_numeric
2f8cb42409f980b4d8ff97ca.png,22807da9-ffc6-511c-bcbb-b21ed6b336f6,2025-02-01,0,0,0.926,0.45951,81.1,17,0.92263,score_candidate
2f8cb42409f980b4d8ff97ca.png,22807da9-ffc6-511c-bcbb-b21ed6b336f6,2025-02-01,0,0,0.07276,0.50176,80.4,1,0.07293,mixed_numeric
2f8cb42409f980b4d8ff97ca.png,22807da9-ffc6-511c-bcbb-b21ed6b336f6,2025-02-01,10,10,0.61007,0.50176,90.7,12,0.6106,score_candidate
2f8cb42409f980b4d8ff97ca.png,22807da9-ffc6-511c-bcbb-b21ed6b336f6,2025-02-01,0,0,0.926,0.50176,82.6,17,0.92263,score_candidate
49f3dba129524e0a51115ad8.jpg,ad8e5ac3-49dc-5721-b391-769a531ec42f,2023-06-10,10,10,0.07338,0.41637,94.1,1,0.07293,mixed_numeric
49f3dba129524e0a51115ad8.jpg,ad8e5ac3-49dc-5721-b391-769a531ec42f,2023-06-10,1,1,0.18284,0.41637,96.1,3,0.18013,round_label_candidate
49f3dba129524e0a51115ad8.jpg,ad8e5ac3-49dc-5721-b391-769a531ec42f,2023-06-10,9,9,0.29353,0.41637,57.8,5,0.29371,score_candidate
49f3dba129524e0a51115ad8.jpg,ad8e5ac3-49dc-5721-b391-769a531ec42f,2023-06-10,10,10,0.61007,0.41637,93.3,12,0.6106,score_candidate
49f3dba129524e0a51115ad8.jpg,ad8e5ac3-49dc-5721-b391-769a531ec42f,2023-06-10,0,0,0.7046,0.41637,80.1,13,0.70659,score_candidate
49f3dba129524e0a51115ad8.jpg,ad8e5ac3-49dc-5721-b391-769a531ec42f,2023-06-10,3,3,0.07276,0.45951,80.2,1,0.07293,mixed_numeric
49f3dba129524e0a51115ad8.jpg,ad8e5ac3-49dc-5721-b391-769a531ec42f,2023-06-10,2,2,0.18346,0.45951,97.0,3,0.18013,round_label_candidate
49f3dba129524e0a51115ad8.jpg,ad8e5ac3-49dc-5721-b391-769a531ec42f,2023-06-10,10,10,0.29415,0.45951,89.4,5,0.29371,score_candidate
49f3dba129524e0a51115ad8.jpg,ad8e5ac3-49dc-5721-b391-769a531ec42f,2023-06-10,3,3,0.38868,0.45951,67.8,6,0.38804,mixed_numeric
49f3dba129524e0a51115ad8.jpg,ad8e5ac3-49dc-5721-b391-769a531ec42f,2023-06-10,10,10,0.61007,0.45951,94.4,12,0.6106,score_candidate
49f3dba129524e0a51115ad8.jpg,ad8e5ac3-49dc-5721-b391-769a531ec42f,2023-06-10,10,10,0.92537,0.45951,79.5,17,0.92263,score_candidate
49f3dba129524e0a51115ad8.jpg,ad8e5ac3-49dc-5721-b391-769a531ec42f,2023-06-10,7,7,0.26306,0.49032,71.9,4,0.26962,score_candidate
49f3dba129524e0a51115ad8.jpg,ad8e5ac3-49dc-5721-b391-769a531ec42f,2023-06-10,3,3,0.07276,0.50264,66.9,1,0.07293,mixed_numeric
49f3dba129524e0a51115ad8.jpg,ad8e5ac3-49dc-5721-b391-769a531ec42f,2023-06-10,3,3,0.18346,0.50264,96.5,3,0.18013,round_label_candidate
49f3dba129524e0a51115ad8.jpg,ad8e5ac3-49dc-5721-b391-769a531ec42f,2023-06-10,10,10,0.29415,0.50264,93.7,5,0.29371,score_candidate
49f3dba129524e0a51115ad8.jpg,ad8e5ac3-49dc-5721-b391-769a531ec42f,2023-06-10,10,10,0.61007,0.50264,90.4,12,0.6106,score_candidate
49f3dba129524e0a51115ad8.jpg,ad8e5ac3-49dc-5721-b391-769a531ec42f,2023-06-10,10,10,0.92537,0.50264,94.1,17,0.92263,score_candidate
4ba4818507d086def6232e91.jpeg,c0aeea6e-2948-5340-8f96-25fd24019f14,2022-06-18,10,10,0.29415,0.41549,65.4,5,0.29371,score_candidate
4ba4818507d086def6232e91.jpeg,c0aeea6e-2948-5340-8f96-25fd24019f14,2022-06-18,3,3,0.3893,0.41549,53.5,6,0.38804,mixed_numeric
4ba4818507d086def6232e91.jpeg,c0aeea6e-2948-5340-8f96-25fd24019f14,2022-06-18,10,10,0.61007,0.41549,83.5,12,0.6106,score_candidate
4ba4818507d086def6232e91.jpeg,c0aeea6e-2948-5340-8f96-25fd24019f14,2022-06-18,0,0,0.2643,0.54577,78.2,4,0.26962,score_candidate
51f0aa9b277c04ebd208fde6.jpeg,cb8b5682-f69b-53f1-8716-fb8e88eb0b7f,2021-12-18,9,9,0.29353,0.41549,60.2,5,0.29371,score_candidate
51f0aa9b277c04ebd208fde6.jpeg,cb8b5682-f69b-53f1-8716-fb8e88eb0b7f,2021-12-18,3,3,0.60945,0.41549,71.7,12,0.6106,score_candidate
51f0aa9b277c04ebd208fde6.jpeg,cb8b5682-f69b-53f1-8716-fb8e88eb0b7f,2021-12-18,0,0,0.70585,0.41549,79.8,13,0.70659,score_candidate
51f0aa9b277c04ebd208fde6.jpeg,cb8b5682-f69b-53f1-8716-fb8e88eb0b7f,2021-12-18,0,0,0.29415,0.45951,72.6,5,0.29371,score_candidate
51f0aa9b277c04ebd208fde6.jpeg,cb8b5682-f69b-53f1-8716-fb8e88eb0b7f,2021-12-18,10,10,0.61007,0.45951,82.2,12,0.6106,score_candidate
51f0aa9b277c04ebd208fde6.jpeg,cb8b5682-f69b-53f1-8716-fb8e88eb0b7f,2021-12-18,8,8,0.10261,0.54577,19.9,2,0.10453,mixed_numeric
5884ab5a5e8366c7a80093db.jpg,0a7b981a-a885-5166-9647-e1752da506ba,2023-03-04,8,8,0.07276,0.41637,57.5,1,0.07293,mixed_numeric
5884ab5a5e8366c7a80093db.jpg,0a7b981a-a885-5166-9647-e1752da506ba,2023-03-04,1,1,0.18284,0.41637,96.1,3,0.18013,round_label_candidate
5884ab5a5e8366c7a80093db.jpg,0a7b981a-a885-5166-9647-e1752da506ba,2023-03-04,0,0,0.29415,0.41637,86.9,5,0.29371,score_candidate
5884ab5a5e8366c7a80093db.jpg,0a7b981a-a885-5166-9647-e1752da506ba,2023-03-04,1,1,0.49876,0.41637,96.1,9,0.4989,round_label_candidate
5884ab5a5e8366c7a80093db.jpg,0a7b981a-a885-5166-9647-e1752da506ba,2023-03-04,10,10,0.61007,0.41637,93.6,12,0.6106,score_candidate
5884ab5a5e8366c7a80093db.jpg,0a7b981a-a885-5166-9647-e1752da506ba,2023-03-04,8,8,0.7046,0.41637,62.3,13,0.70659,score_candidate
5884ab5a5e8366c7a80093db.jpg,0a7b981a-a885-5166-9647-e1752da506ba,2023-03-04,10,10,0.92537,0.41637,92.9,17,0.92263,score_candidate
5884ab5a5e8366c7a80093db.jpg,0a7b981a-a885-5166-9647-e1752da506ba,2023-03-04,10,10,0.07338,0.45951,82.0,1,0.07293,mixed_numeric
5884ab5a5e8366c7a80093db.jpg,0a7b981a-a885-5166-9647-e1752da506ba,2023-03-04,2,2,0.18346,0.45951,97.0,3,0.18013,round_label_candidate
5884ab5a5e8366c7a80093db.jpg,0a7b981a-a885-5166-9647-e1752da506ba,2023-03-04,10,10,0.3893,0.45951,89.5,6,0.38804,mixed_numeric
5884ab5a5e8366c7a80093db.jpg,0a7b981a-a885-5166-9647-e1752da506ba,2023-03-04,2,2,0.49938,0.45951,97.0,9,0.4989,round_label_candidate
5884ab5a5e8366c7a80093db.jpg,0a7b981a-a885-5166-9647-e1752da506ba,2023-03-04,3,3,0.60883,0.45951,53.4,12,0.6106,score_candidate
5884ab5a5e8366c7a80093db.jpg,0a7b981a-a885-5166-9647-e1752da506ba,2023-03-04,0,0,0.7046,0.45951,78.6,13,0.70659,score_candidate
5884ab5a5e8366c7a80093db.jpg,0a7b981a-a885-5166-9647-e1752da506ba,2023-03-04,2,2,0.81468,0.45951,87.0,16,0.81757,round_label_candidate
5884ab5a5e8366c7a80093db.jpg,0a7b981a-a885-5166-9647-e1752da506ba,2023-03-04,3,3,0.92475,0.45951,74.8,17,0.92263,score_candidate
5884ab5a5e8366c7a80093db.jpg,0a7b981a-a885-5166-9647-e1752da506ba,2023-03-04,3,3,0.07276,0.50264,62.8,1,0.07293,mixed_numeric
5884ab5a5e8366c7a80093db.jpg,0a7b981a-a885-5166-9647-e1752da506ba,2023-03-04,3,3,0.18346,0.50264,96.6,3,0.18013,round_label_candidate
5884ab5a5e8366c7a80093db.jpg,0a7b981a-a885-5166-9647-e1752da506ba,2023-03-04,10,10,0.29415,0.50264,92.1,5,0.29371,score_candidate
5884ab5a5e8366c7a80093db.jpg,0a7b981a-a885-5166-9647-e1752da506ba,2023-03-04,3,3,0.38868,0.50264,59.0,6,0.38804,mixed_numeric
5884ab5a5e8366c7a80093db.jpg,0a7b981a-a885-5166-9647-e1752da506ba,2023-03-04,3,3,0.49938,0.50264,96.0,9,0.4989,round_label_candidate
5884ab5a5e8366c7a80093db.jpg,0a7b981a-a885-5166-9647-e1752da506ba,2023-03-04,10,10,0.61007,0.50264,92.9,12,0.6106,score_candidate
5884ab5a5e8366c7a80093db.jpg,0a7b981a-a885-5166-9647-e1752da506ba,2023-03-04,8,8,0.7046,0.50264,56.9,13,0.70659,score_candidate
5884ab5a5e8366c7a80093db.jpg,0a7b981a-a885-5166-9647-e1752da506ba,2023-03-04,3,3,0.81405,0.50264,81.0,16,0.81757,round_label_candidate
5884ab5a5e8366c7a80093db.jpg,0a7b981a-a885-5166-9647-e1752da506ba,2023-03-04,10,10,0.92537,0.50264,95.3,17,0.92263,score_candidate
59c4640966c37c1ac24fbd8a.png,2445f7d8-7ed3-54ac-a84e-6db58824ccff,2025-10-25,0,0,0.28483,0.49278,83.5,5,0.29371,score_candidate
59c4640966c37c1ac24fbd8a.png,2445f7d8-7ed3-54ac-a84e-6db58824ccff,2025-10-25,10,10,0.38557,0.49278,78.0,6,0.38804,mixed_numeric
59c4640966c37c1ac24fbd8a.png,2445f7d8-7ed3-54ac-a84e-6db58824ccff,2025-10-25,1,1,0.50124,0.49278,96.7,9,0.4989,round_label_candidate
59c4640966c37c1ac24fbd8a.png,2445f7d8-7ed3-54ac-a84e-6db58824ccff,2025-10-25,3,3,0.61816,0.49278,56.7,12,0.6106,score_candidate
59c4640966c37c1ac24fbd8a.png,2445f7d8-7ed3-54ac-a84e-6db58824ccff,2025-10-25,10,10,0.71891,0.49278,66.6,13,0.70659,score_candidate
59c4640966c37c1ac24fbd8a.png,2445f7d8-7ed3-54ac-a84e-6db58824ccff,2025-10-25,9,9,0.95149,0.49278,54.1,18,0.94963,score_candidate
59c4640966c37c1ac24fbd8a.png,2445f7d8-7ed3-54ac-a84e-6db58824ccff,2025-10-25,0,0,0.28483,0.54536,81.7,5,0.29371,score_candidate
59c4640966c37c1ac24fbd8a.png,2445f7d8-7ed3-54ac-a84e-6db58824ccff,2025-10-25,3,3,0.38557,0.54536,63.3,6,0.38804,mixed_numeric
59c4640966c37c1ac24fbd8a.png,2445f7d8-7ed3-54ac-a84e-6db58824ccff,2025-10-25,2,2,0.50124,0.54433,94.8,9,0.4989,round_label_candidate
59c4640966c37c1ac24fbd8a.png,2445f7d8-7ed3-54ac-a84e-6db58824ccff,2025-10-25,10,10,0.61816,0.54536,65.3,12,0.6106,score_candidate
59c4640966c37c1ac24fbd8a.png,2445f7d8-7ed3-54ac-a84e-6db58824ccff,2025-10-25,3,3,0.71891,0.54536,46.1,13,0.70659,score_candidate
59c4640966c37c1ac24fbd8a.png,2445f7d8-7ed3-54ac-a84e-6db58824ccff,2025-10-25,10,10,0.95149,0.54536,71.8,18,0.94963,score_candidate
59c4640966c37c1ac24fbd8a.png,2445f7d8-7ed3-54ac-a84e-6db58824ccff,2025-10-25,1,1,0.11443,0.59794,96.7,2,0.10453,mixed_numeric
59c4640966c37c1ac24fbd8a.png,2445f7d8-7ed3-54ac-a84e-6db58824ccff,2025-10-25,3,3,0.16791,0.59897,92.6,3,0.18013,round_label_candidate
59c4640966c37c1ac24fbd8a.png,2445f7d8-7ed3-54ac-a84e-6db58824ccff,2025-10-25,10,10,0.28483,0.59897,71.8,5,0.29371,score_candidate
59c4640966c37c1ac24fbd8a.png,2445f7d8-7ed3-54ac-a84e-6db58824ccff,2025-10-25,1,1,0.44776,0.59794,96.6,8,0.44776,mixed_numeric
59c4640966c37c1ac24fbd8a.png,2445f7d8-7ed3-54ac-a84e-6db58824ccff,2025-10-25,3,3,0.50124,0.59897,92.6,9,0.4989,round_label_candidate
59c4640966c37c1ac24fbd8a.png,2445f7d8-7ed3-54ac-a84e-6db58824ccff,2025-10-25,10,10,0.61816,0.59897,72.6,12,0.6106,score_candidate
59c4640966c37c1ac24fbd8a.png,2445f7d8-7ed3-54ac-a84e-6db58824ccff,2025-10-25,1,1,0.78109,0.59794,96.7,15,0.76511,round_label_candidate
59c4640966c37c1ac24fbd8a.png,2445f7d8-7ed3-54ac-a84e-6db58824ccff,2025-10-25,3,3,0.83458,0.59897,90.3,16,0.81757,round_label_candidate
59c4640966c37c1ac24fbd8a.png,2445f7d8-7ed3-54ac-a84e-6db58824ccff,2025-10-25,10,10,0.95149,0.59897,86.5,18,0.94963,score_candidate
59c4640966c37c1ac24fbd8a.png,2445f7d8-7ed3-54ac-a84e-6db58824ccff,2025-10-25,2,2,0.91978,0.65155,47.1,17,0.92263,score_candidate
59db1e1e3a035e4f07d75960.jpg,fd9f7bae-3ea9-57f4-b939-3976c1223a25,2022-03-05,0,0,0.07276,0.41549,66.9,1,0.07293,mixed_numeric
59db1e1e3a035e4f07d75960.jpg,fd9f7bae-3ea9-57f4-b939-3976c1223a25,2022-03-05,9,9,0.29353,0.41549,71.4,5,0.29371,score_candidate
59db1e1e3a035e4f07d75960.jpg,fd9f7bae-3ea9-57f4-b939-3976c1223a25,2022-03-05,0,0,0.38993,0.41549,90.3,6,0.38804,mixed_numeric
59db1e1e3a035e4f07d75960.jpg,fd9f7bae-3ea9-57f4-b939-3976c1223a25,2022-03-05,0,0,0.70585,0.41549,79.5,13,0.70659,score_candidate
59db1e1e3a035e4f07d75960.jpg,fd9f7bae-3ea9-57f4-b939-3976c1223a25,2022-03-05,0,0,0.07276,0.45951,76.6,1,0.07293,mixed_numeric
59db1e1e3a035e4f07d75960.jpg,fd9f7bae-3ea9-57f4-b939-3976c1223a25,2022-03-05,9,9,0.29353,0.45951,81.5,5,0.29371,score_candidate
59db1e1e3a035e4f07d75960.jpg,fd9f7bae-3ea9-57f4-b939-3976c1223a25,2022-03-05,0,0,0.38993,0.45951,88.4,6,0.38804,mixed_numeric
59db1e1e3a035e4f07d75960.jpg,fd9f7bae-3ea9-57f4-b939-3976c1223a25,2022-03-05,0,0,0.70585,0.45951,75.3,13,0.70659,score_candidate
59db1e1e3a035e4f07d75960.jpg,fd9f7bae-3ea9-57f4-b939-3976c1223a25,2022-03-05,8,8,0.29415,0.50176,96.7,5,0.29371,score_candidate
59db1e1e3a035e4f07d75960.jpg,fd9f7bae-3ea9-57f4-b939-3976c1223a25,2022-03-05,0,0,0.38993,0.50176,85.7,6,0.38804,mixed_numeric
59db1e1e3a035e4f07d75960.jpg,fd9f7bae-3ea9-57f4-b939-3976c1223a25,2022-03-05,0,0,0.70522,0.50176,80.1,13,0.70659,score_candidate
59db1e1e3a035e4f07d75960.jpg,fd9f7bae-3ea9-57f4-b939-3976c1223a25,2022-03-05,8,8,0.29415,0.54577,96.5,5,0.29371,score_candidate
59db1e1e3a035e4f07d75960.jpg,fd9f7bae-3ea9-57f4-b939-3976c1223a25,2022-03-05,0,0,0.38993,0.54577,88.2,6,0.38804,mixed_numeric
59db1e1e3a035e4f07d75960.jpg,fd9f7bae-3ea9-57f4-b939-3976c1223a25,2022-03-05,0,0,0.70585,0.54577,75.8,13,0.70659,score_candidate
59db1e1e3a035e4f07d75960.jpg,fd9f7bae-3ea9-57f4-b939-3976c1223a25,2022-03-05,10,10,0.29415,0.58979,63.0,5,0.29371,score_candidate
59db1e1e3a035e4f07d75960.jpg,fd9f7bae-3ea9-57f4-b939-3976c1223a25,2022-03-05,0,0,0.38993,0.58979,88.3,6,0.38804,mixed_numeric
5e3480ff1fc0544c5c9fc452.png,a7f67273-4fc2-59a5-854b-015916c65462,2024-12-07,7,7,0.54851,0.4002,12.1,10,0.54882,mixed_numeric
5e3480ff1fc0544c5c9fc452.png,a7f67273-4fc2-59a5-854b-015916c65462,2024-12-07,1,1,0.5,0.46436,96.5,9,0.4989,round_label_candidate
5e3480ff1fc0544c5c9fc452.png,a7f67273-4fc2-59a5-854b-015916c65462,2024-12-07,2,2,0.50062,0.51629,97.0,9,0.4989,round_label_candidate
5e3480ff1fc0544c5c9fc452.png,a7f67273-4fc2-59a5-854b-015916c65462,2024-12-07,3,3,0.50062,0.56925,96.6,9,0.4989,round_label_candidate
64660568ded28012ae710c2e.jpg,1b3d5929-e188-5d42-bf6a-12648de6f530,2020-11-07,3,3,0.76306,0.3794,0.0,15,0.76511,round_label_candidate
64660568ded28012ae710c2e.jpg,1b3d5929-e188-5d42-bf6a-12648de6f530,2020-11-07,3,3,0.07276,0.41725,78.0,1,0.07293,mixed_numeric
64660568ded28012ae710c2e.jpg,1b3d5929-e188-5d42-bf6a-12648de6f530,2020-11-07,1,1,0.18284,0.41725,95.7,3,0.18013,round_label_candidate
64660568ded28012ae710c2e.jpg,1b3d5929-e188-5d42-bf6a-12648de6f530,2020-11-07,0,0,0.29353,0.41725,77.8,5,0.29371,score_candidate
64660568ded28012ae710c2e.jpg,1b3d5929-e188-5d42-bf6a-12648de6f530,2020-11-07,10,10,0.3893,0.41725,93.0,6,0.38804,mixed_numeric
64660568ded28012ae710c2e.jpg,1b3d5929-e188-5d42-bf6a-12648de6f530,2020-11-07,1,1,0.49876,0.41725,95.7,9,0.4989,round_label_candidate
64660568ded28012ae710c2e.jpg,1b3d5929-e188-5d42-bf6a-12648de6f530,2020-11-07,9,9,0.60945,0.41725,49.5,12,0.6106,score_candidate
64660568ded28012ae710c2e.jpg,1b3d5929-e188-5d42-bf6a-12648de6f530,2020-11-07,10,10,0.70522,0.41725,84.8,13,0.70659,score_candidate
64660568ded28012ae710c2e.jpg,1b3d5929-e188-5d42-bf6a-12648de6f530,2020-11-07,1,1,0.81468,0.41725,96.3,16,0.81757,round_label_candidate
64660568ded28012ae710c2e.jpg,1b3d5929-e188-5d42-bf6a-12648de6f530,2020-11-07,0,0,0.07276,0.45951,79.7,1,0.07293,mixed_numeric
64660568ded28012ae710c2e.jpg,1b3d5929-e188-5d42-bf6a-12648de6f530,2020-11-07,2,2,0.18221,0.45951,97.0,3,0.18013,round_label_candidate
64660568ded28012ae710c2e.jpg,1b3d5929-e188-5d42-bf6a-12648de6f530,2020-11-07,8,8,0.38868,0.45951,57.4,6,0.38804,mixed_numeric
64660568ded28012ae710c2e.jpg,1b3d5929-e188-5d42-bf6a-12648de6f530,2020-11-07,2,2,0.49876,0.45951,94.8,9,0.4989,round_label_candidate
64660568ded28012ae710c2e.jpg,1b3d5929-e188-5d42-bf6a-12648de6f530,2020-11-07,7,7,0.57898,0.48856,70.1,11,0.58034,score_candidate
64660568ded28012ae710c2e.jpg,1b3d5929-e188-5d42-bf6a-12648de6f530,2020-11-07,10,10,0.60945,0.45951,92.7,12,0.6106,score_candidate
64660568ded28012ae710c2e.jpg,1b3d5929-e188-5d42-bf6a-12648de6f530,2020-11-07,10,10,0.70522,0.45951,91.9,13,0.70659,score_candidate
64660568ded28012ae710c2e.jpg,1b3d5929-e188-5d42-bf6a-12648de6f530,2020-11-07,2,2,0.81468,0.45951,93.9,16,0.81757,round_label_candidate
64660568ded28012ae710c2e.jpg,1b3d5929-e188-5d42-bf6a-12648de6f530,2020-11-07,10,10,0.07338,0.50264,95.8,1,0.07293,mixed_numeric
64660568ded28012ae710c2e.jpg,1b3d5929-e188-5d42-bf6a-12648de6f530,2020-11-07,3,3,0.18221,0.50264,92.2,3,0.18013,round_label_candidate
64660568ded28012ae710c2e.jpg,1b3d5929-e188-5d42-bf6a-12648de6f530,2020-11-07,10,10,0.3893,0.50264,92.1,6,0.38804,mixed_numeric
64660568ded28012ae710c2e.jpg,1b3d5929-e188-5d42-bf6a-12648de6f530,2020-11-07,3,3,0.49813,0.50264,96.2,9,0.4989,round_label_candidate
64660568ded28012ae710c2e.jpg,1b3d5929-e188-5d42-bf6a-12648de6f530,2020-11-07,9,9,0.60945,0.50264,69.5,12,0.6106,score_candidate
64660568ded28012ae710c2e.jpg,1b3d5929-e188-5d42-bf6a-12648de6f530,2020-11-07,9,9,0.7046,0.50264,80.7,13,0.70659,score_candidate
64660568ded28012ae710c2e.jpg,1b3d5929-e188-5d42-bf6a-12648de6f530,2020-11-07,3,3,0.81468,0.50264,88.6,16,0.81757,round_label_candidate
64660568ded28012ae710c2e.jpg,1b3d5929-e188-5d42-bf6a-12648de6f530,2020-11-07,10,10,0.926,0.50264,92.6,17,0.92263,score_candidate
646a7d19128b6d555f1d7a44.jpg,49329e8c-d3b6-5d73-927b-50363d6b8e4d,2022-02-12,1,1,0.18284,0.41549,96.4,3,0.18013,round_label_candidate
646a7d19128b6d555f1d7a44.jpg,49329e8c-d3b6-5d73-927b-50363d6b8e4d,2022-02-12,0,0,0.29415,0.41549,79.1,5,0.29371,score_candidate
646a7d19128b6d555f1d7a44.jpg,49329e8c-d3b6-5d73-927b-50363d6b8e4d,2022-02-12,1,1,0.49938,0.41549,96.2,9,0.4989,round_label_candidate
646a7d19128b6d555f1d7a44.jpg,49329e8c-d3b6-5d73-927b-50363d6b8e4d,2022-02-12,10,10,0.61007,0.41549,89.2,12,0.6106,score_candidate
646a7d19128b6d555f1d7a44.jpg,49329e8c-d3b6-5d73-927b-50363d6b8e4d,2022-02-12,2,2,0.18284,0.45951,95.7,3,0.18013,round_label_candidate
646a7d19128b6d555f1d7a44.jpg,49329e8c-d3b6-5d73-927b-50363d6b8e4d,2022-02-12,3,3,0.18284,0.50176,88.1,3,0.18013,round_label_candidate
646a7d19128b6d555f1d7a44.jpg,49329e8c-d3b6-5d73-927b-50363d6b8e4d,2022-02-12,0,0,0.2643,0.54577,78.2,4,0.26962,score_candidate
6593264dde505f85e87895db.jpg,ddc84dec-2fc9-5606-9994-c39abc600b53,2022-03-19,7,7,0.7643,0.36356,25.8,15,0.76511,round_label_candidate
6593264dde505f85e87895db.jpg,ddc84dec-2fc9-5606-9994-c39abc600b53,2022-03-19,9,9,0.29353,0.41549,71.4,5,0.29371,score_candidate
6593264dde505f85e87895db.jpg,ddc84dec-2fc9-5606-9994-c39abc600b53,2022-03-19,0,0,0.70585,0.41549,79.5,13,0.70659,score_candidate
6593264dde505f85e87895db.jpg,ddc84dec-2fc9-5606-9994-c39abc600b53,2022-03-19,1,1,0.81468,0.41549,96.4,16,0.81757,round_label_candidate
6593264dde505f85e87895db.jpg,ddc84dec-2fc9-5606-9994-c39abc600b53,2022-03-19,8,8,0.92662,0.41549,87.6,17,0.92263,score_candidate
6593264dde505f85e87895db.jpg,ddc84dec-2fc9-5606-9994-c39abc600b53,2022-03-19,9,9,0.29353,0.45951,77.1,5,0.29371,score_candidate
6593264dde505f85e87895db.jpg,ddc84dec-2fc9-5606-9994-c39abc600b53,2022-03-19,0,0,0.38993,0.45951,89.7,6,0.38804,mixed_numeric
6593264dde505f85e87895db.jpg,ddc84dec-2fc9-5606-9994-c39abc600b53,2022-03-19,0,0,0.70585,0.45951,76.1,13,0.70659,score_candidate
6593264dde505f85e87895db.jpg,ddc84dec-2fc9-5606-9994-c39abc600b53,2022-03-19,2,2,0.8153,0.45951,97.0,16,0.81757,round_label_candidate
6593264dde505f85e87895db.jpg,ddc84dec-2fc9-5606-9994-c39abc600b53,2022-03-19,3,3,0.92662,0.45951,77.0,17,0.92263,score_candidate
6593264dde505f85e87895db.jpg,ddc84dec-2fc9-5606-9994-c39abc600b53,2022-03-19,3,3,0.8153,0.50176,96.0,16,0.81757,round_label_candidate
6593264dde505f85e87895db.jpg,ddc84dec-2fc9-5606-9994-c39abc600b53,2022-03-19,8,8,0.2643,0.54577,56.6,4,0.26962,score_candidate
6593264dde505f85e87895db.jpg,ddc84dec-2fc9-5606-9994-c39abc600b53,2022-03-19,7,7,0.89614,0.54577,58.5,17,0.92263,score_candidate
6c94dc8a8a1579a5d8a9fded.jpg,49329e8c-d3b6-5d73-927b-50363d6b8e4d,2022-02-12,1,1,0.18284,0.41549,96.4,3,0.18013,round_label_candidate
6c94dc8a8a1579a5d8a9fded.jpg,49329e8c-d3b6-5d73-927b-50363d6b8e4d,2022-02-12,0,0,0.29415,0.41549,79.1,5,0.29371,score_candidate
6c94dc8a8a1579a5d8a9fded.jpg,49329e8c-d3b6-5d73-927b-50363d6b8e4d,2022-02-12,1,1,0.49938,0.41549,96.2,9,0.4989,round_label_candidate
6c94dc8a8a1579a5d8a9fded.jpg,49329e8c-d3b6-5d73-927b-50363d6b8e4d,2022-02-12,10,10,0.61007,0.41549,89.2,12,0.6106,score_candidate
6c94dc8a8a1579a5d8a9fded.jpg,49329e8c-d3b6-5d73-927b-50363d6b8e4d,2022-02-12,2,2,0.18284,0.45951,95.7,3,0.18013,round_label_candidate
6c94dc8a8a1579a5d8a9fded.jpg,49329e8c-d3b6-5d73-927b-50363d6b8e4d,2022-02-12,3,3,0.18284,0.50176,88.1,3,0.18013,round_label_candidate
6c94dc8a8a1579a5d8a9fded.jpg,49329e8c-d3b6-5d73-927b-50363d6b8e4d,2022-02-12,0,0,0.2643,0.54577,78.2,4,0.26962,score_candidate
70588e32981457905a7a877a.jpg,f752c632-17f3-548b-ad17-83682cb3c8e7,2021-09-04,3,3,0.76306,0.3794,0.0,15,0.76511,round_label_candidate
70588e32981457905a7a877a.jpg,f752c632-17f3-548b-ad17-83682cb3c8e7,2021-09-04,1,1,0.49876,0.41725,95.7,9,0.4989,round_label_candidate
70588e32981457905a7a877a.jpg,f752c632-17f3-548b-ad17-83682cb3c8e7,2021-09-04,2,2,0.49876,0.45951,94.8,9,0.4989,round_label_candidate
70588e32981457905a7a877a.jpg,f752c632-17f3-548b-ad17-83682cb3c8e7,2021-09-04,3,3,0.49813,0.50264,96.2,9,0.4989,round_label_candidate
811779f24f4f8a8d573f03e1.jpg,fd07acac-7e1c-52c6-902b-94ba171be297,2020-12-19,3,3,0.76306,0.3794,0.0,15,0.76511,round_label_candidate
811779f24f4f8a8d573f03e1.jpg,fd07acac-7e1c-52c6-902b-94ba171be297,2020-12-19,1,1,0.49876,0.41725,95.7,9,0.4989,round_label_candidate
811779f24f4f8a8d573f03e1.jpg,fd07acac-7e1c-52c6-902b-94ba171be297,2020-12-19,1,1,0.81468,0.41725,96.3,16,0.81757,round_label_candidate
811779f24f4f8a8d573f03e1.jpg,fd07acac-7e1c-52c6-902b-94ba171be297,2020-12-19,2,2,0.49876,0.45951,94.8,9,0.4989,round_label_candidate
811779f24f4f8a8d573f03e1.jpg,fd07acac-7e1c-52c6-902b-94ba171be297,2020-12-19,2,2,0.81468,0.45951,93.9,16,0.81757,round_label_candidate
811779f24f4f8a8d573f03e1.jpg,fd07acac-7e1c-52c6-902b-94ba171be297,2020-12-19,3,3,0.49813,0.50264,96.2,9,0.4989,round_label_candidate
811779f24f4f8a8d573f03e1.jpg,fd07acac-7e1c-52c6-902b-94ba171be297,2020-12-19,3,3,0.81468,0.50264,88.6,16,0.81757,round_label_candidate
9becba4ecd2e06da6445c0b6.jpeg,848d77c2-5260-5ca7-90ca-fe77b78b7340,2024-11-02,3,3,0.07152,0.47345,74.2,1,0.07293,mixed_numeric
9becba4ecd2e06da6445c0b6.jpeg,848d77c2-5260-5ca7-90ca-fe77b78b7340,2024-11-02,10,10,0.29353,0.47345,72.0,5,0.29371,score_candidate
9becba4ecd2e06da6445c0b6.jpeg,848d77c2-5260-5ca7-90ca-fe77b78b7340,2024-11-02,10,10,0.61132,0.47345,94.2,12,0.6106,score_candidate
9becba4ecd2e06da6445c0b6.jpeg,848d77c2-5260-5ca7-90ca-fe77b78b7340,2024-11-02,10,10,0.92848,0.47345,86.9,17,0.92263,score_candidate
9becba4ecd2e06da6445c0b6.jpeg,848d77c2-5260-5ca7-90ca-fe77b78b7340,2024-11-02,8,8,0.07214,0.52323,90.7,1,0.07293,mixed_numeric
9becba4ecd2e06da6445c0b6.jpeg,848d77c2-5260-5ca7-90ca-fe77b78b7340,2024-11-02,0,0,0.29353,0.52323,81.0,5,0.29371,score_candidate
9becba4ecd2e06da6445c0b6.jpeg,848d77c2-5260-5ca7-90ca-fe77b78b7340,2024-11-02,10,10,0.61132,0.52323,88.9,12,0.6106,score_candidate
9becba4ecd2e06da6445c0b6.jpeg,848d77c2-5260-5ca7-90ca-fe77b78b7340,2024-11-02,10,10,0.92848,0.52323,84.1,17,0.92263,score_candidate
9becba4ecd2e06da6445c0b6.jpeg,848d77c2-5260-5ca7-90ca-fe77b78b7340,2024-11-02,7,7,0.10137,0.55752,81.9,2,0.10453,mixed_numeric
9becba4ecd2e06da6445c0b6.jpeg,848d77c2-5260-5ca7-90ca-fe77b78b7340,2024-11-02,3,3,0.07152,0.57301,81.9,1,0.07293,mixed_numeric
9becba4ecd2e06da6445c0b6.jpeg,848d77c2-5260-5ca7-90ca-fe77b78b7340,2024-11-02,10,10,0.29291,0.57301,83.2,5,0.29371,score_candidate
9becba4ecd2e06da6445c0b6.jpeg,848d77c2-5260-5ca7-90ca-fe77b78b7340,2024-11-02,10,10,0.61132,0.57301,89.6,12,0.6106,score_candidate
9becba4ecd2e06da6445c0b6.jpeg,848d77c2-5260-5ca7-90ca-fe77b78b7340,2024-11-02,10,10,0.92848,0.57301,79.3,17,0.92263,score_candidate
9daaa8708ca5c13fd79acf83.jpg,06af82bb-e57d-5022-b418-e45828e745df,2020-08-22,3,3,0.76306,0.3794,0.0,15,0.76511,round_label_candidate
9daaa8708ca5c13fd79acf83.jpg,06af82bb-e57d-5022-b418-e45828e745df,2020-08-22,0,0,0.29353,0.41725,77.8,5,0.29371,score_candidate
9daaa8708ca5c13fd79acf83.jpg,06af82bb-e57d-5022-b418-e45828e745df,2020-08-22,10,10,0.61007,0.41725,85.3,12,0.6106,score_candidate
9daaa8708ca5c13fd79acf83.jpg,06af82bb-e57d-5022-b418-e45828e745df,2020-08-22,3,3,0.7046,0.41725,71.2,13,0.70659,score_candidate
9daaa8708ca5c13fd79acf83.jpg,06af82bb-e57d-5022-b418-e45828e745df,2020-08-22,1,1,0.81468,0.41725,96.3,16,0.81757,round_label_candidate
9daaa8708ca5c13fd79acf83.jpg,06af82bb-e57d-5022-b418-e45828e745df,2020-08-22,10,10,0.926,0.41725,94.4,17,0.92263,score_candidate
9daaa8708ca5c13fd79acf83.jpg,06af82bb-e57d-5022-b418-e45828e745df,2020-08-22,10,10,0.29353,0.45951,80.3,5,0.29371,score_candidate
9daaa8708ca5c13fd79acf83.jpg,06af82bb-e57d-5022-b418-e45828e745df,2020-08-22,10,10,0.60945,0.45951,86.3,12,0.6106,score_candidate
9daaa8708ca5c13fd79acf83.jpg,06af82bb-e57d-5022-b418-e45828e745df,2020-08-22,8,8,0.7046,0.45951,43.6,13,0.70659,score_candidate
9daaa8708ca5c13fd79acf83.jpg,06af82bb-e57d-5022-b418-e45828e745df,2020-08-22,2,2,0.81468,0.45951,93.9,16,0.81757,round_label_candidate
9daaa8708ca5c13fd79acf83.jpg,06af82bb-e57d-5022-b418-e45828e745df,2020-08-22,10,10,0.926,0.45951,94.3,17,0.92263,score_candidate
9daaa8708ca5c13fd79acf83.jpg,06af82bb-e57d-5022-b418-e45828e745df,2020-08-22,0,0,0.29353,0.50264,88.1,5,0.29371,score_candidate
9daaa8708ca5c13fd79acf83.jpg,06af82bb-e57d-5022-b418-e45828e745df,2020-08-22,10,10,0.60945,0.50264,95.7,12,0.6106,score_candidate
9daaa8708ca5c13fd79acf83.jpg,06af82bb-e57d-5022-b418-e45828e745df,2020-08-22,10,10,0.70522,0.50264,95.5,13,0.70659,score_candidate
9daaa8708ca5c13fd79acf83.jpg,06af82bb-e57d-5022-b418-e45828e745df,2020-08-22,3,3,0.81468,0.50264,88.6,16,0.81757,round_label_candidate
9daaa8708ca5c13fd79acf83.jpg,06af82bb-e57d-5022-b418-e45828e745df,2020-08-22,9,9,0.92537,0.50264,72.9,17,0.92263,score_candidate
9e786a668e752cb2c55bb9ce.jpg,6fed5e94-8e25-56b2-a69f-1c3f50420ce6,2021-03-13,10,10,0.29353,0.41725,71.4,5,0.29371,score_candidate
9e786a668e752cb2c55bb9ce.jpg,6fed5e94-8e25-56b2-a69f-1c3f50420ce6,2021-03-13,1,1,0.49876,0.41725,95.7,9,0.4989,round_label_candidate
9e786a668e752cb2c55bb9ce.jpg,6fed5e94-8e25-56b2-a69f-1c3f50420ce6,2021-03-13,10,10,0.61007,0.41725,82.9,12,0.6106,score_candidate
9e786a668e752cb2c55bb9ce.jpg,6fed5e94-8e25-56b2-a69f-1c3f50420ce6,2021-03-13,1,1,0.81468,0.41725,96.2,16,0.81757,round_label_candidate
9e786a668e752cb2c55bb9ce.jpg,6fed5e94-8e25-56b2-a69f-1c3f50420ce6,2021-03-13,10,10,0.926,0.41725,94.7,17,0.92263,score_candidate
9e786a668e752cb2c55bb9ce.jpg,6fed5e94-8e25-56b2-a69f-1c3f50420ce6,2021-03-13,0,0,0.07276,0.45951,73.3,1,0.07293,mixed_numeric
9e786a668e752cb2c55bb9ce.jpg,6fed5e94-8e25-56b2-a69f-1c3f50420ce6,2021-03-13,10,10,0.3893,0.45951,91.9,6,0.38804,mixed_numeric
9e786a668e752cb2c55bb9ce.jpg,6fed5e94-8e25-56b2-a69f-1c3f50420ce6,2021-03-13,2,2,0.49876,0.45951,94.0,9,0.4989,round_label_candidate
9e786a668e752cb2c55bb9ce.jpg,6fed5e94-8e25-56b2-a69f-1c3f50420ce6,2021-03-13,9,9,0.60945,0.45951,77.3,12,0.6106,score_candidate
9e786a668e752cb2c55bb9ce.jpg,6fed5e94-8e25-56b2-a69f-1c3f50420ce6,2021-03-13,2,2,0.81468,0.45951,93.7,16,0.81757,round_label_candidate
9e786a668e752cb2c55bb9ce.jpg,6fed5e94-8e25-56b2-a69f-1c3f50420ce6,2021-03-13,9,9,0.92537,0.45951,59.6,17,0.92263,score_candidate
9e786a668e752cb2c55bb9ce.jpg,6fed5e94-8e25-56b2-a69f-1c3f50420ce6,2021-03-13,10,10,0.07338,0.50264,96.4,1,0.07293,mixed_numeric
9e786a668e752cb2c55bb9ce.jpg,6fed5e94-8e25-56b2-a69f-1c3f50420ce6,2021-03-13,3,3,0.49813,0.50264,96.2,9,0.4989,round_label_candidate
9e786a668e752cb2c55bb9ce.jpg,6fed5e94-8e25-56b2-a69f-1c3f50420ce6,2021-03-13,10,10,0.60945,0.50264,94.5,12,0.6106,score_candidate
9e786a668e752cb2c55bb9ce.jpg,6fed5e94-8e25-56b2-a69f-1c3f50420ce6,2021-03-13,3,3,0.81468,0.50264,87.7,16,0.81757,round_label_candidate
9e786a668e752cb2c55bb9ce.jpg,6fed5e94-8e25-56b2-a69f-1c3f50420ce6,2021-03-13,10,10,0.926,0.50264,93.6,17,0.92263,score_candidate
a25470e42117c314824f288e.png,529cbbf2-1d9f-5392-85d0-8759b4083e25,2026-05-30,1,1,0.16107,0.4834,96.6,3,0.18013,round_label_candidate
a25470e42117c314824f288e.png,529cbbf2-1d9f-5392-85d0-8759b4083e25,2026-05-30,1,1,0.49565,0.4834,96.6,9,0.4989,round_label_candidate
a25470e42117c314824f288e.png,529cbbf2-1d9f-5392-85d0-8759b4083e25,2026-05-30,2,2,0.16169,0.53734,94.3,3,0.18013,round_label_candidate
a25470e42117c314824f288e.png,529cbbf2-1d9f-5392-85d0-8759b4083e25,2026-05-30,2,2,0.49627,0.53734,94.9,9,0.4989,round_label_candidate
a25470e42117c314824f288e.png,529cbbf2-1d9f-5392-85d0-8759b4083e25,2026-05-30,3,3,0.16169,0.59129,92.0,3,0.18013,round_label_candidate
a25470e42117c314824f288e.png,529cbbf2-1d9f-5392-85d0-8759b4083e25,2026-05-30,3,3,0.49627,0.59129,93.1,9,0.4989,round_label_candidate
a816b0420d7f3aba8350be89.jpg,7d5bd54a-2e8f-5e8c-96c2-b245dd10f8d6,2025-12-13,9,9,0.04602,0.48849,71.5,0,0.0454,mixed_numeric
a816b0420d7f3aba8350be89.jpg,7d5bd54a-2e8f-5e8c-96c2-b245dd10f8d6,2025-12-13,10,10,0.28047,0.48849,79.8,4,0.26962,score_candidate
a816b0420d7f3aba8350be89.jpg,7d5bd54a-2e8f-5e8c-96c2-b245dd10f8d6,2025-12-13,1,1,0.49813,0.48849,96.6,9,0.4989,round_label_candidate
a816b0420d7f3aba8350be89.jpg,7d5bd54a-2e8f-5e8c-96c2-b245dd10f8d6,2025-12-13,10,10,0.61567,0.48849,78.7,12,0.6106,score_candidate
a816b0420d7f3aba8350be89.jpg,7d5bd54a-2e8f-5e8c-96c2-b245dd10f8d6,2025-12-13,1,1,0.83396,0.48849,96.6,16,0.81757,round_label_candidate
a816b0420d7f3aba8350be89.jpg,7d5bd54a-2e8f-5e8c-96c2-b245dd10f8d6,2025-12-13,10,10,0.95211,0.48849,75.0,18,0.94963,score_candidate
a816b0420d7f3aba8350be89.jpg,7d5bd54a-2e8f-5e8c-96c2-b245dd10f8d6,2025-12-13,3,3,0.49876,0.59728,88.1,9,0.4989,round_label_candidate
a816b0420d7f3aba8350be89.jpg,7d5bd54a-2e8f-5e8c-96c2-b245dd10f8d6,2025-12-13,3,3,0.83458,0.59728,85.3,16,0.81757,round_label_candidate
a816b0420d7f3aba8350be89.jpg,7d5bd54a-2e8f-5e8c-96c2-b245dd10f8d6,2025-12-13,10,10,0.24876,0.65063,85.2,4,0.26962,score_candidate
a816b0420d7f3aba8350be89.jpg,7d5bd54a-2e8f-5e8c-96c2-b245dd10f8d6,2025-12-13,0,0,0.58458,0.65063,85.3,11,0.58034,score_candidate
a816b0420d7f3aba8350be89.jpg,7d5bd54a-2e8f-5e8c-96c2-b245dd10f8d6,2025-12-13,10,10,0.9204,0.65063,90.1,17,0.92263,score_candidate
b3a95d04d912600278cc4860.jpg,72677782-6338-51f2-bc73-0bea8595b6b6,2026-01-24,10,10,0.07338,0.41637,94.0,1,0.07293,mixed_numeric
b3a95d04d912600278cc4860.jpg,72677782-6338-51f2-bc73-0bea8595b6b6,2026-01-24,10,10,0.3893,0.41637,95.7,6,0.38804,mixed_numeric
b3a95d04d912600278cc4860.jpg,72677782-6338-51f2-bc73-0bea8595b6b6,2026-01-24,9,9,0.60883,0.41637,46.5,12,0.6106,score_candidate
b3a95d04d912600278cc4860.jpg,72677782-6338-51f2-bc73-0bea8595b6b6,2026-01-24,0,0,0.7046,0.41637,82.1,13,0.70659,score_candidate
b3a95d04d912600278cc4860.jpg,72677782-6338-51f2-bc73-0bea8595b6b6,2026-01-24,10,10,0.07276,0.45951,74.3,1,0.07293,mixed_numeric
b3a95d04d912600278cc4860.jpg,72677782-6338-51f2-bc73-0bea8595b6b6,2026-01-24,10,10,0.61007,0.45951,93.7,12,0.6106,score_candidate
b3a95d04d912600278cc4860.jpg,72677782-6338-51f2-bc73-0bea8595b6b6,2026-01-24,0,0,0.7046,0.45951,75.7,13,0.70659,score_candidate
b3a95d04d912600278cc4860.jpg,72677782-6338-51f2-bc73-0bea8595b6b6,2026-01-24,8,8,0.2643,0.54577,58.9,4,0.26962,score_candidate
b3a95d04d912600278cc4860.jpg,72677782-6338-51f2-bc73-0bea8595b6b6,2026-01-24,8,8,0.41791,0.54577,38.8,7,0.41822,mixed_numeric
b3a95d04d912600278cc4860.jpg,72677782-6338-51f2-bc73-0bea8595b6b6,2026-01-24,8,8,0.5796,0.54577,72.2,11,0.58034,score_candidate
b3a95d04d912600278cc4860.jpg,72677782-6338-51f2-bc73-0bea8595b6b6,2026-01-24,8,8,0.89552,0.54577,85.4,17,0.92263,score_candidate
b95eaa924e0ee38e97438a0a.jpg,ddc84dec-2fc9-5606-9994-c39abc600b53,2022-03-19,7,7,0.7643,0.36356,25.8,15,0.76511,round_label_candidate
b95eaa924e0ee38e97438a0a.jpg,ddc84dec-2fc9-5606-9994-c39abc600b53,2022-03-19,9,9,0.29353,0.41549,71.4,5,0.29371,score_candidate
b95eaa924e0ee38e97438a0a.jpg,ddc84dec-2fc9-5606-9994-c39abc600b53,2022-03-19,0,0,0.70585,0.41549,79.5,13,0.70659,score_candidate
b95eaa924e0ee38e97438a0a.jpg,ddc84dec-2fc9-5606-9994-c39abc600b53,2022-03-19,1,1,0.81468,0.41549,96.4,16,0.81757,round_label_candidate
b95eaa924e0ee38e97438a0a.jpg,ddc84dec-2fc9-5606-9994-c39abc600b53,2022-03-19,8,8,0.92662,0.41549,87.6,17,0.92263,score_candidate
b95eaa924e0ee38e97438a0a.jpg,ddc84dec-2fc9-5606-9994-c39abc600b53,2022-03-19,9,9,0.29353,0.45951,77.1,5,0.29371,score_candidate
b95eaa924e0ee38e97438a0a.jpg,ddc84dec-2fc9-5606-9994-c39abc600b53,2022-03-19,0,0,0.38993,0.45951,89.7,6,0.38804,mixed_numeric
b95eaa924e0ee38e97438a0a.jpg,ddc84dec-2fc9-5606-9994-c39abc600b53,2022-03-19,0,0,0.70585,0.45951,76.1,13,0.70659,score_candidate
b95eaa924e0ee38e97438a0a.jpg,ddc84dec-2fc9-5606-9994-c39abc600b53,2022-03-19,2,2,0.8153,0.45951,97.0,16,0.81757,round_label_candidate
b95eaa924e0ee38e97438a0a.jpg,ddc84dec-2fc9-5606-9994-c39abc600b53,2022-03-19,3,3,0.92662,0.45951,77.0,17,0.92263,score_candidate
b95eaa924e0ee38e97438a0a.jpg,ddc84dec-2fc9-5606-9994-c39abc600b53,2022-03-19,3,3,0.8153,0.50176,96.0,16,0.81757,round_label_candidate
b95eaa924e0ee38e97438a0a.jpg,ddc84dec-2fc9-5606-9994-c39abc600b53,2022-03-19,8,8,0.2643,0.54577,56.6,4,0.26962,score_candidate
b95eaa924e0ee38e97438a0a.jpg,ddc84dec-2fc9-5606-9994-c39abc600b53,2022-03-19,7,7,0.89614,0.54577,58.5,17,0.92263,score_candidate
bc3e0ad69dbaf423e4064f68.jpeg,3e50330b-30ed-50b1-98bd-69f854bf6bb8,2024-08-03,10,10,0.29415,0.41549,86.0,5,0.29371,score_candidate
bc3e0ad69dbaf423e4064f68.jpeg,3e50330b-30ed-50b1-98bd-69f854bf6bb8,2024-08-03,10,10,0.61007,0.41549,93.1,12,0.6106,score_candidate
bc3e0ad69dbaf423e4064f68.jpeg,3e50330b-30ed-50b1-98bd-69f854bf6bb8,2024-08-03,9,9,0.70522,0.41549,58.5,13,0.70659,score_candidate
bc3e0ad69dbaf423e4064f68.jpeg,3e50330b-30ed-50b1-98bd-69f854bf6bb8,2024-08-03,1,1,0.81468,0.41549,96.5,16,0.81757,round_label_candidate
bc3e0ad69dbaf423e4064f68.jpeg,3e50330b-30ed-50b1-98bd-69f854bf6bb8,2024-08-03,0,0,0.926,0.41549,78.9,17,0.92263,score_candidate
bc3e0ad69dbaf423e4064f68.jpeg,3e50330b-30ed-50b1-98bd-69f854bf6bb8,2024-08-03,0,0,0.07276,0.45951,85.9,1,0.07293,mixed_numeric
bc3e0ad69dbaf423e4064f68.jpeg,3e50330b-30ed-50b1-98bd-69f854bf6bb8,2024-08-03,10,10,0.3893,0.45951,93.3,6,0.38804,mixed_numeric
bc3e0ad69dbaf423e4064f68.jpeg,3e50330b-30ed-50b1-98bd-69f854bf6bb8,2024-08-03,0,0,0.70585,0.45951,82.7,13,0.70659,score_candidate
bc3e0ad69dbaf423e4064f68.jpeg,3e50330b-30ed-50b1-98bd-69f854bf6bb8,2024-08-03,2,2,0.8153,0.45951,97.0,16,0.81757,round_label_candidate
bc3e0ad69dbaf423e4064f68.jpeg,3e50330b-30ed-50b1-98bd-69f854bf6bb8,2024-08-03,3,3,0.926,0.45951,56.2,17,0.92263,score_candidate
bc3e0ad69dbaf423e4064f68.jpeg,3e50330b-30ed-50b1-98bd-69f854bf6bb8,2024-08-03,0,0,0.07276,0.50176,81.5,1,0.07293,mixed_numeric
bc3e0ad69dbaf423e4064f68.jpeg,3e50330b-30ed-50b1-98bd-69f854bf6bb8,2024-08-03,10,10,0.3893,0.50176,92.8,6,0.38804,mixed_numeric
bc3e0ad69dbaf423e4064f68.jpeg,3e50330b-30ed-50b1-98bd-69f854bf6bb8,2024-08-03,10,10,0.70585,0.50176,72.9,13,0.70659,score_candidate
bc3e0ad69dbaf423e4064f68.jpeg,3e50330b-30ed-50b1-98bd-69f854bf6bb8,2024-08-03,3,3,0.8153,0.50176,95.9,16,0.81757,round_label_candidate
bc3e0ad69dbaf423e4064f68.jpeg,3e50330b-30ed-50b1-98bd-69f854bf6bb8,2024-08-03,3,3,0.926,0.50176,63.1,17,0.92263,score_candidate
ce532851e6fc5ae2a1f49c43.jpg,083fc692-d48b-58e7-bebe-3e6f9a5f1673,2020-10-17,3,3,0.76306,0.3794,0.0,15,0.76511,round_label_candidate
ce532851e6fc5ae2a1f49c43.jpg,083fc692-d48b-58e7-bebe-3e6f9a5f1673,2020-10-17,3,3,0.07276,0.41725,80.1,1,0.07293,mixed_numeric
ce532851e6fc5ae2a1f49c43.jpg,083fc692-d48b-58e7-bebe-3e6f9a5f1673,2020-10-17,1,1,0.18284,0.41725,95.7,3,0.18013,round_label_candidate
ce532851e6fc5ae2a1f49c43.jpg,083fc692-d48b-58e7-bebe-3e6f9a5f1673,2020-10-17,0,0,0.29353,0.41725,77.8,5,0.29371,score_candidate
ce532851e6fc5ae2a1f49c43.jpg,083fc692-d48b-58e7-bebe-3e6f9a5f1673,2020-10-17,3,3,0.38868,0.41725,71.4,6,0.38804,mixed_numeric
ce532851e6fc5ae2a1f49c43.jpg,083fc692-d48b-58e7-bebe-3e6f9a5f1673,2020-10-17,1,1,0.49876,0.41725,95.7,9,0.4989,round_label_candidate
ce532851e6fc5ae2a1f49c43.jpg,083fc692-d48b-58e7-bebe-3e6f9a5f1673,2020-10-17,10,10,0.61007,0.41725,89.9,12,0.6106,score_candidate
ce532851e6fc5ae2a1f49c43.jpg,083fc692-d48b-58e7-bebe-3e6f9a5f1673,2020-10-17,3,3,0.7046,0.41725,69.7,13,0.70659,score_candidate
ce532851e6fc5ae2a1f49c43.jpg,083fc692-d48b-58e7-bebe-3e6f9a5f1673,2020-10-17,1,1,0.81468,0.41725,96.3,16,0.81757,round_label_candidate
ce532851e6fc5ae2a1f49c43.jpg,083fc692-d48b-58e7-bebe-3e6f9a5f1673,2020-10-17,10,10,0.926,0.41725,93.5,17,0.92263,score_candidate
ce532851e6fc5ae2a1f49c43.jpg,083fc692-d48b-58e7-bebe-3e6f9a5f1673,2020-10-17,2,2,0.18221,0.45951,97.0,3,0.18013,round_label_candidate
ce532851e6fc5ae2a1f49c43.jpg,083fc692-d48b-58e7-bebe-3e6f9a5f1673,2020-10-17,2,2,0.49876,0.45951,94.8,9,0.4989,round_label_candidate
ce532851e6fc5ae2a1f49c43.jpg,083fc692-d48b-58e7-bebe-3e6f9a5f1673,2020-10-17,2,2,0.81468,0.45951,93.9,16,0.81757,round_label_candidate
ce532851e6fc5ae2a1f49c43.jpg,083fc692-d48b-58e7-bebe-3e6f9a5f1673,2020-10-17,3,3,0.18221,0.50264,92.2,3,0.18013,round_label_candidate
ce532851e6fc5ae2a1f49c43.jpg,083fc692-d48b-58e7-bebe-3e6f9a5f1673,2020-10-17,3,3,0.49813,0.50264,96.2,9,0.4989,round_label_candidate
ce532851e6fc5ae2a1f49c43.jpg,083fc692-d48b-58e7-bebe-3e6f9a5f1673,2020-10-17,3,3,0.81468,0.50264,88.6,16,0.81757,round_label_candidate
ce532851e6fc5ae2a1f49c43.jpg,083fc692-d48b-58e7-bebe-3e6f9a5f1673,2020-10-17,0,0,0.2643,0.54577,90.1,4,0.26962,score_candidate
ce532851e6fc5ae2a1f49c43.jpg,083fc692-d48b-58e7-bebe-3e6f9a5f1673,2020-10-17,10,10,0.58022,0.54577,94.1,11,0.58034,score_candidate
ce532851e6fc5ae2a1f49c43.jpg,083fc692-d48b-58e7-bebe-3e6f9a5f1673,2020-10-17,10,10,0.89614,0.54577,90.0,17,0.92263,score_candidate
cf96c44df235977fd68039ed.jpeg,4f246a07-3213-5dca-bc92-2fdf9f7c8de1,2023-07-29,0,0,0.07313,0.41582,84.9,1,0.07293,mixed_numeric
cf96c44df235977fd68039ed.jpeg,4f246a07-3213-5dca-bc92-2fdf9f7c8de1,2023-07-29,9,9,0.2937,0.41582,74.9,5,0.29371,score_candidate
cf96c44df235977fd68039ed.jpeg,4f246a07-3213-5dca-bc92-2fdf9f7c8de1,2023-07-29,0,0,0.38942,0.41582,81.2,6,0.38804,mixed_numeric
cf96c44df235977fd68039ed.jpeg,4f246a07-3213-5dca-bc92-2fdf9f7c8de1,2023-07-29,1,1,0.49881,0.41582,96.6,9,0.4989,round_label_candidate
cf96c44df235977fd68039ed.jpeg,4f246a07-3213-5dca-bc92-2fdf9f7c8de1,2023-07-29,9,9,0.60999,0.41582,70.9,12,0.6106,score_candidate
cf96c44df235977fd68039ed.jpeg,4f246a07-3213-5dca-bc92-2fdf9f7c8de1,2023-07-29,10,10,0.70511,0.41582,74.9,13,0.70659,score_candidate
cf96c44df235977fd68039ed.jpeg,4f246a07-3213-5dca-bc92-2fdf9f7c8de1,2023-07-29,1,1,0.81451,0.41582,96.6,16,0.81757,round_label_candidate
cf96c44df235977fd68039ed.jpeg,4f246a07-3213-5dca-bc92-2fdf9f7c8de1,2023-07-29,9,9,0.92628,0.41582,63.9,17,0.92263,score_candidate
cf96c44df235977fd68039ed.jpeg,4f246a07-3213-5dca-bc92-2fdf9f7c8de1,2023-07-29,3,3,0.07313,0.4596,53.8,1,0.07293,mixed_numeric
cf96c44df235977fd68039ed.jpeg,4f246a07-3213-5dca-bc92-2fdf9f7c8de1,2023-07-29,2,2,0.18312,0.4596,92.8,3,0.18013,round_label_candidate
cf96c44df235977fd68039ed.jpeg,4f246a07-3213-5dca-bc92-2fdf9f7c8de1,2023-07-29,10,10,0.2937,0.4596,67.5,5,0.29371,score_candidate
cf96c44df235977fd68039ed.jpeg,4f246a07-3213-5dca-bc92-2fdf9f7c8de1,2023-07-29,9,9,0.38882,0.4596,76.5,6,0.38804,mixed_numeric
cf96c44df235977fd68039ed.jpeg,4f246a07-3213-5dca-bc92-2fdf9f7c8de1,2023-07-29,2,2,0.49941,0.4596,92.0,9,0.4989,round_label_candidate
cf96c44df235977fd68039ed.jpeg,4f246a07-3213-5dca-bc92-2fdf9f7c8de1,2023-07-29,10,10,0.60999,0.4596,77.5,12,0.6106,score_candidate
cf96c44df235977fd68039ed.jpeg,4f246a07-3213-5dca-bc92-2fdf9f7c8de1,2023-07-29,9,9,0.70511,0.4596,77.7,13,0.70659,score_candidate
cf96c44df235977fd68039ed.jpeg,4f246a07-3213-5dca-bc92-2fdf9f7c8de1,2023-07-29,2,2,0.8151,0.4596,97.0,16,0.81757,round_label_candidate
cf96c44df235977fd68039ed.jpeg,4f246a07-3213-5dca-bc92-2fdf9f7c8de1,2023-07-29,3,3,0.18312,0.50168,89.8,3,0.18013,round_label_candidate
cf96c44df235977fd68039ed.jpeg,4f246a07-3213-5dca-bc92-2fdf9f7c8de1,2023-07-29,3,3,0.49941,0.50168,87.7,9,0.4989,round_label_candidate
cf96c44df235977fd68039ed.jpeg,4f246a07-3213-5dca-bc92-2fdf9f7c8de1,2023-07-29,3,3,0.8151,0.50168,96.2,16,0.81757,round_label_candidate
cf96c44df235977fd68039ed.jpeg,4f246a07-3213-5dca-bc92-2fdf9f7c8de1,2023-07-29,8,8,0.10285,0.54545,22.6,2,0.10453,mixed_numeric
cf96c44df235977fd68039ed.jpeg,4f246a07-3213-5dca-bc92-2fdf9f7c8de1,2023-07-29,9,9,0.26338,0.54545,62.1,4,0.26962,score_candidate
cf96c44df235977fd68039ed.jpeg,4f246a07-3213-5dca-bc92-2fdf9f7c8de1,2023-07-29,9,9,0.57967,0.54545,50.4,11,0.58034,score_candidate
cf96c44df235977fd68039ed.jpeg,4f246a07-3213-5dca-bc92-2fdf9f7c8de1,2023-07-29,9,9,0.73424,0.54545,57.7,14,0.73424,mixed_numeric
cf96c44df235977fd68039ed.jpeg,4f246a07-3213-5dca-bc92-2fdf9f7c8de1,2023-07-29,9,9,0.89596,0.54545,56.7,17,0.92263,score_candidate
d2ea264d62125dc4ec973f1d.jpg,0c8bbbb5-8da0-5344-926b-f818c3d69eea,2022-08-13,9,9,0.04353,0.53628,59.1,0,0.0454,mixed_numeric
d2ea264d62125dc4ec973f1d.jpg,0c8bbbb5-8da0-5344-926b-f818c3d69eea,2022-08-13,10,10,0.27799,0.53628,95.0,4,0.26962,score_candidate
d2ea264d62125dc4ec973f1d.jpg,0c8bbbb5-8da0-5344-926b-f818c3d69eea,2022-08-13,9,9,0.37811,0.53628,77.4,6,0.38804,mixed_numeric
d2ea264d62125dc4ec973f1d.jpg,0c8bbbb5-8da0-5344-926b-f818c3d69eea,2022-08-13,1,1,0.4944,0.53741,96.5,9,0.4989,round_label_candidate
d2ea264d62125dc4ec973f1d.jpg,0c8bbbb5-8da0-5344-926b-f818c3d69eea,2022-08-13,10,10,0.61194,0.53628,77.4,12,0.6106,score_candidate
d2ea264d62125dc4ec973f1d.jpg,0c8bbbb5-8da0-5344-926b-f818c3d69eea,2022-08-13,0,0,0.94652,0.53741,79.3,18,0.94963,score_candidate
d2ea264d62125dc4ec973f1d.jpg,0c8bbbb5-8da0-5344-926b-f818c3d69eea,2022-08-13,10,10,0.27736,0.59524,81.0,4,0.26962,score_candidate
d2ea264d62125dc4ec973f1d.jpg,0c8bbbb5-8da0-5344-926b-f818c3d69eea,2022-08-13,9,9,0.37811,0.59524,67.6,6,0.38804,mixed_numeric
d2ea264d62125dc4ec973f1d.jpg,0c8bbbb5-8da0-5344-926b-f818c3d69eea,2022-08-13,10,10,0.61194,0.59524,75.2,12,0.6106,score_candidate
d2ea264d62125dc4ec973f1d.jpg,0c8bbbb5-8da0-5344-926b-f818c3d69eea,2022-08-13,10,10,0.94652,0.59524,69.0,18,0.94963,score_candidate
d2ea264d62125dc4ec973f1d.jpg,0c8bbbb5-8da0-5344-926b-f818c3d69eea,2022-08-13,10,10,0.04415,0.6542,74.7,0,0.0454,mixed_numeric
d2ea264d62125dc4ec973f1d.jpg,0c8bbbb5-8da0-5344-926b-f818c3d69eea,2022-08-13,9,9,0.27736,0.6542,66.3,4,0.26962,score_candidate
d2ea264d62125dc4ec973f1d.jpg,0c8bbbb5-8da0-5344-926b-f818c3d69eea,2022-08-13,10,10,0.37873,0.6542,92.1,6,0.38804,mixed_numeric
d2ea264d62125dc4ec973f1d.jpg,0c8bbbb5-8da0-5344-926b-f818c3d69eea,2022-08-13,9,9,0.61194,0.6542,72.9,12,0.6106,score_candidate
d2ea264d62125dc4ec973f1d.jpg,0c8bbbb5-8da0-5344-926b-f818c3d69eea,2022-08-13,10,10,0.71331,0.6542,92.9,13,0.70659,score_candidate
d80b35ed59b12d1fc51ae05b.jpg,90ea32aa-1709-5cd8-92a6-95da3d5a83fe,2025-03-01,10,10,0.29291,0.46191,68.3,5,0.29371,score_candidate
d80b35ed59b12d1fc51ae05b.jpg,90ea32aa-1709-5cd8-92a6-95da3d5a83fe,2025-03-01,1,1,0.49876,0.46289,95.9,9,0.4989,round_label_candidate
d80b35ed59b12d1fc51ae05b.jpg,90ea32aa-1709-5cd8-92a6-95da3d5a83fe,2025-03-01,10,10,0.61007,0.46191,92.5,12,0.6106,score_candidate
d80b35ed59b12d1fc51ae05b.jpg,90ea32aa-1709-5cd8-92a6-95da3d5a83fe,2025-03-01,0,0,0.926,0.46289,78.4,17,0.92263,score_candidate
d80b35ed59b12d1fc51ae05b.jpg,90ea32aa-1709-5cd8-92a6-95da3d5a83fe,2025-03-01,10,10,0.29291,0.50977,74.3,5,0.29371,score_candidate
d80b35ed59b12d1fc51ae05b.jpg,90ea32aa-1709-5cd8-92a6-95da3d5a83fe,2025-03-01,3,3,0.38868,0.50977,27.4,6,0.38804,mixed_numeric
d80b35ed59b12d1fc51ae05b.jpg,90ea32aa-1709-5cd8-92a6-95da3d5a83fe,2025-03-01,2,2,0.49938,0.50977,97.0,9,0.4989,round_label_candidate
d80b35ed59b12d1fc51ae05b.jpg,90ea32aa-1709-5cd8-92a6-95da3d5a83fe,2025-03-01,10,10,0.61007,0.50977,45.3,12,0.6106,score_candidate
d80b35ed59b12d1fc51ae05b.jpg,90ea32aa-1709-5cd8-92a6-95da3d5a83fe,2025-03-01,10,10,0.926,0.50977,66.7,17,0.92263,score_candidate
d80b35ed59b12d1fc51ae05b.jpg,90ea32aa-1709-5cd8-92a6-95da3d5a83fe,2025-03-01,10,10,0.29353,0.55762,89.4,5,0.29371,score_candidate
d80b35ed59b12d1fc51ae05b.jpg,90ea32aa-1709-5cd8-92a6-95da3d5a83fe,2025-03-01,3,3,0.49938,0.55762,96.1,9,0.4989,round_label_candidate
d80b35ed59b12d1fc51ae05b.jpg,90ea32aa-1709-5cd8-92a6-95da3d5a83fe,2025-03-01,10,10,0.926,0.55762,66.8,17,0.92263,score_candidate
dcdd208c1251a23895ce9fa4.jpeg,848d77c2-5260-5ca7-90ca-fe77b78b7340,2024-11-02,3,3,0.07152,0.47345,74.2,1,0.07293,mixed_numeric
dcdd208c1251a23895ce9fa4.jpeg,848d77c2-5260-5ca7-90ca-fe77b78b7340,2024-11-02,10,10,0.29353,0.47345,72.0,5,0.29371,score_candidate
dcdd208c1251a23895ce9fa4.jpeg,848d77c2-5260-5ca7-90ca-fe77b78b7340,2024-11-02,10,10,0.61132,0.47345,94.2,12,0.6106,score_candidate
dcdd208c1251a23895ce9fa4.jpeg,848d77c2-5260-5ca7-90ca-fe77b78b7340,2024-11-02,10,10,0.92848,0.47345,86.9,17,0.92263,score_candidate
dcdd208c1251a23895ce9fa4.jpeg,848d77c2-5260-5ca7-90ca-fe77b78b7340,2024-11-02,8,8,0.07214,0.52323,90.7,1,0.07293,mixed_numeric
dcdd208c1251a23895ce9fa4.jpeg,848d77c2-5260-5ca7-90ca-fe77b78b7340,2024-11-02,0,0,0.29353,0.52323,81.0,5,0.29371,score_candidate
dcdd208c1251a23895ce9fa4.jpeg,848d77c2-5260-5ca7-90ca-fe77b78b7340,2024-11-02,10,10,0.61132,0.52323,88.9,12,0.6106,score_candidate
dcdd208c1251a23895ce9fa4.jpeg,848d77c2-5260-5ca7-90ca-fe77b78b7340,2024-11-02,10,10,0.92848,0.52323,84.1,17,0.92263,score_candidate
dcdd208c1251a23895ce9fa4.jpeg,848d77c2-5260-5ca7-90ca-fe77b78b7340,2024-11-02,7,7,0.10137,0.55752,81.9,2,0.10453,mixed_numeric
dcdd208c1251a23895ce9fa4.jpeg,848d77c2-5260-5ca7-90ca-fe77b78b7340,2024-11-02,3,3,0.07152,0.57301,81.9,1,0.07293,mixed_numeric
dcdd208c1251a23895ce9fa4.jpeg,848d77c2-5260-5ca7-90ca-fe77b78b7340,2024-11-02,10,10,0.29291,0.57301,83.2,5,0.29371,score_candidate
dcdd208c1251a23895ce9fa4.jpeg,848d77c2-5260-5ca7-90ca-fe77b78b7340,2024-11-02,10,10,0.61132,0.57301,89.6,12,0.6106,score_candidate
dcdd208c1251a23895ce9fa4.jpeg,848d77c2-5260-5ca7-90ca-fe77b78b7340,2024-11-02,10,10,0.92848,0.57301,79.3,17,0.92263,score_candidate
fb5e4df1fc4b6645824f1776.jpg,9e4f6c71-fc06-5b50-9387-b6eda389f2b6,2024-01-13,10,10,0.29415,0.48454,80.8,5,0.29371,score_candidate
fb5e4df1fc4b6645824f1776.jpg,9e4f6c71-fc06-5b50-9387-b6eda389f2b6,2024-01-13,9,9,0.38868,0.48454,83.3,6,0.38804,mixed_numeric
fb5e4df1fc4b6645824f1776.jpg,9e4f6c71-fc06-5b50-9387-b6eda389f2b6,2024-01-13,1,1,0.49876,0.48557,96.6,9,0.4989,round_label_candidate
fb5e4df1fc4b6645824f1776.jpg,9e4f6c71-fc06-5b50-9387-b6eda389f2b6,2024-01-13,0,0,0.61007,0.48454,84.2,12,0.6106,score_candidate
fb5e4df1fc4b6645824f1776.jpg,9e4f6c71-fc06-5b50-9387-b6eda389f2b6,2024-01-13,9,9,0.70522,0.48454,71.8,13,0.70659,score_candidate
fb5e4df1fc4b6645824f1776.jpg,9e4f6c71-fc06-5b50-9387-b6eda389f2b6,2024-01-13,10,10,0.926,0.48454,90.9,17,0.92263,score_candidate
fb5e4df1fc4b6645824f1776.jpg,9e4f6c71-fc06-5b50-9387-b6eda389f2b6,2024-01-13,0,0,0.07276,0.53608,77.5,1,0.07293,mixed_numeric
fb5e4df1fc4b6645824f1776.jpg,9e4f6c71-fc06-5b50-9387-b6eda389f2b6,2024-01-13,9,9,0.29353,0.53608,44.9,5,0.29371,score_candidate
fb5e4df1fc4b6645824f1776.jpg,9e4f6c71-fc06-5b50-9387-b6eda389f2b6,2024-01-13,10,10,0.38868,0.53608,71.0,6,0.38804,mixed_numeric
fb5e4df1fc4b6645824f1776.jpg,9e4f6c71-fc06-5b50-9387-b6eda389f2b6,2024-01-13,2,2,0.49938,0.53608,97.0,9,0.4989,round_label_candidate
fb5e4df1fc4b6645824f1776.jpg,9e4f6c71-fc06-5b50-9387-b6eda389f2b6,2024-01-13,3,3,0.60945,0.53608,60.3,12,0.6106,score_candidate
fb5e4df1fc4b6645824f1776.jpg,9e4f6c71-fc06-5b50-9387-b6eda389f2b6,2024-01-13,10,10,0.70522,0.53608,90.2,13,0.70659,score_candidate
fb5e4df1fc4b6645824f1776.jpg,9e4f6c71-fc06-5b50-9387-b6eda389f2b6,2024-01-13,2,2,0.81468,0.53608,92.3,16,0.81757,round_label_candidate
fb5e4df1fc4b6645824f1776.jpg,9e4f6c71-fc06-5b50-9387-b6eda389f2b6,2024-01-13,9,9,0.92537,0.53608,46.8,17,0.92263,score_candidate
fb5e4df1fc4b6645824f1776.jpg,9e4f6c71-fc06-5b50-9387-b6eda389f2b6,2024-01-13,10,10,0.29415,0.58557,91.0,5,0.29371,score_candidate
fb5e4df1fc4b6645824f1776.jpg,9e4f6c71-fc06-5b50-9387-b6eda389f2b6,2024-01-13,3,3,0.38868,0.58557,84.9,6,0.38804,mixed_numeric
fb5e4df1fc4b6645824f1776.jpg,9e4f6c71-fc06-5b50-9387-b6eda389f2b6,2024-01-13,3,3,0.49938,0.58557,96.4,9,0.4989,round_label_candidate
fb5e4df1fc4b6645824f1776.jpg,9e4f6c71-fc06-5b50-9387-b6eda389f2b6,2024-01-13,0,0,0.61007,0.58557,81.6,12,0.6106,score_candidate
fb5e4df1fc4b6645824f1776.jpg,9e4f6c71-fc06-5b50-9387-b6eda389f2b6,2024-01-13,3,3,0.70522,0.58557,69.5,13,0.70659,score_candidate
fb5e4df1fc4b6645824f1776.jpg,9e4f6c71-fc06-5b50-9387-b6eda389f2b6,2024-01-13,3,3,0.8153,0.58557,96.6,16,0.81757,round_label_candidate
fb5e4df1fc4b6645824f1776.jpg,9e4f6c71-fc06-5b50-9387-b6eda389f2b6,2024-01-13,10,10,0.926,0.58557,93.3,17,0.92263,score_candidate
fb5e4df1fc4b6645824f1776.jpg,9e4f6c71-fc06-5b50-9387-b6eda389f2b6,2024-01-13,2,2,0.89552,0.63505,57.2,17,0.92263,score_candidate
