archive_key,fight_id,event_date,judge_band_y,whole_line_candidate,judge_block,psm7_text,psm11_text,agreement_ratio,candidate_judge_name,block_status
1026775bbe489e7050fa4312.jpg,3e507082-4f24-54a2-b000-64cbc6cf7f14,2020-09-19,0.6268,JUNICHIRO KAMIJO DAVE HAGEN ‘SAL D'AMATO,1,JUNICHIRO KAMIJO,JUNICHIRO KAMIJO,1.0,JUNICHIRO KAMIJO,dual_ocr_consensus
1026775bbe489e7050fa4312.jpg,3e507082-4f24-54a2-b000-64cbc6cf7f14,2020-09-19,0.6268,JUNICHIRO KAMIJO DAVE HAGEN ‘SAL D'AMATO,2,DAVE HAGEN,DAVE HAGEN,1.0,DAVE HAGEN,dual_ocr_consensus
1026775bbe489e7050fa4312.jpg,3e507082-4f24-54a2-b000-64cbc6cf7f14,2020-09-19,0.6268,JUNICHIRO KAMIJO DAVE HAGEN ‘SAL D'AMATO,3,SAL 'AMATO,SAL 'AMATO,1.0,SAL AMATO,dual_ocr_consensus
13e2e75c0bf52ea10abedd20.jpg,27d9ad46-0045-501c-92cb-decdceac2328,2020-12-05,0.7144,DEREK CLEARY ‘SAL D'AMATO JUNICHIRO KAMIJO.,1,DEREK CLEARY,DEREK CLEARY,1.0,DEREK CLEARY,dual_ocr_consensus
13e2e75c0bf52ea10abedd20.jpg,27d9ad46-0045-501c-92cb-decdceac2328,2020-12-05,0.7144,DEREK CLEARY ‘SAL D'AMATO JUNICHIRO KAMIJO.,2,SAL D'AMATO,SAL D'AMATO,1.0,SAL D'AMATO,dual_ocr_consensus
13e2e75c0bf52ea10abedd20.jpg,27d9ad46-0045-501c-92cb-decdceac2328,2020-12-05,0.7144,DEREK CLEARY ‘SAL D'AMATO JUNICHIRO KAMIJO.,3,JUNICHIRO KAMIJO,JUNICHIRO KAMIJO,1.0,JUNICHIRO KAMIJO,dual_ocr_consensus
18838c0941537e45b0418131.jpeg,0c0e9975-532f-5b6c-8c9f-0020149a98c3,2023-11-04,0.6259,ALESSANDRO VIEIRA ‘SAL D'AMATO HALLISON PONTES,1,ALESSANDRO VIEIRA,ALESSANDRO VIEIRA,1.0,ALESSANDRO VIEIRA,dual_ocr_consensus
18838c0941537e45b0418131.jpeg,0c0e9975-532f-5b6c-8c9f-0020149a98c3,2023-11-04,0.6259,ALESSANDRO VIEIRA ‘SAL D'AMATO HALLISON PONTES,2,SAL D'AMATO,SAL D'AMATO,1.0,SAL D'AMATO,dual_ocr_consensus
18838c0941537e45b0418131.jpeg,0c0e9975-532f-5b6c-8c9f-0020149a98c3,2023-11-04,0.6259,ALESSANDRO VIEIRA ‘SAL D'AMATO HALLISON PONTES,3,HALLISON PONTES,HALLISON PONTES,1.0,HALLISON PONTES,dual_ocr_consensus
1e3811380574d61624efbf81.jpg,dedf4087-58a0-50e5-8665-9f53814e4408,2022-11-19,0.6268,‘SAL D'AMATO JUNICHIRO KAMIO ANTHONY MANESS,1,SAL D'AMATO,SAL D'AMATO,1.0,SAL D'AMATO,dual_ocr_consensus
1e3811380574d61624efbf81.jpg,dedf4087-58a0-50e5-8665-9f53814e4408,2022-11-19,0.6268,‘SAL D'AMATO JUNICHIRO KAMIO ANTHONY MANESS,2,JUNICHIRG KAMIJO,JUNICHIRG KAMIJO,1.0,JUNICHIRG KAMIJO,dual_ocr_consensus
1e3811380574d61624efbf81.jpg,dedf4087-58a0-50e5-8665-9f53814e4408,2022-11-19,0.6268,‘SAL D'AMATO JUNICHIRO KAMIO ANTHONY MANESS,3,ANTHONY MANESS,ANTHONY MANESS,1.0,ANTHONY MANESS,dual_ocr_consensus
25a5ba9622b44c65201eddd3.jpg,fc78fad0-38f4-550b-81db-3317be63de63,2021-05-01,0.7344,MIKE BELL ERIC COLON ‘SAL D'AMATO,1,MIKE BELL,MIKE BELL,1.0,MIKE BELL,dual_ocr_consensus
25a5ba9622b44c65201eddd3.jpg,fc78fad0-38f4-550b-81db-3317be63de63,2021-05-01,0.7344,MIKE BELL ERIC COLON ‘SAL D'AMATO,2,ERIC COLON,ERIC COLON,1.0,ERIC COLON,dual_ocr_consensus
25a5ba9622b44c65201eddd3.jpg,fc78fad0-38f4-550b-81db-3317be63de63,2021-05-01,0.7344,MIKE BELL ERIC COLON ‘SAL D'AMATO,3,SAL D'AMATO,SAL D'AMATO,1.0,SAL D'AMATO,dual_ocr_consensus
29068699e683cf1f5aea0f00.jpg,60933b47-b68c-55f3-9573-73db7f9a146a,2021-06-26,0.6259,RON MCCARTHY RICK WINTER MIKE BELL,1,RON MCCARTHY,RON MCCARTHY,1.0,RON MCCARTHY,dual_ocr_consensus
29068699e683cf1f5aea0f00.jpg,60933b47-b68c-55f3-9573-73db7f9a146a,2021-06-26,0.6259,RON MCCARTHY RICK WINTER MIKE BELL,2,RICK WINTER,RICK WINTER,1.0,RICK WINTER,dual_ocr_consensus
29068699e683cf1f5aea0f00.jpg,60933b47-b68c-55f3-9573-73db7f9a146a,2021-06-26,0.6259,RON MCCARTHY RICK WINTER MIKE BELL,3,MIKE BELL,MIKE BELL,1.0,MIKE BELL,dual_ocr_consensus
2c01cf1021e3b14e7e8f996f.jpg,466b5bcb-36aa-591e-8c5f-cd2f09662bba,2022-01-22,0.7139,RON MCCARTHY ‘SAL D'AMATO DEREK CLEARY,1,RON MCCARTHY,RON MCCARTHY,1.0,RON MCCARTHY,dual_ocr_consensus
2c01cf1021e3b14e7e8f996f.jpg,466b5bcb-36aa-591e-8c5f-cd2f09662bba,2022-01-22,0.7139,RON MCCARTHY ‘SAL D'AMATO DEREK CLEARY,2,SAL D'AMATO,SALD'AMATO,0.0,,psm7_only
2c01cf1021e3b14e7e8f996f.jpg,466b5bcb-36aa-591e-8c5f-cd2f09662bba,2022-01-22,0.7139,RON MCCARTHY ‘SAL D'AMATO DEREK CLEARY,3,DEREK CLEARY,DEREK CLEARY,1.0,DEREK CLEARY,dual_ocr_consensus
2cfa5ce47177b9e8f94b12f9.png,aee57144-60b9-5882-92cc-c03e446eaf92,2024-12-14,0.7518,ERIC COLON TROY WINCAPAW CHRIS LEE,1,ERICCOLON,ERIC COLON,0.0,,psm11_only
2cfa5ce47177b9e8f94b12f9.png,aee57144-60b9-5882-92cc-c03e446eaf92,2024-12-14,0.7518,ERIC COLON TROY WINCAPAW CHRIS LEE,2,TROY WINCAPAW,TROY WINCAPAW,1.0,TROY WINCAPAW,dual_ocr_consensus
2cfa5ce47177b9e8f94b12f9.png,aee57144-60b9-5882-92cc-c03e446eaf92,2024-12-14,0.7518,ERIC COLON TROY WINCAPAW CHRIS LEE,3,,CHRIS LEE,0.0,,psm11_only
2dd09ac29e38b7bf9913f290.png,c5d1dd7e-f8e1-5244-9b81-9d8b8749a4af,2024-08-24,0.6293,ADALAIDE BYRD ERIC COLON JUNICHIRO KAMIJO,1,ADALAIDE BYRD,ADALAIDE BYRD,1.0,ADALAIDE BYRD,dual_ocr_consensus
2dd09ac29e38b7bf9913f290.png,c5d1dd7e-f8e1-5244-9b81-9d8b8749a4af,2024-08-24,0.6293,ADALAIDE BYRD ERIC COLON JUNICHIRO KAMIJO,2,ERIC COLON,ERIC COLON,1.0,ERIC COLON,dual_ocr_consensus
2dd09ac29e38b7bf9913f290.png,c5d1dd7e-f8e1-5244-9b81-9d8b8749a4af,2024-08-24,0.6293,ADALAIDE BYRD ERIC COLON JUNICHIRO KAMIJO,3,JUNICHIRO KAMIIO,JUNICHIRO KAMIJO,0.9375,JUNICHIRO KAMIIO,dual_ocr_consensus
2f8cb42409f980b4d8ff97ca.png,22807da9-ffc6-511c-bcbb-b21ed6b336f6,2025-02-01,0.6259,BEN CARTLIDGE ‘SAL D'AMATO TONY WEEKS:,1,BEN CARTLIDGE,BEN CARTLIDGE,1.0,BEN CARTLIDGE,dual_ocr_consensus
2f8cb42409f980b4d8ff97ca.png,22807da9-ffc6-511c-bcbb-b21ed6b336f6,2025-02-01,0.6259,BEN CARTLIDGE ‘SAL D'AMATO TONY WEEKS:,2,,,0.0,,unresolved
2f8cb42409f980b4d8ff97ca.png,22807da9-ffc6-511c-bcbb-b21ed6b336f6,2025-02-01,0.6259,BEN CARTLIDGE ‘SAL D'AMATO TONY WEEKS:,3,,,0.0,,unresolved
49f3dba129524e0a51115ad8.jpg,ad8e5ac3-49dc-5721-b391-769a531ec42f,2023-06-10,0.6273,SAL D'AMATO JERIN VALEL JAKE MAXIM,1,SAL D'AMATO,SAL D'AMATO,1.0,SAL D'AMATO,dual_ocr_consensus
49f3dba129524e0a51115ad8.jpg,ad8e5ac3-49dc-5721-b391-769a531ec42f,2023-06-10,0.6273,SAL D'AMATO JERIN VALEL JAKE MAXIM,2,JERIN VALEL,JERIN VALEL,1.0,JERIN VALEL,dual_ocr_consensus
49f3dba129524e0a51115ad8.jpg,ad8e5ac3-49dc-5721-b391-769a531ec42f,2023-06-10,0.6273,SAL D'AMATO JERIN VALEL JAKE MAXIM,3,JAKE MAXIM,JAKE MAXIM,1.0,JAKE MAXIM,dual_ocr_consensus
4ba4818507d086def6232e91.jpeg,c0aeea6e-2948-5340-8f96-25fd24019f14,2022-06-18,0.6271,‘SAL D'AMATO DOUG CROSBY JON SCHORLE,1,,,0.0,,unresolved
4ba4818507d086def6232e91.jpeg,c0aeea6e-2948-5340-8f96-25fd24019f14,2022-06-18,0.6271,‘SAL D'AMATO DOUG CROSBY JON SCHORLE,2,POUCCROSSY,DOUG CROSBY,0.0,,psm11_only
4ba4818507d086def6232e91.jpeg,c0aeea6e-2948-5340-8f96-25fd24019f14,2022-06-18,0.6271,‘SAL D'AMATO DOUG CROSBY JON SCHORLE,3,JON SCHORLE,JON SCHORLE,1.0,JON SCHORLE,dual_ocr_consensus
51f0aa9b277c04ebd208fde6.jpeg,cb8b5682-f69b-53f1-8716-fb8e88eb0b7f,2021-12-18,0.6268,MIKE BELL ‘ADALAIDE BYRD JUNICHIRO KAMIJO,1,MIKE BELL,MIKE BELL,1.0,MIKE BELL,dual_ocr_consensus
51f0aa9b277c04ebd208fde6.jpeg,cb8b5682-f69b-53f1-8716-fb8e88eb0b7f,2021-12-18,0.6268,MIKE BELL ‘ADALAIDE BYRD JUNICHIRO KAMIJO,2,ADALAIDE E BYRD,ADALAIDE E BYRD,1.0,ADALAIDE E BYRD,dual_ocr_consensus
51f0aa9b277c04ebd208fde6.jpeg,cb8b5682-f69b-53f1-8716-fb8e88eb0b7f,2021-12-18,0.6268,MIKE BELL ‘ADALAIDE BYRD JUNICHIRO KAMIJO,3,JUNICHIRO KAMIJO,JUNICHIRO KAMIJO,1.0,JUNICHIRO KAMIJO,dual_ocr_consensus
5884ab5a5e8366c7a80093db.jpg,0a7b981a-a885-5166-9647-e1752da506ba,2023-03-04,0.6264,ADALAIDE BYRD BEN CARTLIDGE DEREK CLEARY,1,ADALAIDE BYRD,ADALAIDE BYRD,1.0,ADALAIDE BYRD,dual_ocr_consensus
5884ab5a5e8366c7a80093db.jpg,0a7b981a-a885-5166-9647-e1752da506ba,2023-03-04,0.6264,ADALAIDE BYRD BEN CARTLIDGE DEREK CLEARY,2,BEN CARTLIDGE,BEN CARTLIDGE,1.0,BEN CARTLIDGE,dual_ocr_consensus
5884ab5a5e8366c7a80093db.jpg,0a7b981a-a885-5166-9647-e1752da506ba,2023-03-04,0.6264,ADALAIDE BYRD BEN CARTLIDGE DEREK CLEARY,3,DEREK CLEARY,DEREK CLEARY,1.0,DEREK CLEARY,dual_ocr_consensus
59c4640966c37c1ac24fbd8a.png,2445f7d8-7ed3-54ac-a84e-6db58824ccff,2025-10-25,0.7526,BEN CARTLIDGE TONY WEEKS CLEMENS WERNER,1,BEN CARTLIDGE,BEN CARTLIDGE,1.0,BEN CARTLIDGE,dual_ocr_consensus
59c4640966c37c1ac24fbd8a.png,2445f7d8-7ed3-54ac-a84e-6db58824ccff,2025-10-25,0.7526,BEN CARTLIDGE TONY WEEKS CLEMENS WERNER,2,TONY WEEKS,TONY WEEKS,1.0,TONY WEEKS,dual_ocr_consensus
59c4640966c37c1ac24fbd8a.png,2445f7d8-7ed3-54ac-a84e-6db58824ccff,2025-10-25,0.7526,BEN CARTLIDGE TONY WEEKS CLEMENS WERNER,3,CLEMENS WERNER,CLEMENS WERNER,1.0,CLEMENS WERNER,dual_ocr_consensus
59db1e1e3a035e4f07d75960.jpg,fd9f7bae-3ea9-57f4-b939-3976c1223a25,2022-03-05,0.7137,MIKE BELL CHRIS LEE RON MCCARTHY,1,MIKE BELL,MIKE BELL,1.0,MIKE BELL,dual_ocr_consensus
59db1e1e3a035e4f07d75960.jpg,fd9f7bae-3ea9-57f4-b939-3976c1223a25,2022-03-05,0.7137,MIKE BELL CHRIS LEE RON MCCARTHY,2,CHRIS LEE,CHRIS LEE,1.0,CHRIS LEE,dual_ocr_consensus
59db1e1e3a035e4f07d75960.jpg,fd9f7bae-3ea9-57f4-b939-3976c1223a25,2022-03-05,0.7137,MIKE BELL CHRIS LEE RON MCCARTHY,3,,,0.0,,unresolved
5e3480ff1fc0544c5c9fc452.png,a7f67273-4fc2-59a5-854b-015916c65462,2024-12-07,0.7206,MIKE BELL RON MCCARTHY TONY WEEKS,1,MIKEBELL,MIKE BELL,0.0,,psm11_only
5e3480ff1fc0544c5c9fc452.png,a7f67273-4fc2-59a5-854b-015916c65462,2024-12-07,0.7206,MIKE BELL RON MCCARTHY TONY WEEKS,2,RON MCCARTHY,RON MCCARTHY,1.0,RON MCCARTHY,dual_ocr_consensus
5e3480ff1fc0544c5c9fc452.png,a7f67273-4fc2-59a5-854b-015916c65462,2024-12-07,0.7206,MIKE BELL RON MCCARTHY TONY WEEKS,3,TONY WEEKS,TONY WEEKS,1.0,TONY WEEKS,dual_ocr_consensus
64660568ded28012ae710c2e.jpg,1b3d5929-e188-5d42-bf6a-12648de6f530,2020-11-07,0.6259,ERIC COLON CHRIS LEE RON MCCARTHY,1,ERIC COLON,ERIC COLON,1.0,ERIC COLON,dual_ocr_consensus
64660568ded28012ae710c2e.jpg,1b3d5929-e188-5d42-bf6a-12648de6f530,2020-11-07,0.6259,ERIC COLON CHRIS LEE RON MCCARTHY,2,CHRIS LEE,CHRIS LEE,1.0,CHRIS LEE,dual_ocr_consensus
64660568ded28012ae710c2e.jpg,1b3d5929-e188-5d42-bf6a-12648de6f530,2020-11-07,0.6259,ERIC COLON CHRIS LEE RON MCCARTHY,3,RON MCCARTHY,RON MCCARTHY,1.0,RON MCCARTHY,dual_ocr_consensus
646a7d19128b6d555f1d7a44.jpg,49329e8c-d3b6-5d73-927b-50363d6b8e4d,2022-02-12,0.6259,DAN MIRAGLIOTTA DOUG CROSBY PATRICK PATLAN,1,DAN MIRAGLIOTTA,DAN MIRAGLIOTTA,1.0,DAN MIRAGLIOTTA,dual_ocr_consensus
646a7d19128b6d555f1d7a44.jpg,49329e8c-d3b6-5d73-927b-50363d6b8e4d,2022-02-12,0.6259,DAN MIRAGLIOTTA DOUG CROSBY PATRICK PATLAN,2,DOUG CROSBY,POUCEROSEY,0.0,,psm7_only
646a7d19128b6d555f1d7a44.jpg,49329e8c-d3b6-5d73-927b-50363d6b8e4d,2022-02-12,0.6259,DAN MIRAGLIOTTA DOUG CROSBY PATRICK PATLAN,3,PATRICK PATLAN,PATRICK PATLAN,1.0,PATRICK PATLAN,dual_ocr_consensus
6593264dde505f85e87895db.jpg,ddc84dec-2fc9-5606-9994-c39abc600b53,2022-03-19,0.6273,BEN CARTLIDGE AHMED KORCHI CLEMENS WERNER,1,BEN CARTLIDGE,BEN CARTLIDGE,1.0,BEN CARTLIDGE,dual_ocr_consensus
6593264dde505f85e87895db.jpg,ddc84dec-2fc9-5606-9994-c39abc600b53,2022-03-19,0.6273,BEN CARTLIDGE AHMED KORCHI CLEMENS WERNER,2,ARMEDKORCHH,ARMEDKORCHH,0.0,,unresolved
6593264dde505f85e87895db.jpg,ddc84dec-2fc9-5606-9994-c39abc600b53,2022-03-19,0.6273,BEN CARTLIDGE AHMED KORCHI CLEMENS WERNER,3,CLEMENS WERNER,CLEMENSWERNER,0.0,,psm7_only
6c94dc8a8a1579a5d8a9fded.jpg,49329e8c-d3b6-5d73-927b-50363d6b8e4d,2022-02-12,0.6259,DAN MIRAGLIOTTA DOUG CROSBY PATRICK PATLAN,1,DAN MIRAGLIOTTA,DAN MIRAGLIOTTA,1.0,DAN MIRAGLIOTTA,dual_ocr_consensus
6c94dc8a8a1579a5d8a9fded.jpg,49329e8c-d3b6-5d73-927b-50363d6b8e4d,2022-02-12,0.6259,DAN MIRAGLIOTTA DOUG CROSBY PATRICK PATLAN,2,DOUG CROSBY,POUCEROSEY,0.0,,psm7_only
6c94dc8a8a1579a5d8a9fded.jpg,49329e8c-d3b6-5d73-927b-50363d6b8e4d,2022-02-12,0.6259,DAN MIRAGLIOTTA DOUG CROSBY PATRICK PATLAN,3,PATRICK PATLAN,PATRICK PATLAN,1.0,PATRICK PATLAN,dual_ocr_consensus
70588e32981457905a7a877a.jpg,f752c632-17f3-548b-ad17-83682cb3c8e7,2021-09-04,0.6271,MIKE BELL DAVE HAGEN JUNICHIRO KAMIO,1,MIKE BELL,MIKE BELL,1.0,MIKE BELL,dual_ocr_consensus
70588e32981457905a7a877a.jpg,f752c632-17f3-548b-ad17-83682cb3c8e7,2021-09-04,0.6271,MIKE BELL DAVE HAGEN JUNICHIRO KAMIO,2,DAVE HAGEN,DAVE HAGEN,1.0,DAVE HAGEN,dual_ocr_consensus
70588e32981457905a7a877a.jpg,f752c632-17f3-548b-ad17-83682cb3c8e7,2021-09-04,0.6271,MIKE BELL DAVE HAGEN JUNICHIRO KAMIO,3,JUNICHIRO KAMIJO,JUNICHIRO KAMIJO,1.0,JUNICHIRO KAMIJO,dual_ocr_consensus
811779f24f4f8a8d573f03e1.jpg,fd07acac-7e1c-52c6-902b-94ba171be297,2020-12-19,0.6262,MIKE BELL ERIC COLON CHRIS LEE,1,MIKE BELL,MIKE BELL,1.0,MIKE BELL,dual_ocr_consensus
811779f24f4f8a8d573f03e1.jpg,fd07acac-7e1c-52c6-902b-94ba171be297,2020-12-19,0.6262,MIKE BELL ERIC COLON CHRIS LEE,2,ERIC COLON,ERIC COLON,1.0,ERIC COLON,dual_ocr_consensus
811779f24f4f8a8d573f03e1.jpg,fd07acac-7e1c-52c6-902b-94ba171be297,2020-12-19,0.6262,MIKE BELL ERIC COLON CHRIS LEE,3,CHRIS LEE,CHRIS LEE,1.0,CHRIS LEE,dual_ocr_consensus
9becba4ecd2e06da6445c0b6.jpeg,848d77c2-5260-5ca7-90ca-fe77b78b7340,2024-11-02,0.7179,DEREK CLEARY JUNICHIRO KAMIJO ZIAD HARB,1,DEREK CLEARY,DEREK CLEARY,1.0,DEREK CLEARY,dual_ocr_consensus
9becba4ecd2e06da6445c0b6.jpeg,848d77c2-5260-5ca7-90ca-fe77b78b7340,2024-11-02,0.7179,DEREK CLEARY JUNICHIRO KAMIJO ZIAD HARB,2,JUNICHIRO KAMIJO,JUNICHIRO KAMIJO,1.0,JUNICHIRO KAMIJO,dual_ocr_consensus
9becba4ecd2e06da6445c0b6.jpeg,848d77c2-5260-5ca7-90ca-fe77b78b7340,2024-11-02,0.7179,DEREK CLEARY JUNICHIRO KAMIJO ZIAD HARB,3,ZIAD HARB,ZIAD HARB,1.0,ZIAD HARB,dual_ocr_consensus
9daaa8708ca5c13fd79acf83.jpg,06af82bb-e57d-5022-b418-e45828e745df,2020-08-22,0.6261,MICHAEL BELL RON MCCARTHY ANTHONY MANESS,1,MICHAEL BELL,MICHAEL BELL,1.0,MICHAEL BELL,dual_ocr_consensus
9daaa8708ca5c13fd79acf83.jpg,06af82bb-e57d-5022-b418-e45828e745df,2020-08-22,0.6261,MICHAEL BELL RON MCCARTHY ANTHONY MANESS,2,RON MCCARTHY,RON MCCARTHY,1.0,RON MCCARTHY,dual_ocr_consensus
9daaa8708ca5c13fd79acf83.jpg,06af82bb-e57d-5022-b418-e45828e745df,2020-08-22,0.6261,MICHAEL BELL RON MCCARTHY ANTHONY MANESS,3,ANTHONY MANESS,ANTHONY MANESS,1.0,ANTHONY MANESS,dual_ocr_consensus
9e786a668e752cb2c55bb9ce.jpg,6fed5e94-8e25-56b2-a69f-1c3f50420ce6,2021-03-13,0.6259,DAVE HAGEN CHRIS LEE BRYAN MINER,1,DAVE HAGEN,DAVE HAGEN,1.0,DAVE HAGEN,dual_ocr_consensus
9e786a668e752cb2c55bb9ce.jpg,6fed5e94-8e25-56b2-a69f-1c3f50420ce6,2021-03-13,0.6259,DAVE HAGEN CHRIS LEE BRYAN MINER,2,CHRIS LEE,CHRIS LEE,1.0,CHRIS LEE,dual_ocr_consensus
9e786a668e752cb2c55bb9ce.jpg,6fed5e94-8e25-56b2-a69f-1c3f50420ce6,2021-03-13,0.6259,DAVE HAGEN CHRIS LEE BRYAN MINER,3,BRYAN MINER,BRYAN MINER,1.0,BRYAN MINER,dual_ocr_consensus
a25470e42117c314824f288e.png,529cbbf2-1d9f-5392-85d0-8759b4083e25,2026-05-30,0.7454,EVAN FIELD DAVID LETHABY CEZAR WO|CIECHOWSKI,1,EVAN FIELD,EVAN FIELD,1.0,EVAN FIELD,dual_ocr_consensus
a25470e42117c314824f288e.png,529cbbf2-1d9f-5392-85d0-8759b4083e25,2026-05-30,0.7454,EVAN FIELD DAVID LETHABY CEZAR WO|CIECHOWSKI,2,DAVID LETHABY,DAVID LETHABY,1.0,DAVID LETHABY,dual_ocr_consensus
a25470e42117c314824f288e.png,529cbbf2-1d9f-5392-85d0-8759b4083e25,2026-05-30,0.7454,EVAN FIELD DAVID LETHABY CEZAR WO|CIECHOWSKI,3,CEZAR WOJCIECHOWSKI,CEZAR WO CIECHOWSKI,0.94737,CEZAR WOJCIECHOWSKI,dual_ocr_consensus
a816b0420d7f3aba8350be89.jpg,7d5bd54a-2e8f-5e8c-96c2-b245dd10f8d6,2025-12-13,0.7546,JUNICHIRO KAMIJO DAVID SUTHERLAND TONY WEEKS,1,JUNICHIROKAMIO,JUNICHIRO KAMIJO,0.0,,psm11_only
a816b0420d7f3aba8350be89.jpg,7d5bd54a-2e8f-5e8c-96c2-b245dd10f8d6,2025-12-13,0.7546,JUNICHIRO KAMIJO DAVID SUTHERLAND TONY WEEKS,2,- DAVIDSUTHERLAND,DAVID SUTHERLAND,0.0,,psm11_only
a816b0420d7f3aba8350be89.jpg,7d5bd54a-2e8f-5e8c-96c2-b245dd10f8d6,2025-12-13,0.7546,JUNICHIRO KAMIJO DAVID SUTHERLAND TONY WEEKS,3,TONY WEEKS,TONY WEEKS,1.0,TONY WEEKS,dual_ocr_consensus
b3a95d04d912600278cc4860.jpg,72677782-6338-51f2-bc73-0bea8595b6b6,2026-01-24,0.6259,BEN CARTLIDGE RON MCCARTHY ‘TONY WEEKS,1,BEN CARTLIDGE,BEN CARTLIDGE,1.0,BEN CARTLIDGE,dual_ocr_consensus
b3a95d04d912600278cc4860.jpg,72677782-6338-51f2-bc73-0bea8595b6b6,2026-01-24,0.6259,BEN CARTLIDGE RON MCCARTHY ‘TONY WEEKS,2,RON MCCARTHY,RON MCCARTHY,1.0,RON MCCARTHY,dual_ocr_consensus
b3a95d04d912600278cc4860.jpg,72677782-6338-51f2-bc73-0bea8595b6b6,2026-01-24,0.6259,BEN CARTLIDGE RON MCCARTHY ‘TONY WEEKS,3,TONY WEEKS,TONY WEEKS,1.0,TONY WEEKS,dual_ocr_consensus
b95eaa924e0ee38e97438a0a.jpg,ddc84dec-2fc9-5606-9994-c39abc600b53,2022-03-19,0.6273,BEN CARTLIDGE AHMED KORCHI CLEMENS WERNER,1,BEN CARTLIDGE,BEN CARTLIDGE,1.0,BEN CARTLIDGE,dual_ocr_consensus
b95eaa924e0ee38e97438a0a.jpg,ddc84dec-2fc9-5606-9994-c39abc600b53,2022-03-19,0.6273,BEN CARTLIDGE AHMED KORCHI CLEMENS WERNER,2,ARMEDKORCHH,ARMEDKORCHH,0.0,,unresolved
b95eaa924e0ee38e97438a0a.jpg,ddc84dec-2fc9-5606-9994-c39abc600b53,2022-03-19,0.6273,BEN CARTLIDGE AHMED KORCHI CLEMENS WERNER,3,CLEMENS WERNER,CLEMENSWERNER,0.0,,psm7_only
bc3e0ad69dbaf423e4064f68.jpeg,3e50330b-30ed-50b1-98bd-69f854bf6bb8,2024-08-03,0.6273,BEN CARTLIDGE ‘VITO PAOLILLO CLEMENS WERNER,1,BEN CARTLIDGE,BEN CARTLIDGE,1.0,BEN CARTLIDGE,dual_ocr_consensus
bc3e0ad69dbaf423e4064f68.jpeg,3e50330b-30ed-50b1-98bd-69f854bf6bb8,2024-08-03,0.6273,BEN CARTLIDGE ‘VITO PAOLILLO CLEMENS WERNER,2,VITO PAOLILLO,VITO PAOLILLO,1.0,VITO PAOLILLO,dual_ocr_consensus
bc3e0ad69dbaf423e4064f68.jpeg,3e50330b-30ed-50b1-98bd-69f854bf6bb8,2024-08-03,0.6273,BEN CARTLIDGE ‘VITO PAOLILLO CLEMENS WERNER,3,CLEMENS WERNER,CLEMENS WERNER,1.0,CLEMENS WERNER,dual_ocr_consensus
ce532851e6fc5ae2a1f49c43.jpg,083fc692-d48b-58e7-bebe-3e6f9a5f1673,2020-10-17,0.6262,DAVID LETHABY DARRYL RANSOM VICTOR WOLF,1,DAVID LETHABY,DAVID LETHABY,1.0,DAVID LETHABY,dual_ocr_consensus
ce532851e6fc5ae2a1f49c43.jpg,083fc692-d48b-58e7-bebe-3e6f9a5f1673,2020-10-17,0.6262,DAVID LETHABY DARRYL RANSOM VICTOR WOLF,2,DARRYLRANSOM,DARRYLRANSOM,0.0,,unresolved
ce532851e6fc5ae2a1f49c43.jpg,083fc692-d48b-58e7-bebe-3e6f9a5f1673,2020-10-17,0.6262,DAVID LETHABY DARRYL RANSOM VICTOR WOLF,3,VICTOR WOLF,VICTOR WOLF,1.0,VICTOR WOLF,dual_ocr_consensus
cf96c44df235977fd68039ed.jpeg,4f246a07-3213-5dca-bc92-2fdf9f7c8de1,2023-07-29,0.6254,‘STEVE FARAGHER DAN FURSE DEREK CLEARY,1,STEVE FARAGHER,STEVE FARAGHER,1.0,STEVE FARAGHER,dual_ocr_consensus
cf96c44df235977fd68039ed.jpeg,4f246a07-3213-5dca-bc92-2fdf9f7c8de1,2023-07-29,0.6254,‘STEVE FARAGHER DAN FURSE DEREK CLEARY,2,,,0.0,,unresolved
cf96c44df235977fd68039ed.jpeg,4f246a07-3213-5dca-bc92-2fdf9f7c8de1,2023-07-29,0.6254,‘STEVE FARAGHER DAN FURSE DEREK CLEARY,3,DEREK CLEARY,DEREK CLEARY,1.0,DEREK CLEARY,dual_ocr_consensus
d80b35ed59b12d1fc51ae05b.jpg,90ea32aa-1709-5cd8-92a6-95da3d5a83fe,2025-03-01,0.6959,MIKE BELL ‘SAL D'AMATO CHRIS LEBEN,1,MIKE BELL,MIKE BELL,1.0,MIKE BELL,dual_ocr_consensus
d80b35ed59b12d1fc51ae05b.jpg,90ea32aa-1709-5cd8-92a6-95da3d5a83fe,2025-03-01,0.6959,MIKE BELL ‘SAL D'AMATO CHRIS LEBEN,2,SAL D'AMATO,SAL D'AMATO,1.0,SAL D'AMATO,dual_ocr_consensus
d80b35ed59b12d1fc51ae05b.jpg,90ea32aa-1709-5cd8-92a6-95da3d5a83fe,2025-03-01,0.6959,MIKE BELL ‘SAL D'AMATO CHRIS LEBEN,3,CHRIS LEBEN,CHRIS LEBEN,1.0,CHRIS LEBEN,dual_ocr_consensus
dcdd208c1251a23895ce9fa4.jpeg,848d77c2-5260-5ca7-90ca-fe77b78b7340,2024-11-02,0.7179,DEREK CLEARY JUNICHIRO KAMIJO ZIAD HARB,1,DEREK CLEARY,DEREK CLEARY,1.0,DEREK CLEARY,dual_ocr_consensus
dcdd208c1251a23895ce9fa4.jpeg,848d77c2-5260-5ca7-90ca-fe77b78b7340,2024-11-02,0.7179,DEREK CLEARY JUNICHIRO KAMIJO ZIAD HARB,2,JUNICHIRO KAMIJO,JUNICHIRO KAMIJO,1.0,JUNICHIRO KAMIJO,dual_ocr_consensus
dcdd208c1251a23895ce9fa4.jpeg,848d77c2-5260-5ca7-90ca-fe77b78b7340,2024-11-02,0.7179,DEREK CLEARY JUNICHIRO KAMIJO ZIAD HARB,3,ZIAD HARB,ZIAD HARB,1.0,ZIAD HARB,dual_ocr_consensus
e5acb26afb81d95e354cfe10.jpg,21d8a26c-89c9-5d94-830c-49c8b2547cc5,2026-04-11,0.7706,DEREK CLEARY CHRIS LEE ‘SAL D'AMATO,1,DEREK CLEARY,DEREK CLEARY,1.0,DEREK CLEARY,dual_ocr_consensus
e5acb26afb81d95e354cfe10.jpg,21d8a26c-89c9-5d94-830c-49c8b2547cc5,2026-04-11,0.7706,DEREK CLEARY CHRIS LEE ‘SAL D'AMATO,2,CHRIS LEE,CHRIS LEE,1.0,CHRIS LEE,dual_ocr_consensus
e5acb26afb81d95e354cfe10.jpg,21d8a26c-89c9-5d94-830c-49c8b2547cc5,2026-04-11,0.7706,DEREK CLEARY CHRIS LEE ‘SAL D'AMATO,3,SAL D'AMATO,SAL D'AMATO,1.0,SAL D'AMATO,dual_ocr_consensus
e7a9da8af62966073df3f1c7.jpeg,f3cda013-77af-5d45-8cf7-a1f2bdf1b78c,2022-04-16,0.6259,DEREK CLEARY ‘SAL D'AMATO TONY WEEKS:,1,SDEREK CLEARY,SDEREK CLEARY,1.0,SDEREK CLEARY,dual_ocr_consensus
e7a9da8af62966073df3f1c7.jpeg,f3cda013-77af-5d45-8cf7-a1f2bdf1b78c,2022-04-16,0.6259,DEREK CLEARY ‘SAL D'AMATO TONY WEEKS:,2,,,0.0,,unresolved
e7a9da8af62966073df3f1c7.jpeg,f3cda013-77af-5d45-8cf7-a1f2bdf1b78c,2022-04-16,0.6259,DEREK CLEARY ‘SAL D'AMATO TONY WEEKS:,3,TONY WEEKS,TONY WEEKS,1.0,TONY WEEKS,dual_ocr_consensus
fb5e4df1fc4b6645824f1776.jpg,9e4f6c71-fc06-5b50-9387-b6eda389f2b6,2024-01-13,0.7307,DEREK CLEARY ‘SAL D'AMATO CHRIS LEE,1,DEREK CLEARY,DEREK CLEARY,1.0,DEREK CLEARY,dual_ocr_consensus
fb5e4df1fc4b6645824f1776.jpg,9e4f6c71-fc06-5b50-9387-b6eda389f2b6,2024-01-13,0.7307,DEREK CLEARY ‘SAL D'AMATO CHRIS LEE,2,SAL D'AMATO,SAL D'AMATO,1.0,SAL D'AMATO,dual_ocr_consensus
fb5e4df1fc4b6645824f1776.jpg,9e4f6c71-fc06-5b50-9387-b6eda389f2b6,2024-01-13,0.7307,DEREK CLEARY ‘SAL D'AMATO CHRIS LEE,3,CHRIS LEE,CHRIS LEE,1.0,CHRIS LEE,dual_ocr_consensus
