archive_key,fight_id,event_date,horizontal_line_count,round,judge_block,source_side,x0,x1,y0,y1,variant_values,accepted_points,agreement_count,cell_status,pair_status,orientation_status
0ed1428a522b314a5c743d7c.jpeg,267042a6-3f21-5f8a-9da8-4dc4b6745213,2023-09-02,9,1,1,left,0.04353,0.10261,0.39349,0.43574,"[10,0,null,null]",,1,unresolved,pair_unresolved_or_atypical,supports_left_even_right_odd
0ed1428a522b314a5c743d7c.jpeg,267042a6-3f21-5f8a-9da8-4dc4b6745213,2023-09-02,9,1,1,right,0.26368,0.32525,0.39349,0.43574,"[null,9,null,9]",9,2,accepted_7_10_consensus,pair_unresolved_or_atypical,supports_left_even_right_odd
0ed1428a522b314a5c743d7c.jpeg,267042a6-3f21-5f8a-9da8-4dc4b6745213,2023-09-02,9,1,2,left,0.36007,0.41915,0.39349,0.43574,"[10,1,10,null]",10,2,accepted_7_10_consensus,pair_unresolved_or_atypical,supports_left_even_right_odd
0ed1428a522b314a5c743d7c.jpeg,267042a6-3f21-5f8a-9da8-4dc4b6745213,2023-09-02,9,1,2,right,0.5796,0.64117,0.39349,0.43574,"[null,9,null,3]",,1,unresolved,pair_unresolved_or_atypical,supports_left_even_right_odd
0ed1428a522b314a5c743d7c.jpeg,267042a6-3f21-5f8a-9da8-4dc4b6745213,2023-09-02,9,1,3,left,0.676,0.73507,0.39349,0.43574,"[10,10,10,null]",10,3,accepted_7_10_consensus,pair_unresolved_or_atypical,supports_left_even_right_odd
0ed1428a522b314a5c743d7c.jpeg,267042a6-3f21-5f8a-9da8-4dc4b6745213,2023-09-02,9,1,3,right,0.89552,0.95709,0.39349,0.43574,"[null,null,null,null]",,0,unresolved,pair_unresolved_or_atypical,supports_left_even_right_odd
0ed1428a522b314a5c743d7c.jpeg,267042a6-3f21-5f8a-9da8-4dc4b6745213,2023-09-02,9,2,1,left,0.04353,0.10261,0.43574,0.47975,"[null,10,null,null]",,1,unresolved,pair_unresolved_or_atypical,supports_left_even_right_odd
0ed1428a522b314a5c743d7c.jpeg,267042a6-3f21-5f8a-9da8-4dc4b6745213,2023-09-02,9,2,1,right,0.26368,0.32525,0.43574,0.47975,"[null,3,null,null]",,0,unresolved,pair_unresolved_or_atypical,supports_left_even_right_odd
0ed1428a522b314a5c743d7c.jpeg,267042a6-3f21-5f8a-9da8-4dc4b6745213,2023-09-02,9,2,2,left,0.36007,0.41915,0.43574,0.47975,"[10,10,10,1]",10,3,accepted_7_10_consensus,pair_unresolved_or_atypical,supports_left_even_right_odd
0ed1428a522b314a5c743d7c.jpeg,267042a6-3f21-5f8a-9da8-4dc4b6745213,2023-09-02,9,2,2,right,0.5796,0.64117,0.43574,0.47975,"[null,9,null,null]",,1,unresolved,pair_unresolved_or_atypical,supports_left_even_right_odd
0ed1428a522b314a5c743d7c.jpeg,267042a6-3f21-5f8a-9da8-4dc4b6745213,2023-09-02,9,2,3,left,0.676,0.73507,0.43574,0.47975,"[10,10,null,null]",10,2,accepted_7_10_consensus,pair_unresolved_or_atypical,supports_left_even_right_odd
0ed1428a522b314a5c743d7c.jpeg,267042a6-3f21-5f8a-9da8-4dc4b6745213,2023-09-02,9,2,3,right,0.89552,0.95709,0.43574,0.47975,"[null,9,null,3]",,1,unresolved,pair_unresolved_or_atypical,supports_left_even_right_odd
0ed1428a522b314a5c743d7c.jpeg,267042a6-3f21-5f8a-9da8-4dc4b6745213,2023-09-02,9,3,1,left,0.04353,0.10261,0.47975,0.52377,"[null,3,null,3]",,0,unresolved,pair_unresolved_or_atypical,supports_left_even_right_odd
0ed1428a522b314a5c743d7c.jpeg,267042a6-3f21-5f8a-9da8-4dc4b6745213,2023-09-02,9,3,1,right,0.26368,0.32525,0.47975,0.52377,"[10,10,10,10]",10,4,accepted_7_10_consensus,pair_unresolved_or_atypical,supports_left_even_right_odd
0ed1428a522b314a5c743d7c.jpeg,267042a6-3f21-5f8a-9da8-4dc4b6745213,2023-09-02,9,3,2,left,0.36007,0.41915,0.47975,0.52377,"[null,3,9,3]",,1,unresolved,pair_unresolved_or_atypical,supports_left_even_right_odd
0ed1428a522b314a5c743d7c.jpeg,267042a6-3f21-5f8a-9da8-4dc4b6745213,2023-09-02,9,3,2,right,0.5796,0.64117,0.47975,0.52377,"[10,10,1,1]",10,2,accepted_7_10_consensus,pair_unresolved_or_atypical,supports_left_even_right_odd
0ed1428a522b314a5c743d7c.jpeg,267042a6-3f21-5f8a-9da8-4dc4b6745213,2023-09-02,9,3,3,left,0.676,0.73507,0.47975,0.52377,"[10,10,null,null]",10,2,accepted_7_10_consensus,pair_unresolved_or_atypical,supports_left_even_right_odd
0ed1428a522b314a5c743d7c.jpeg,267042a6-3f21-5f8a-9da8-4dc4b6745213,2023-09-02,9,3,3,right,0.89552,0.95709,0.47975,0.52377,"[null,3,null,3]",,0,unresolved,pair_unresolved_or_atypical,supports_left_even_right_odd
1e3811380574d61624efbf81.jpg,dedf4087-58a0-50e5-8665-9f53814e4408,2022-11-19,9,1,1,left,0.04353,0.10199,0.39349,0.4375,"[1,null,null,null]",,0,unresolved,pair_unresolved_or_atypical,supports_left_even_right_odd
1e3811380574d61624efbf81.jpg,dedf4087-58a0-50e5-8665-9f53814e4408,2022-11-19,9,1,1,right,0.26368,0.32525,0.39349,0.4375,"[null,null,null,null]",,0,unresolved,pair_unresolved_or_atypical,supports_left_even_right_odd
1e3811380574d61624efbf81.jpg,dedf4087-58a0-50e5-8665-9f53814e4408,2022-11-19,9,1,2,left,0.36007,0.41915,0.39349,0.4375,"[null,null,null,1]",,0,unresolved,pair_unresolved_or_atypical,supports_left_even_right_odd
1e3811380574d61624efbf81.jpg,dedf4087-58a0-50e5-8665-9f53814e4408,2022-11-19,9,1,2,right,0.57836,0.63993,0.39349,0.4375,"[null,null,null,3]",,0,unresolved,pair_unresolved_or_atypical,supports_left_even_right_odd
1e3811380574d61624efbf81.jpg,dedf4087-58a0-50e5-8665-9f53814e4408,2022-11-19,9,1,3,left,0.67475,0.73507,0.39349,0.4375,"[null,null,null,null]",,0,unresolved,pair_unresolved_or_atypical,supports_left_even_right_odd
1e3811380574d61624efbf81.jpg,dedf4087-58a0-50e5-8665-9f53814e4408,2022-11-19,9,1,3,right,0.89428,0.95647,0.39349,0.4375,"[null,1,1,null]",,0,unresolved,pair_unresolved_or_atypical,supports_left_even_right_odd
1e3811380574d61624efbf81.jpg,dedf4087-58a0-50e5-8665-9f53814e4408,2022-11-19,9,2,1,left,0.04353,0.10199,0.4375,0.48151,"[null,3,null,null]",,0,unresolved,pair_unresolved_or_atypical,supports_left_even_right_odd
1e3811380574d61624efbf81.jpg,dedf4087-58a0-50e5-8665-9f53814e4408,2022-11-19,9,2,1,right,0.26368,0.32525,0.4375,0.48151,"[10,10,10,10]",10,4,accepted_7_10_consensus,pair_unresolved_or_atypical,supports_left_even_right_odd
1e3811380574d61624efbf81.jpg,dedf4087-58a0-50e5-8665-9f53814e4408,2022-11-19,9,2,2,left,0.36007,0.41915,0.4375,0.48151,"[null,3,null,null]",,0,unresolved,pair_unresolved_or_atypical,supports_left_even_right_odd
1e3811380574d61624efbf81.jpg,dedf4087-58a0-50e5-8665-9f53814e4408,2022-11-19,9,2,2,right,0.57836,0.63993,0.4375,0.48151,"[10,10,10,null]",10,3,accepted_7_10_consensus,pair_unresolved_or_atypical,supports_left_even_right_odd
1e3811380574d61624efbf81.jpg,dedf4087-58a0-50e5-8665-9f53814e4408,2022-11-19,9,2,3,left,0.67475,0.73507,0.4375,0.48151,"[null,9,null,3]",,1,unresolved,pair_unresolved_or_atypical,supports_left_even_right_odd
1e3811380574d61624efbf81.jpg,dedf4087-58a0-50e5-8665-9f53814e4408,2022-11-19,9,2,3,right,0.89428,0.95647,0.4375,0.48151,"[10,1,10,null]",10,2,accepted_7_10_consensus,pair_unresolved_or_atypical,supports_left_even_right_odd
1e3811380574d61624efbf81.jpg,dedf4087-58a0-50e5-8665-9f53814e4408,2022-11-19,9,3,1,left,0.04353,0.10199,0.48151,0.52377,"[null,3,null,null]",,0,unresolved,pair_unresolved_or_atypical,supports_left_even_right_odd
1e3811380574d61624efbf81.jpg,dedf4087-58a0-50e5-8665-9f53814e4408,2022-11-19,9,3,1,right,0.26368,0.32525,0.48151,0.52377,"[null,1,10,1]",,1,unresolved,pair_unresolved_or_atypical,supports_left_even_right_odd
1e3811380574d61624efbf81.jpg,dedf4087-58a0-50e5-8665-9f53814e4408,2022-11-19,9,3,2,left,0.36007,0.41915,0.48151,0.52377,"[null,null,null,null]",,0,unresolved,pair_unresolved_or_atypical,supports_left_even_right_odd
1e3811380574d61624efbf81.jpg,dedf4087-58a0-50e5-8665-9f53814e4408,2022-11-19,9,3,2,right,0.57836,0.63993,0.48151,0.52377,"[null,null,1,null]",,0,unresolved,pair_unresolved_or_atypical,supports_left_even_right_odd
1e3811380574d61624efbf81.jpg,dedf4087-58a0-50e5-8665-9f53814e4408,2022-11-19,9,3,3,left,0.67475,0.73507,0.48151,0.52377,"[null,9,null,2]",,1,unresolved,pair_unresolved_or_atypical,supports_left_even_right_odd
1e3811380574d61624efbf81.jpg,dedf4087-58a0-50e5-8665-9f53814e4408,2022-11-19,9,3,3,right,0.89428,0.95647,0.48151,0.52377,"[null,1,10,1]",,1,unresolved,pair_unresolved_or_atypical,supports_left_even_right_odd
20e248bc574b896fddf2d942.png,c4eb7d31-9c25-5ce0-bd33-da8fc3b50120,2025-06-14,7,1,1,left,0.01866,0.08085,0.44959,0.50137,"[10,10,10,null]",10,3,accepted_7_10_consensus,strict_pair,no_unique_anchor_votes
20e248bc574b896fddf2d942.png,c4eb7d31-9c25-5ce0-bd33-da8fc3b50120,2025-06-14,7,1,1,right,0.25,0.3153,0.44959,0.50137,"[9,9,null,3]",9,2,accepted_7_10_consensus,strict_pair,no_unique_anchor_votes
20e248bc574b896fddf2d942.png,c4eb7d31-9c25-5ce0-bd33-da8fc3b50120,2025-06-14,7,1,2,left,0.35137,0.41356,0.44959,0.50137,"[10,10,null,1]",10,2,accepted_7_10_consensus,pair_unresolved_or_atypical,no_unique_anchor_votes
20e248bc574b896fddf2d942.png,c4eb7d31-9c25-5ce0-bd33-da8fc3b50120,2025-06-14,7,1,2,right,0.58209,0.64739,0.44959,0.50137,"[null,3,4,3]",,0,unresolved,pair_unresolved_or_atypical,no_unique_anchor_votes
20e248bc574b896fddf2d942.png,c4eb7d31-9c25-5ce0-bd33-da8fc3b50120,2025-06-14,7,1,3,left,0.68346,0.74627,0.44959,0.50137,"[10,10,10,10]",10,4,accepted_7_10_consensus,pair_unresolved_or_atypical,no_unique_anchor_votes
20e248bc574b896fddf2d942.png,c4eb7d31-9c25-5ce0-bd33-da8fc3b50120,2025-06-14,7,1,3,right,0.9148,0.9801,0.44959,0.50137,"[null,3,null,null]",,0,unresolved,pair_unresolved_or_atypical,no_unique_anchor_votes
20e248bc574b896fddf2d942.png,c4eb7d31-9c25-5ce0-bd33-da8fc3b50120,2025-06-14,7,2,1,left,0.01866,0.08085,0.50137,0.55658,"[9,3,null,3]",,1,unresolved,pair_unresolved_or_atypical,no_unique_anchor_votes
20e248bc574b896fddf2d942.png,c4eb7d31-9c25-5ce0-bd33-da8fc3b50120,2025-06-14,7,2,1,right,0.25,0.3153,0.50137,0.55658,"[10,0,1,0]",,1,unresolved,pair_unresolved_or_atypical,no_unique_anchor_votes
20e248bc574b896fddf2d942.png,c4eb7d31-9c25-5ce0-bd33-da8fc3b50120,2025-06-14,7,2,2,left,0.35137,0.41356,0.50137,0.55658,"[null,null,null,null]",,0,unresolved,pair_unresolved_or_atypical,no_unique_anchor_votes
20e248bc574b896fddf2d942.png,c4eb7d31-9c25-5ce0-bd33-da8fc3b50120,2025-06-14,7,2,2,right,0.58209,0.64739,0.50137,0.55658,"[10,10,10,10]",10,4,accepted_7_10_consensus,pair_unresolved_or_atypical,no_unique_anchor_votes
20e248bc574b896fddf2d942.png,c4eb7d31-9c25-5ce0-bd33-da8fc3b50120,2025-06-14,7,2,3,left,0.68346,0.74627,0.50137,0.55658,"[null,null,null,null]",,0,unresolved,pair_unresolved_or_atypical,no_unique_anchor_votes
20e248bc574b896fddf2d942.png,c4eb7d31-9c25-5ce0-bd33-da8fc3b50120,2025-06-14,7,2,3,right,0.9148,0.9801,0.50137,0.55658,"[10,10,10,10]",10,4,accepted_7_10_consensus,pair_unresolved_or_atypical,no_unique_anchor_votes
20e248bc574b896fddf2d942.png,c4eb7d31-9c25-5ce0-bd33-da8fc3b50120,2025-06-14,7,3,1,left,0.01866,0.08085,0.55658,0.60802,"[9,3,null,3]",,1,unresolved,pair_unresolved_or_atypical,no_unique_anchor_votes
20e248bc574b896fddf2d942.png,c4eb7d31-9c25-5ce0-bd33-da8fc3b50120,2025-06-14,7,3,1,right,0.25,0.3153,0.55658,0.60802,"[10,10,null,0]",10,2,accepted_7_10_consensus,pair_unresolved_or_atypical,no_unique_anchor_votes
20e248bc574b896fddf2d942.png,c4eb7d31-9c25-5ce0-bd33-da8fc3b50120,2025-06-14,7,3,2,left,0.35137,0.41356,0.55658,0.60802,"[9,3,null,3]",,1,unresolved,pair_unresolved_or_atypical,no_unique_anchor_votes
20e248bc574b896fddf2d942.png,c4eb7d31-9c25-5ce0-bd33-da8fc3b50120,2025-06-14,7,3,2,right,0.58209,0.64739,0.55658,0.60802,"[10,10,10,10]",10,4,accepted_7_10_consensus,pair_unresolved_or_atypical,no_unique_anchor_votes
20e248bc574b896fddf2d942.png,c4eb7d31-9c25-5ce0-bd33-da8fc3b50120,2025-06-14,7,3,3,left,0.68346,0.74627,0.55658,0.60802,"[null,9,9,9]",9,3,accepted_7_10_consensus,strict_pair,no_unique_anchor_votes
20e248bc574b896fddf2d942.png,c4eb7d31-9c25-5ce0-bd33-da8fc3b50120,2025-06-14,7,3,3,right,0.9148,0.9801,0.55658,0.60802,"[10,10,10,10]",10,4,accepted_7_10_consensus,strict_pair,no_unique_anchor_votes
29068699e683cf1f5aea0f00.jpg,60933b47-b68c-55f3-9573-73db7f9a146a,2021-06-26,9,1,1,left,0.04415,0.10199,0.39349,0.4375,"[null,3,null,3]",,0,unresolved,pair_unresolved_or_atypical,supports_left_even_right_odd
29068699e683cf1f5aea0f00.jpg,60933b47-b68c-55f3-9573-73db7f9a146a,2021-06-26,9,1,1,right,0.26368,0.32525,0.39349,0.4375,"[10,10,null,null]",10,2,accepted_7_10_consensus,pair_unresolved_or_atypical,supports_left_even_right_odd
29068699e683cf1f5aea0f00.jpg,60933b47-b68c-55f3-9573-73db7f9a146a,2021-06-26,9,1,2,left,0.36007,0.41915,0.39349,0.4375,"[null,3,null,3]",,0,unresolved,pair_unresolved_or_atypical,supports_left_even_right_odd
29068699e683cf1f5aea0f00.jpg,60933b47-b68c-55f3-9573-73db7f9a146a,2021-06-26,9,1,2,right,0.5796,0.64117,0.39349,0.4375,"[10,10,10,10]",10,4,accepted_7_10_consensus,pair_unresolved_or_atypical,supports_left_even_right_odd
29068699e683cf1f5aea0f00.jpg,60933b47-b68c-55f3-9573-73db7f9a146a,2021-06-26,9,1,3,left,0.67537,0.73507,0.39349,0.4375,"[null,3,null,3]",,0,unresolved,pair_unresolved_or_atypical,supports_left_even_right_odd
29068699e683cf1f5aea0f00.jpg,60933b47-b68c-55f3-9573-73db7f9a146a,2021-06-26,9,1,3,right,0.89552,0.95709,0.39349,0.4375,"[null,10,10,10]",10,3,accepted_7_10_consensus,pair_unresolved_or_atypical,supports_left_even_right_odd
29068699e683cf1f5aea0f00.jpg,60933b47-b68c-55f3-9573-73db7f9a146a,2021-06-26,9,2,1,left,0.04415,0.10199,0.4375,0.48151,"[0,1,null,null]",,0,unresolved,pair_unresolved_or_atypical,supports_left_even_right_odd
29068699e683cf1f5aea0f00.jpg,60933b47-b68c-55f3-9573-73db7f9a146a,2021-06-26,9,2,1,right,0.26368,0.32525,0.4375,0.48151,"[null,null,null,null]",,0,unresolved,pair_unresolved_or_atypical,supports_left_even_right_odd
29068699e683cf1f5aea0f00.jpg,60933b47-b68c-55f3-9573-73db7f9a146a,2021-06-26,9,2,2,left,0.36007,0.41915,0.4375,0.48151,"[1,1,null,null]",,0,unresolved,pair_unresolved_or_atypical,supports_left_even_right_odd
29068699e683cf1f5aea0f00.jpg,60933b47-b68c-55f3-9573-73db7f9a146a,2021-06-26,9,2,2,right,0.5796,0.64117,0.4375,0.48151,"[null,null,null,null]",,0,unresolved,pair_unresolved_or_atypical,supports_left_even_right_odd
29068699e683cf1f5aea0f00.jpg,60933b47-b68c-55f3-9573-73db7f9a146a,2021-06-26,9,2,3,left,0.67537,0.73507,0.4375,0.48151,"[0,1,null,null]",,0,unresolved,pair_unresolved_or_atypical,supports_left_even_right_odd
29068699e683cf1f5aea0f00.jpg,60933b47-b68c-55f3-9573-73db7f9a146a,2021-06-26,9,2,3,right,0.89552,0.95709,0.4375,0.48151,"[null,8,null,8]",8,2,accepted_7_10_consensus,pair_unresolved_or_atypical,supports_left_even_right_odd
29068699e683cf1f5aea0f00.jpg,60933b47-b68c-55f3-9573-73db7f9a146a,2021-06-26,9,3,1,left,0.04415,0.10199,0.48151,0.52377,"[null,3,9,9]",9,2,accepted_7_10_consensus,pair_unresolved_or_atypical,supports_left_even_right_odd
29068699e683cf1f5aea0f00.jpg,60933b47-b68c-55f3-9573-73db7f9a146a,2021-06-26,9,3,1,right,0.26368,0.32525,0.48151,0.52377,"[null,2,null,null]",,0,unresolved,pair_unresolved_or_atypical,supports_left_even_right_odd
29068699e683cf1f5aea0f00.jpg,60933b47-b68c-55f3-9573-73db7f9a146a,2021-06-26,9,3,2,left,0.36007,0.41915,0.48151,0.52377,"[null,null,null,null]",,0,unresolved,pair_unresolved_or_atypical,supports_left_even_right_odd
29068699e683cf1f5aea0f00.jpg,60933b47-b68c-55f3-9573-73db7f9a146a,2021-06-26,9,3,2,right,0.5796,0.64117,0.48151,0.52377,"[10,null,null,null]",,1,unresolved,pair_unresolved_or_atypical,supports_left_even_right_odd
29068699e683cf1f5aea0f00.jpg,60933b47-b68c-55f3-9573-73db7f9a146a,2021-06-26,9,3,3,left,0.67537,0.73507,0.48151,0.52377,"[9,null,null,null]",,1,unresolved,pair_unresolved_or_atypical,supports_left_even_right_odd
29068699e683cf1f5aea0f00.jpg,60933b47-b68c-55f3-9573-73db7f9a146a,2021-06-26,9,3,3,right,0.89552,0.95709,0.48151,0.52377,"[10,null,null,null]",,1,unresolved,pair_unresolved_or_atypical,supports_left_even_right_odd
2f8cb42409f980b4d8ff97ca.png,22807da9-ffc6-511c-bcbb-b21ed6b336f6,2025-02-01,9,1,1,left,0.04353,0.10261,0.39349,0.43574,"[null,9,null,null]",,1,unresolved,pair_unresolved_or_atypical,supports_left_even_right_odd
2f8cb42409f980b4d8ff97ca.png,22807da9-ffc6-511c-bcbb-b21ed6b336f6,2025-02-01,9,1,1,right,0.26368,0.32525,0.39349,0.43574,"[10,10,null,1]",10,2,accepted_7_10_consensus,pair_unresolved_or_atypical,supports_left_even_right_odd
2f8cb42409f980b4d8ff97ca.png,22807da9-ffc6-511c-bcbb-b21ed6b336f6,2025-02-01,9,1,2,left,0.36007,0.41915,0.39349,0.43574,"[10,1,null,null]",,1,unresolved,pair_unresolved_or_atypical,supports_left_even_right_odd
2f8cb42409f980b4d8ff97ca.png,22807da9-ffc6-511c-bcbb-b21ed6b336f6,2025-02-01,9,1,2,right,0.5796,0.64117,0.39349,0.43574,"[null,null,null,3]",,0,unresolved,pair_unresolved_or_atypical,supports_left_even_right_odd
2f8cb42409f980b4d8ff97ca.png,22807da9-ffc6-511c-bcbb-b21ed6b336f6,2025-02-01,9,1,3,left,0.676,0.73507,0.39349,0.43574,"[null,null,4,null]",,0,unresolved,pair_unresolved_or_atypical,supports_left_even_right_odd
2f8cb42409f980b4d8ff97ca.png,22807da9-ffc6-511c-bcbb-b21ed6b336f6,2025-02-01,9,1,3,right,0.89552,0.95709,0.39349,0.43574,"[null,10,null,null]",,1,unresolved,pair_unresolved_or_atypical,supports_left_even_right_odd
2f8cb42409f980b4d8ff97ca.png,22807da9-ffc6-511c-bcbb-b21ed6b336f6,2025-02-01,9,2,1,left,0.04353,0.10261,0.43574,0.47975,"[10,10,null,2]",10,2,accepted_7_10_consensus,pair_unresolved_or_atypical,supports_left_even_right_odd
2f8cb42409f980b4d8ff97ca.png,22807da9-ffc6-511c-bcbb-b21ed6b336f6,2025-02-01,9,2,1,right,0.26368,0.32525,0.43574,0.47975,"[null,null,null,null]",,0,unresolved,pair_unresolved_or_atypical,supports_left_even_right_odd
2f8cb42409f980b4d8ff97ca.png,22807da9-ffc6-511c-bcbb-b21ed6b336f6,2025-02-01,9,2,2,left,0.36007,0.41915,0.43574,0.47975,"[10,10,null,null]",10,2,accepted_7_10_consensus,pair_unresolved_or_atypical,supports_left_even_right_odd
2f8cb42409f980b4d8ff97ca.png,22807da9-ffc6-511c-bcbb-b21ed6b336f6,2025-02-01,9,2,2,right,0.5796,0.64117,0.43574,0.47975,"[null,null,null,null]",,0,unresolved,pair_unresolved_or_atypical,supports_left_even_right_odd
2f8cb42409f980b4d8ff97ca.png,22807da9-ffc6-511c-bcbb-b21ed6b336f6,2025-02-01,9,2,3,left,0.676,0.73507,0.43574,0.47975,"[null,null,null,null]",,0,unresolved,pair_unresolved_or_atypical,supports_left_even_right_odd
2f8cb42409f980b4d8ff97ca.png,22807da9-ffc6-511c-bcbb-b21ed6b336f6,2025-02-01,9,2,3,right,0.89552,0.95709,0.43574,0.47975,"[null,null,null,null]",,0,unresolved,pair_unresolved_or_atypical,supports_left_even_right_odd
2f8cb42409f980b4d8ff97ca.png,22807da9-ffc6-511c-bcbb-b21ed6b336f6,2025-02-01,9,3,1,left,0.04353,0.10261,0.47975,0.52377,"[10,0,null,null]",,1,unresolved,pair_unresolved_or_atypical,supports_left_even_right_odd
2f8cb42409f980b4d8ff97ca.png,22807da9-ffc6-511c-bcbb-b21ed6b336f6,2025-02-01,9,3,1,right,0.26368,0.32525,0.47975,0.52377,"[null,null,4,null]",,0,unresolved,pair_unresolved_or_atypical,supports_left_even_right_odd
2f8cb42409f980b4d8ff97ca.png,22807da9-ffc6-511c-bcbb-b21ed6b336f6,2025-02-01,9,3,2,left,0.36007,0.41915,0.47975,0.52377,"[null,3,9,null]",,1,unresolved,pair_unresolved_or_atypical,supports_left_even_right_odd
2f8cb42409f980b4d8ff97ca.png,22807da9-ffc6-511c-bcbb-b21ed6b336f6,2025-02-01,9,3,2,right,0.5796,0.64117,0.47975,0.52377,"[null,10,1,null]",,1,unresolved,pair_unresolved_or_atypical,supports_left_even_right_odd
2f8cb42409f980b4d8ff97ca.png,22807da9-ffc6-511c-bcbb-b21ed6b336f6,2025-02-01,9,3,3,left,0.676,0.73507,0.47975,0.52377,"[null,null,null,null]",,0,unresolved,pair_unresolved_or_atypical,supports_left_even_right_odd
2f8cb42409f980b4d8ff97ca.png,22807da9-ffc6-511c-bcbb-b21ed6b336f6,2025-02-01,9,3,3,right,0.89552,0.95709,0.47975,0.52377,"[null,null,null,null]",,0,unresolved,pair_unresolved_or_atypical,supports_left_even_right_odd
49f3dba129524e0a51115ad8.jpg,ad8e5ac3-49dc-5721-b391-769a531ec42f,2023-06-10,9,1,1,left,0.04415,0.10199,0.39349,0.4375,"[10,1,10,1]",10,2,accepted_7_10_consensus,pair_unresolved_or_atypical,supports_left_even_right_odd
49f3dba129524e0a51115ad8.jpg,ad8e5ac3-49dc-5721-b391-769a531ec42f,2023-06-10,9,1,1,right,0.26368,0.32525,0.39349,0.4375,"[null,3,null,3]",,0,unresolved,pair_unresolved_or_atypical,supports_left_even_right_odd
49f3dba129524e0a51115ad8.jpg,ad8e5ac3-49dc-5721-b391-769a531ec42f,2023-06-10,9,1,2,left,0.36007,0.41915,0.39349,0.4375,"[4,3,null,3]",,0,unresolved,pair_unresolved_or_atypical,supports_left_even_right_odd
49f3dba129524e0a51115ad8.jpg,ad8e5ac3-49dc-5721-b391-769a531ec42f,2023-06-10,9,1,2,right,0.57836,0.63993,0.39349,0.4375,"[10,1,1,null]",,1,unresolved,pair_unresolved_or_atypical,supports_left_even_right_odd
49f3dba129524e0a51115ad8.jpg,ad8e5ac3-49dc-5721-b391-769a531ec42f,2023-06-10,9,1,3,left,0.67475,0.73507,0.39349,0.4375,"[10,10,10,10]",10,4,accepted_7_10_consensus,pair_unresolved_or_atypical,supports_left_even_right_odd
49f3dba129524e0a51115ad8.jpg,ad8e5ac3-49dc-5721-b391-769a531ec42f,2023-06-10,9,1,3,right,0.89428,0.95709,0.39349,0.4375,"[null,3,null,3]",,0,unresolved,pair_unresolved_or_atypical,supports_left_even_right_odd
49f3dba129524e0a51115ad8.jpg,ad8e5ac3-49dc-5721-b391-769a531ec42f,2023-06-10,9,2,1,left,0.04415,0.10199,0.4375,0.48151,"[null,3,null,null]",,0,unresolved,pair_unresolved_or_atypical,supports_left_even_right_odd
49f3dba129524e0a51115ad8.jpg,ad8e5ac3-49dc-5721-b391-769a531ec42f,2023-06-10,9,2,1,right,0.26368,0.32525,0.4375,0.48151,"[null,10,10,10]",10,3,accepted_7_10_consensus,pair_unresolved_or_atypical,supports_left_even_right_odd
49f3dba129524e0a51115ad8.jpg,ad8e5ac3-49dc-5721-b391-769a531ec42f,2023-06-10,9,2,2,left,0.36007,0.41915,0.4375,0.48151,"[null,3,null,null]",,0,unresolved,pair_unresolved_or_atypical,supports_left_even_right_odd
49f3dba129524e0a51115ad8.jpg,ad8e5ac3-49dc-5721-b391-769a531ec42f,2023-06-10,9,2,2,right,0.57836,0.63993,0.4375,0.48151,"[10,10,10,null]",10,3,accepted_7_10_consensus,pair_unresolved_or_atypical,supports_left_even_right_odd
49f3dba129524e0a51115ad8.jpg,ad8e5ac3-49dc-5721-b391-769a531ec42f,2023-06-10,9,2,3,left,0.67475,0.73507,0.4375,0.48151,"[null,3,null,9]",,1,unresolved,pair_unresolved_or_atypical,supports_left_even_right_odd
49f3dba129524e0a51115ad8.jpg,ad8e5ac3-49dc-5721-b391-769a531ec42f,2023-06-10,9,2,3,right,0.89428,0.95709,0.4375,0.48151,"[10,10,10,1]",10,3,accepted_7_10_consensus,pair_unresolved_or_atypical,supports_left_even_right_odd
49f3dba129524e0a51115ad8.jpg,ad8e5ac3-49dc-5721-b391-769a531ec42f,2023-06-10,9,3,1,left,0.04415,0.10199,0.48151,0.52377,"[null,3,null,null]",,0,unresolved,pair_unresolved_or_atypical,supports_left_even_right_odd
49f3dba129524e0a51115ad8.jpg,ad8e5ac3-49dc-5721-b391-769a531ec42f,2023-06-10,9,3,1,right,0.26368,0.32525,0.48151,0.52377,"[10,1,10,1]",10,2,accepted_7_10_consensus,pair_unresolved_or_atypical,supports_left_even_right_odd
49f3dba129524e0a51115ad8.jpg,ad8e5ac3-49dc-5721-b391-769a531ec42f,2023-06-10,9,3,2,left,0.36007,0.41915,0.48151,0.52377,"[null,3,null,null]",,0,unresolved,pair_unresolved_or_atypical,supports_left_even_right_odd
49f3dba129524e0a51115ad8.jpg,ad8e5ac3-49dc-5721-b391-769a531ec42f,2023-06-10,9,3,2,right,0.57836,0.63993,0.48151,0.52377,"[10,1,10,null]",10,2,accepted_7_10_consensus,pair_unresolved_or_atypical,supports_left_even_right_odd
49f3dba129524e0a51115ad8.jpg,ad8e5ac3-49dc-5721-b391-769a531ec42f,2023-06-10,9,3,3,left,0.67475,0.73507,0.48151,0.52377,"[null,3,null,4]",,0,unresolved,pair_unresolved_or_atypical,supports_left_even_right_odd
49f3dba129524e0a51115ad8.jpg,ad8e5ac3-49dc-5721-b391-769a531ec42f,2023-06-10,9,3,3,right,0.89428,0.95709,0.48151,0.52377,"[10,null,10,null]",10,2,accepted_7_10_consensus,pair_unresolved_or_atypical,supports_left_even_right_odd
5884ab5a5e8366c7a80093db.jpg,0a7b981a-a885-5166-9647-e1752da506ba,2023-03-04,9,1,1,left,0.04353,0.10199,0.39349,0.4375,"[null,3,null,3]",,0,unresolved,pair_unresolved_or_atypical,supports_left_even_right_odd
5884ab5a5e8366c7a80093db.jpg,0a7b981a-a885-5166-9647-e1752da506ba,2023-03-04,9,1,1,right,0.26368,0.32525,0.39349,0.4375,"[null,10,null,null]",,1,unresolved,pair_unresolved_or_atypical,supports_left_even_right_odd
5884ab5a5e8366c7a80093db.jpg,0a7b981a-a885-5166-9647-e1752da506ba,2023-03-04,9,1,2,left,0.36007,0.41915,0.39349,0.4375,"[null,3,null,null]",,0,unresolved,pair_unresolved_or_atypical,supports_left_even_right_odd
5884ab5a5e8366c7a80093db.jpg,0a7b981a-a885-5166-9647-e1752da506ba,2023-03-04,9,1,2,right,0.57836,0.63993,0.39349,0.4375,"[10,1,null,null]",,1,unresolved,pair_unresolved_or_atypical,supports_left_even_right_odd
5884ab5a5e8366c7a80093db.jpg,0a7b981a-a885-5166-9647-e1752da506ba,2023-03-04,9,1,3,left,0.67475,0.73507,0.39349,0.4375,"[null,null,null,null]",,0,unresolved,pair_unresolved_or_atypical,supports_left_even_right_odd
5884ab5a5e8366c7a80093db.jpg,0a7b981a-a885-5166-9647-e1752da506ba,2023-03-04,9,1,3,right,0.89428,0.95647,0.39349,0.4375,"[null,1,1,null]",,0,unresolved,pair_unresolved_or_atypical,supports_left_even_right_odd
5884ab5a5e8366c7a80093db.jpg,0a7b981a-a885-5166-9647-e1752da506ba,2023-03-04,9,2,1,left,0.04353,0.10199,0.4375,0.48151,"[null,10,null,1]",,1,unresolved,pair_unresolved_or_atypical,supports_left_even_right_odd
5884ab5a5e8366c7a80093db.jpg,0a7b981a-a885-5166-9647-e1752da506ba,2023-03-04,9,2,1,right,0.26368,0.32525,0.4375,0.48151,"[null,null,null,null]",,0,unresolved,pair_unresolved_or_atypical,supports_left_even_right_odd
5884ab5a5e8366c7a80093db.jpg,0a7b981a-a885-5166-9647-e1752da506ba,2023-03-04,9,2,2,left,0.36007,0.41915,0.4375,0.48151,"[10,1,10,10]",10,3,accepted_7_10_consensus,pair_unresolved_or_atypical,supports_left_even_right_odd
5884ab5a5e8366c7a80093db.jpg,0a7b981a-a885-5166-9647-e1752da506ba,2023-03-04,9,2,2,right,0.57836,0.63993,0.4375,0.48151,"[null,3,null,null]",,0,unresolved,pair_unresolved_or_atypical,supports_left_even_right_odd
5884ab5a5e8366c7a80093db.jpg,0a7b981a-a885-5166-9647-e1752da506ba,2023-03-04,9,2,3,left,0.67475,0.73507,0.4375,0.48151,"[10,10,10,10]",10,4,accepted_7_10_consensus,pair_unresolved_or_atypical,supports_left_even_right_odd
5884ab5a5e8366c7a80093db.jpg,0a7b981a-a885-5166-9647-e1752da506ba,2023-03-04,9,2,3,right,0.89428,0.95647,0.4375,0.48151,"[null,3,null,null]",,0,unresolved,pair_unresolved_or_atypical,supports_left_even_right_odd
5884ab5a5e8366c7a80093db.jpg,0a7b981a-a885-5166-9647-e1752da506ba,2023-03-04,9,3,1,left,0.04353,0.10199,0.48151,0.52377,"[null,3,null,null]",,0,unresolved,pair_unresolved_or_atypical,supports_left_even_right_odd
5884ab5a5e8366c7a80093db.jpg,0a7b981a-a885-5166-9647-e1752da506ba,2023-03-04,9,3,1,right,0.26368,0.32525,0.48151,0.52377,"[null,1,10,1]",,1,unresolved,pair_unresolved_or_atypical,supports_left_even_right_odd
5884ab5a5e8366c7a80093db.jpg,0a7b981a-a885-5166-9647-e1752da506ba,2023-03-04,9,3,2,left,0.36007,0.41915,0.48151,0.52377,"[null,null,null,null]",,0,unresolved,pair_unresolved_or_atypical,supports_left_even_right_odd
5884ab5a5e8366c7a80093db.jpg,0a7b981a-a885-5166-9647-e1752da506ba,2023-03-04,9,3,2,right,0.57836,0.63993,0.48151,0.52377,"[null,null,1,null]",,0,unresolved,pair_unresolved_or_atypical,supports_left_even_right_odd
5884ab5a5e8366c7a80093db.jpg,0a7b981a-a885-5166-9647-e1752da506ba,2023-03-04,9,3,3,left,0.67475,0.73507,0.48151,0.52377,"[null,9,null,2]",,1,unresolved,pair_unresolved_or_atypical,supports_left_even_right_odd
5884ab5a5e8366c7a80093db.jpg,0a7b981a-a885-5166-9647-e1752da506ba,2023-03-04,9,3,3,right,0.89428,0.95647,0.48151,0.52377,"[null,1,10,1]",,1,unresolved,pair_unresolved_or_atypical,supports_left_even_right_odd
59c4640966c37c1ac24fbd8a.png,2445f7d8-7ed3-54ac-a84e-6db58824ccff,2025-10-25,7,1,1,left,0.02052,0.08333,0.46289,0.51649,"[null,9,4,3]",,1,unresolved,pair_unresolved_or_atypical,supports_left_even_right_odd
59c4640966c37c1ac24fbd8a.png,2445f7d8-7ed3-54ac-a84e-6db58824ccff,2025-10-25,7,1,1,right,0.25311,0.31779,0.46289,0.51649,"[null,null,null,null]",,0,unresolved,pair_unresolved_or_atypical,supports_left_even_right_odd
59c4640966c37c1ac24fbd8a.png,2445f7d8-7ed3-54ac-a84e-6db58824ccff,2025-10-25,7,1,2,left,0.35448,0.41667,0.46289,0.51649,"[null,10,null,1]",,1,unresolved,pair_unresolved_or_atypical,supports_left_even_right_odd
59c4640966c37c1ac24fbd8a.png,2445f7d8-7ed3-54ac-a84e-6db58824ccff,2025-10-25,7,1,2,right,0.58582,0.65112,0.46289,0.51649,"[null,3,4,3]",,0,unresolved,pair_unresolved_or_atypical,supports_left_even_right_odd
59c4640966c37c1ac24fbd8a.png,2445f7d8-7ed3-54ac-a84e-6db58824ccff,2025-10-25,7,1,3,left,0.68719,0.75062,0.46289,0.51649,"[10,null,null,null]",,1,unresolved,pair_unresolved_or_atypical,supports_left_even_right_odd
59c4640966c37c1ac24fbd8a.png,2445f7d8-7ed3-54ac-a84e-6db58824ccff,2025-10-25,7,1,3,right,0.91915,0.98445,0.46289,0.51649,"[null,3,4,null]",,0,unresolved,pair_unresolved_or_atypical,supports_left_even_right_odd
59c4640966c37c1ac24fbd8a.png,2445f7d8-7ed3-54ac-a84e-6db58824ccff,2025-10-25,7,2,1,left,0.02052,0.08333,0.51649,0.57216,"[null,9,null,3]",,1,unresolved,pair_unresolved_or_atypical,supports_left_even_right_odd
59c4640966c37c1ac24fbd8a.png,2445f7d8-7ed3-54ac-a84e-6db58824ccff,2025-10-25,7,2,1,right,0.25311,0.31779,0.51649,0.57216,"[null,10,null,10]",10,2,accepted_7_10_consensus,pair_unresolved_or_atypical,supports_left_even_right_odd
59c4640966c37c1ac24fbd8a.png,2445f7d8-7ed3-54ac-a84e-6db58824ccff,2025-10-25,7,2,2,left,0.35448,0.41667,0.51649,0.57216,"[null,3,null,3]",,0,unresolved,pair_unresolved_or_atypical,supports_left_even_right_odd
59c4640966c37c1ac24fbd8a.png,2445f7d8-7ed3-54ac-a84e-6db58824ccff,2025-10-25,7,2,2,right,0.58582,0.65112,0.51649,0.57216,"[null,10,null,null]",,1,unresolved,pair_unresolved_or_atypical,supports_left_even_right_odd
59c4640966c37c1ac24fbd8a.png,2445f7d8-7ed3-54ac-a84e-6db58824ccff,2025-10-25,7,2,3,left,0.68719,0.75062,0.51649,0.57216,"[null,9,null,null]",,1,unresolved,pair_unresolved_or_atypical,supports_left_even_right_odd
59c4640966c37c1ac24fbd8a.png,2445f7d8-7ed3-54ac-a84e-6db58824ccff,2025-10-25,7,2,3,right,0.91915,0.98445,0.51649,0.57216,"[10,10,10,10]",10,4,accepted_7_10_consensus,pair_unresolved_or_atypical,supports_left_even_right_odd
59c4640966c37c1ac24fbd8a.png,2445f7d8-7ed3-54ac-a84e-6db58824ccff,2025-10-25,7,3,1,left,0.02052,0.08333,0.57216,0.62474,"[8,null,4,null]",,1,unresolved,pair_unresolved_or_atypical,supports_left_even_right_odd
59c4640966c37c1ac24fbd8a.png,2445f7d8-7ed3-54ac-a84e-6db58824ccff,2025-10-25,7,3,1,right,0.25311,0.31779,0.57216,0.62474,"[10,10,null,0]",10,2,accepted_7_10_consensus,pair_unresolved_or_atypical,supports_left_even_right_odd
59c4640966c37c1ac24fbd8a.png,2445f7d8-7ed3-54ac-a84e-6db58824ccff,2025-10-25,7,3,2,left,0.35448,0.41667,0.57216,0.62474,"[4,8,8,null]",8,2,accepted_7_10_consensus,strict_pair,supports_left_even_right_odd
59c4640966c37c1ac24fbd8a.png,2445f7d8-7ed3-54ac-a84e-6db58824ccff,2025-10-25,7,3,2,right,0.58582,0.65112,0.57216,0.62474,"[10,10,null,null]",10,2,accepted_7_10_consensus,strict_pair,supports_left_even_right_odd
59c4640966c37c1ac24fbd8a.png,2445f7d8-7ed3-54ac-a84e-6db58824ccff,2025-10-25,7,3,3,left,0.68719,0.75062,0.57216,0.62474,"[8,null,4,null]",,1,unresolved,pair_unresolved_or_atypical,supports_left_even_right_odd
59c4640966c37c1ac24fbd8a.png,2445f7d8-7ed3-54ac-a84e-6db58824ccff,2025-10-25,7,3,3,right,0.91915,0.98445,0.57216,0.62474,"[10,10,10,10]",10,4,accepted_7_10_consensus,pair_unresolved_or_atypical,supports_left_even_right_odd
64660568ded28012ae710c2e.jpg,1b3d5929-e188-5d42-bf6a-12648de6f530,2020-11-07,9,1,1,left,0.04415,0.10199,0.39349,0.4375,"[null,3,null,3]",,0,unresolved,pair_unresolved_or_atypical,supports_left_even_right_odd
64660568ded28012ae710c2e.jpg,1b3d5929-e188-5d42-bf6a-12648de6f530,2020-11-07,9,1,1,right,0.26368,0.32525,0.39349,0.4375,"[10,10,null,null]",10,2,accepted_7_10_consensus,pair_unresolved_or_atypical,supports_left_even_right_odd
64660568ded28012ae710c2e.jpg,1b3d5929-e188-5d42-bf6a-12648de6f530,2020-11-07,9,1,2,left,0.36007,0.41915,0.39349,0.4375,"[null,10,null,null]",,1,unresolved,pair_unresolved_or_atypical,supports_left_even_right_odd
64660568ded28012ae710c2e.jpg,1b3d5929-e188-5d42-bf6a-12648de6f530,2020-11-07,9,1,2,right,0.5796,0.64117,0.39349,0.4375,"[null,9,4,null]",,1,unresolved,pair_unresolved_or_atypical,supports_left_even_right_odd
64660568ded28012ae710c2e.jpg,1b3d5929-e188-5d42-bf6a-12648de6f530,2020-11-07,9,1,3,left,0.67537,0.73507,0.39349,0.4375,"[10,0,null,null]",,1,unresolved,pair_unresolved_or_atypical,supports_left_even_right_odd
64660568ded28012ae710c2e.jpg,1b3d5929-e188-5d42-bf6a-12648de6f530,2020-11-07,9,1,3,right,0.89552,0.95709,0.39349,0.4375,"[null,9,null,9]",9,2,accepted_7_10_consensus,pair_unresolved_or_atypical,supports_left_even_right_odd
64660568ded28012ae710c2e.jpg,1b3d5929-e188-5d42-bf6a-12648de6f530,2020-11-07,9,2,1,left,0.04415,0.10199,0.4375,0.48151,"[0,1,null,null]",,0,unresolved,pair_unresolved_or_atypical,supports_left_even_right_odd
64660568ded28012ae710c2e.jpg,1b3d5929-e188-5d42-bf6a-12648de6f530,2020-11-07,9,2,1,right,0.26368,0.32525,0.4375,0.48151,"[null,null,null,null]",,0,unresolved,pair_unresolved_or_atypical,supports_left_even_right_odd
64660568ded28012ae710c2e.jpg,1b3d5929-e188-5d42-bf6a-12648de6f530,2020-11-07,9,2,2,left,0.36007,0.41915,0.4375,0.48151,"[null,3,null,9]",,1,unresolved,pair_unresolved_or_atypical,supports_left_even_right_odd
64660568ded28012ae710c2e.jpg,1b3d5929-e188-5d42-bf6a-12648de6f530,2020-11-07,9,2,2,right,0.5796,0.64117,0.4375,0.48151,"[10,10,10,null]",10,3,accepted_7_10_consensus,pair_unresolved_or_atypical,supports_left_even_right_odd
64660568ded28012ae710c2e.jpg,1b3d5929-e188-5d42-bf6a-12648de6f530,2020-11-07,9,2,3,left,0.67537,0.73507,0.4375,0.48151,"[0,1,null,null]",,0,unresolved,pair_unresolved_or_atypical,supports_left_even_right_odd
64660568ded28012ae710c2e.jpg,1b3d5929-e188-5d42-bf6a-12648de6f530,2020-11-07,9,2,3,right,0.89552,0.95709,0.4375,0.48151,"[null,9,null,null]",,1,unresolved,pair_unresolved_or_atypical,supports_left_even_right_odd
64660568ded28012ae710c2e.jpg,1b3d5929-e188-5d42-bf6a-12648de6f530,2020-11-07,9,3,1,left,0.04415,0.10199,0.48151,0.52377,"[10,8,null,null]",,1,unresolved,pair_unresolved_or_atypical,supports_left_even_right_odd
64660568ded28012ae710c2e.jpg,1b3d5929-e188-5d42-bf6a-12648de6f530,2020-11-07,9,3,1,right,0.26368,0.32525,0.48151,0.52377,"[null,9,null,null]",,1,unresolved,pair_unresolved_or_atypical,supports_left_even_right_odd
64660568ded28012ae710c2e.jpg,1b3d5929-e188-5d42-bf6a-12648de6f530,2020-11-07,9,3,2,left,0.36007,0.41915,0.48151,0.52377,"[10,8,0,null]",,1,unresolved,pair_unresolved_or_atypical,supports_left_even_right_odd
64660568ded28012ae710c2e.jpg,1b3d5929-e188-5d42-bf6a-12648de6f530,2020-11-07,9,3,2,right,0.5796,0.64117,0.48151,0.52377,"[null,9,null,null]",,1,unresolved,pair_unresolved_or_atypical,supports_left_even_right_odd
64660568ded28012ae710c2e.jpg,1b3d5929-e188-5d42-bf6a-12648de6f530,2020-11-07,9,3,3,left,0.67537,0.73507,0.48151,0.52377,"[9,null,null,null]",,1,unresolved,pair_unresolved_or_atypical,supports_left_even_right_odd
64660568ded28012ae710c2e.jpg,1b3d5929-e188-5d42-bf6a-12648de6f530,2020-11-07,9,3,3,right,0.89552,0.95709,0.48151,0.52377,"[10,null,null,null]",,1,unresolved,pair_unresolved_or_atypical,supports_left_even_right_odd
79e6152988c973593f2b01ce.jpeg,63552855-9c57-59e1-b663-0afd04bceb41,2024-05-11,9,1,1,left,0.04353,0.10261,0.39349,0.43574,"[10,0,null,null]",,1,unresolved,pair_unresolved_or_atypical,supports_left_even_right_odd
79e6152988c973593f2b01ce.jpeg,63552855-9c57-59e1-b663-0afd04bceb41,2024-05-11,9,1,1,right,0.26368,0.32525,0.39349,0.43574,"[null,9,null,9]",9,2,accepted_7_10_consensus,pair_unresolved_or_atypical,supports_left_even_right_odd
79e6152988c973593f2b01ce.jpeg,63552855-9c57-59e1-b663-0afd04bceb41,2024-05-11,9,1,2,left,0.36007,0.41915,0.39349,0.43574,"[10,1,10,null]",10,2,accepted_7_10_consensus,pair_unresolved_or_atypical,supports_left_even_right_odd
79e6152988c973593f2b01ce.jpeg,63552855-9c57-59e1-b663-0afd04bceb41,2024-05-11,9,1,2,right,0.5796,0.64117,0.39349,0.43574,"[null,9,null,3]",,1,unresolved,pair_unresolved_or_atypical,supports_left_even_right_odd
79e6152988c973593f2b01ce.jpeg,63552855-9c57-59e1-b663-0afd04bceb41,2024-05-11,9,1,3,left,0.676,0.73507,0.39349,0.43574,"[null,9,null,3]",,1,unresolved,pair_unresolved_or_atypical,supports_left_even_right_odd
79e6152988c973593f2b01ce.jpeg,63552855-9c57-59e1-b663-0afd04bceb41,2024-05-11,9,1,3,right,0.89552,0.95709,0.39349,0.43574,"[null,10,null,4]",,1,unresolved,pair_unresolved_or_atypical,supports_left_even_right_odd
79e6152988c973593f2b01ce.jpeg,63552855-9c57-59e1-b663-0afd04bceb41,2024-05-11,9,2,1,left,0.04353,0.10261,0.43574,0.47975,"[null,10,null,null]",,1,unresolved,pair_unresolved_or_atypical,supports_left_even_right_odd
79e6152988c973593f2b01ce.jpeg,63552855-9c57-59e1-b663-0afd04bceb41,2024-05-11,9,2,1,right,0.26368,0.32525,0.43574,0.47975,"[null,3,null,null]",,0,unresolved,pair_unresolved_or_atypical,supports_left_even_right_odd
79e6152988c973593f2b01ce.jpeg,63552855-9c57-59e1-b663-0afd04bceb41,2024-05-11,9,2,2,left,0.36007,0.41915,0.43574,0.47975,"[10,10,10,1]",10,3,accepted_7_10_consensus,pair_unresolved_or_atypical,supports_left_even_right_odd
79e6152988c973593f2b01ce.jpeg,63552855-9c57-59e1-b663-0afd04bceb41,2024-05-11,9,2,2,right,0.5796,0.64117,0.43574,0.47975,"[null,9,null,null]",,1,unresolved,pair_unresolved_or_atypical,supports_left_even_right_odd
79e6152988c973593f2b01ce.jpeg,63552855-9c57-59e1-b663-0afd04bceb41,2024-05-11,9,2,3,left,0.676,0.73507,0.43574,0.47975,"[10,10,null,null]",10,2,accepted_7_10_consensus,pair_unresolved_or_atypical,supports_left_even_right_odd
79e6152988c973593f2b01ce.jpeg,63552855-9c57-59e1-b663-0afd04bceb41,2024-05-11,9,2,3,right,0.89552,0.95709,0.43574,0.47975,"[null,9,null,3]",,1,unresolved,pair_unresolved_or_atypical,supports_left_even_right_odd
79e6152988c973593f2b01ce.jpeg,63552855-9c57-59e1-b663-0afd04bceb41,2024-05-11,9,3,1,left,0.04353,0.10261,0.47975,0.52377,"[null,0,null,null]",,0,unresolved,pair_unresolved_or_atypical,supports_left_even_right_odd
79e6152988c973593f2b01ce.jpeg,63552855-9c57-59e1-b663-0afd04bceb41,2024-05-11,9,3,1,right,0.26368,0.32525,0.47975,0.52377,"[null,null,null,null]",,0,unresolved,pair_unresolved_or_atypical,supports_left_even_right_odd
79e6152988c973593f2b01ce.jpeg,63552855-9c57-59e1-b663-0afd04bceb41,2024-05-11,9,3,2,left,0.36007,0.41915,0.47975,0.52377,"[10,0,10,null]",10,2,accepted_7_10_consensus,pair_unresolved_or_atypical,supports_left_even_right_odd
79e6152988c973593f2b01ce.jpeg,63552855-9c57-59e1-b663-0afd04bceb41,2024-05-11,9,3,2,right,0.5796,0.64117,0.47975,0.52377,"[null,8,null,null]",,1,unresolved,pair_unresolved_or_atypical,supports_left_even_right_odd
79e6152988c973593f2b01ce.jpeg,63552855-9c57-59e1-b663-0afd04bceb41,2024-05-11,9,3,3,left,0.676,0.73507,0.47975,0.52377,"[10,10,null,null]",10,2,accepted_7_10_consensus,pair_unresolved_or_atypical,supports_left_even_right_odd
79e6152988c973593f2b01ce.jpeg,63552855-9c57-59e1-b663-0afd04bceb41,2024-05-11,9,3,3,right,0.89552,0.95709,0.47975,0.52377,"[null,8,null,null]",,1,unresolved,pair_unresolved_or_atypical,supports_left_even_right_odd
9daaa8708ca5c13fd79acf83.jpg,06af82bb-e57d-5022-b418-e45828e745df,2020-08-22,9,1,1,left,0.04415,0.10199,0.39349,0.4375,"[null,3,null,3]",,0,unresolved,pair_unresolved_or_atypical,supports_left_even_right_odd
9daaa8708ca5c13fd79acf83.jpg,06af82bb-e57d-5022-b418-e45828e745df,2020-08-22,9,1,1,right,0.26368,0.32525,0.39349,0.4375,"[10,10,null,null]",10,2,accepted_7_10_consensus,pair_unresolved_or_atypical,supports_left_even_right_odd
9daaa8708ca5c13fd79acf83.jpg,06af82bb-e57d-5022-b418-e45828e745df,2020-08-22,9,1,2,left,0.36007,0.41915,0.39349,0.4375,"[null,3,null,3]",,0,unresolved,pair_unresolved_or_atypical,supports_left_even_right_odd
9daaa8708ca5c13fd79acf83.jpg,06af82bb-e57d-5022-b418-e45828e745df,2020-08-22,9,1,2,right,0.5796,0.64117,0.39349,0.4375,"[10,10,10,10]",10,4,accepted_7_10_consensus,pair_unresolved_or_atypical,supports_left_even_right_odd
9daaa8708ca5c13fd79acf83.jpg,06af82bb-e57d-5022-b418-e45828e745df,2020-08-22,9,1,3,left,0.67537,0.73507,0.39349,0.4375,"[null,3,null,3]",,0,unresolved,pair_unresolved_or_atypical,supports_left_even_right_odd
9daaa8708ca5c13fd79acf83.jpg,06af82bb-e57d-5022-b418-e45828e745df,2020-08-22,9,1,3,right,0.89552,0.95709,0.39349,0.4375,"[null,10,10,10]",10,3,accepted_7_10_consensus,pair_unresolved_or_atypical,supports_left_even_right_odd
9daaa8708ca5c13fd79acf83.jpg,06af82bb-e57d-5022-b418-e45828e745df,2020-08-22,9,2,1,left,0.04415,0.10199,0.4375,0.48151,"[null,8,null,8]",8,2,accepted_7_10_consensus,strict_pair,supports_left_even_right_odd
9daaa8708ca5c13fd79acf83.jpg,06af82bb-e57d-5022-b418-e45828e745df,2020-08-22,9,2,1,right,0.26368,0.32525,0.4375,0.48151,"[10,10,null,null]",10,2,accepted_7_10_consensus,strict_pair,supports_left_even_right_odd
9daaa8708ca5c13fd79acf83.jpg,06af82bb-e57d-5022-b418-e45828e745df,2020-08-22,9,2,2,left,0.36007,0.41915,0.4375,0.48151,"[null,3,null,9]",,1,unresolved,pair_unresolved_or_atypical,supports_left_even_right_odd
9daaa8708ca5c13fd79acf83.jpg,06af82bb-e57d-5022-b418-e45828e745df,2020-08-22,9,2,2,right,0.5796,0.64117,0.4375,0.48151,"[10,10,10,null]",10,3,accepted_7_10_consensus,pair_unresolved_or_atypical,supports_left_even_right_odd
9daaa8708ca5c13fd79acf83.jpg,06af82bb-e57d-5022-b418-e45828e745df,2020-08-22,9,2,3,left,0.67537,0.73507,0.4375,0.48151,"[null,3,null,8]",,1,unresolved,pair_unresolved_or_atypical,supports_left_even_right_odd
9daaa8708ca5c13fd79acf83.jpg,06af82bb-e57d-5022-b418-e45828e745df,2020-08-22,9,2,3,right,0.89552,0.95709,0.4375,0.48151,"[null,10,10,null]",10,2,accepted_7_10_consensus,pair_unresolved_or_atypical,supports_left_even_right_odd
9daaa8708ca5c13fd79acf83.jpg,06af82bb-e57d-5022-b418-e45828e745df,2020-08-22,9,3,1,left,0.04415,0.10199,0.48151,0.52377,"[null,3,9,9]",9,2,accepted_7_10_consensus,pair_unresolved_or_atypical,supports_left_even_right_odd
9daaa8708ca5c13fd79acf83.jpg,06af82bb-e57d-5022-b418-e45828e745df,2020-08-22,9,3,1,right,0.26368,0.32525,0.48151,0.52377,"[null,2,null,null]",,0,unresolved,pair_unresolved_or_atypical,supports_left_even_right_odd
9daaa8708ca5c13fd79acf83.jpg,06af82bb-e57d-5022-b418-e45828e745df,2020-08-22,9,3,2,left,0.36007,0.41915,0.48151,0.52377,"[null,null,null,null]",,0,unresolved,pair_unresolved_or_atypical,supports_left_even_right_odd
9daaa8708ca5c13fd79acf83.jpg,06af82bb-e57d-5022-b418-e45828e745df,2020-08-22,9,3,2,right,0.5796,0.64117,0.48151,0.52377,"[10,null,null,null]",,1,unresolved,pair_unresolved_or_atypical,supports_left_even_right_odd
9daaa8708ca5c13fd79acf83.jpg,06af82bb-e57d-5022-b418-e45828e745df,2020-08-22,9,3,3,left,0.67537,0.73507,0.48151,0.52377,"[0,null,null,null]",,0,unresolved,pair_unresolved_or_atypical,supports_left_even_right_odd
9daaa8708ca5c13fd79acf83.jpg,06af82bb-e57d-5022-b418-e45828e745df,2020-08-22,9,3,3,right,0.89552,0.95709,0.48151,0.52377,"[null,3,null,null]",,0,unresolved,pair_unresolved_or_atypical,supports_left_even_right_odd
9e786a668e752cb2c55bb9ce.jpg,6fed5e94-8e25-56b2-a69f-1c3f50420ce6,2021-03-13,9,1,1,left,0.04415,0.10199,0.39349,0.4375,"[null,3,null,3]",,0,unresolved,pair_unresolved_or_atypical,supports_left_even_right_odd
9e786a668e752cb2c55bb9ce.jpg,6fed5e94-8e25-56b2-a69f-1c3f50420ce6,2021-03-13,9,1,1,right,0.26368,0.32525,0.39349,0.4375,"[10,10,null,null]",10,2,accepted_7_10_consensus,pair_unresolved_or_atypical,supports_left_even_right_odd
9e786a668e752cb2c55bb9ce.jpg,6fed5e94-8e25-56b2-a69f-1c3f50420ce6,2021-03-13,9,1,2,left,0.36007,0.41915,0.39349,0.4375,"[null,3,null,3]",,0,unresolved,pair_unresolved_or_atypical,supports_left_even_right_odd
9e786a668e752cb2c55bb9ce.jpg,6fed5e94-8e25-56b2-a69f-1c3f50420ce6,2021-03-13,9,1,2,right,0.5796,0.64117,0.39349,0.4375,"[10,10,10,10]",10,4,accepted_7_10_consensus,pair_unresolved_or_atypical,supports_left_even_right_odd
9e786a668e752cb2c55bb9ce.jpg,6fed5e94-8e25-56b2-a69f-1c3f50420ce6,2021-03-13,9,1,3,left,0.67537,0.73507,0.39349,0.4375,"[null,3,null,3]",,0,unresolved,pair_unresolved_or_atypical,supports_left_even_right_odd
9e786a668e752cb2c55bb9ce.jpg,6fed5e94-8e25-56b2-a69f-1c3f50420ce6,2021-03-13,9,1,3,right,0.89552,0.95709,0.39349,0.4375,"[null,10,10,10]",10,3,accepted_7_10_consensus,pair_unresolved_or_atypical,supports_left_even_right_odd
9e786a668e752cb2c55bb9ce.jpg,6fed5e94-8e25-56b2-a69f-1c3f50420ce6,2021-03-13,9,2,1,left,0.04415,0.10199,0.4375,0.48151,"[10,1,null,9]",,1,unresolved,pair_unresolved_or_atypical,supports_left_even_right_odd
9e786a668e752cb2c55bb9ce.jpg,6fed5e94-8e25-56b2-a69f-1c3f50420ce6,2021-03-13,9,2,1,right,0.26368,0.32525,0.4375,0.48151,"[null,null,null,null]",,0,unresolved,pair_unresolved_or_atypical,supports_left_even_right_odd
9e786a668e752cb2c55bb9ce.jpg,6fed5e94-8e25-56b2-a69f-1c3f50420ce6,2021-03-13,9,2,2,left,0.36007,0.41915,0.4375,0.48151,"[10,1,null,null]",,1,unresolved,pair_unresolved_or_atypical,supports_left_even_right_odd
9e786a668e752cb2c55bb9ce.jpg,6fed5e94-8e25-56b2-a69f-1c3f50420ce6,2021-03-13,9,2,2,right,0.5796,0.64117,0.4375,0.48151,"[null,null,null,null]",,0,unresolved,pair_unresolved_or_atypical,supports_left_even_right_odd
9e786a668e752cb2c55bb9ce.jpg,6fed5e94-8e25-56b2-a69f-1c3f50420ce6,2021-03-13,9,2,3,left,0.67537,0.73507,0.4375,0.48151,"[0,0,null,null]",,0,unresolved,pair_unresolved_or_atypical,supports_left_even_right_odd
9e786a668e752cb2c55bb9ce.jpg,6fed5e94-8e25-56b2-a69f-1c3f50420ce6,2021-03-13,9,2,3,right,0.89552,0.95709,0.4375,0.48151,"[null,9,null,null]",,1,unresolved,pair_unresolved_or_atypical,supports_left_even_right_odd
9e786a668e752cb2c55bb9ce.jpg,6fed5e94-8e25-56b2-a69f-1c3f50420ce6,2021-03-13,9,3,1,left,0.04415,0.10199,0.48151,0.52377,"[10,8,null,null]",,1,unresolved,pair_unresolved_or_atypical,supports_left_even_right_odd
9e786a668e752cb2c55bb9ce.jpg,6fed5e94-8e25-56b2-a69f-1c3f50420ce6,2021-03-13,9,3,1,right,0.26368,0.32525,0.48151,0.52377,"[null,9,null,3]",,1,unresolved,pair_unresolved_or_atypical,supports_left_even_right_odd
9e786a668e752cb2c55bb9ce.jpg,6fed5e94-8e25-56b2-a69f-1c3f50420ce6,2021-03-13,9,3,2,left,0.36007,0.41915,0.48151,0.52377,"[null,3,null,null]",,0,unresolved,pair_unresolved_or_atypical,supports_left_even_right_odd
9e786a668e752cb2c55bb9ce.jpg,6fed5e94-8e25-56b2-a69f-1c3f50420ce6,2021-03-13,9,3,2,right,0.5796,0.64117,0.48151,0.52377,"[10,1,null,null]",,1,unresolved,pair_unresolved_or_atypical,supports_left_even_right_odd
9e786a668e752cb2c55bb9ce.jpg,6fed5e94-8e25-56b2-a69f-1c3f50420ce6,2021-03-13,9,3,3,left,0.67537,0.73507,0.48151,0.52377,"[9,null,null,null]",,1,unresolved,pair_unresolved_or_atypical,supports_left_even_right_odd
9e786a668e752cb2c55bb9ce.jpg,6fed5e94-8e25-56b2-a69f-1c3f50420ce6,2021-03-13,9,3,3,right,0.89552,0.95709,0.48151,0.52377,"[10,null,1,1]",,1,unresolved,pair_unresolved_or_atypical,supports_left_even_right_odd
bc3e0ad69dbaf423e4064f68.jpeg,3e50330b-30ed-50b1-98bd-69f854bf6bb8,2024-08-03,9,1,1,left,0.04353,0.10261,0.39349,0.43574,"[null,9,null,3]",,1,unresolved,pair_unresolved_or_atypical,supports_left_even_right_odd
bc3e0ad69dbaf423e4064f68.jpeg,3e50330b-30ed-50b1-98bd-69f854bf6bb8,2024-08-03,9,1,1,right,0.26368,0.32525,0.39349,0.43574,"[10,10,10,10]",10,4,accepted_7_10_consensus,pair_unresolved_or_atypical,supports_left_even_right_odd
bc3e0ad69dbaf423e4064f68.jpeg,3e50330b-30ed-50b1-98bd-69f854bf6bb8,2024-08-03,9,1,2,left,0.36007,0.41915,0.39349,0.43574,"[null,null,null,3]",,0,unresolved,pair_unresolved_or_atypical,supports_left_even_right_odd
bc3e0ad69dbaf423e4064f68.jpeg,3e50330b-30ed-50b1-98bd-69f854bf6bb8,2024-08-03,9,1,2,right,0.5796,0.64117,0.39349,0.43574,"[10,10,1,10]",10,3,accepted_7_10_consensus,pair_unresolved_or_atypical,supports_left_even_right_odd
bc3e0ad69dbaf423e4064f68.jpeg,3e50330b-30ed-50b1-98bd-69f854bf6bb8,2024-08-03,9,1,3,left,0.676,0.73507,0.39349,0.43574,"[null,9,null,3]",,1,unresolved,pair_unresolved_or_atypical,supports_left_even_right_odd
bc3e0ad69dbaf423e4064f68.jpeg,3e50330b-30ed-50b1-98bd-69f854bf6bb8,2024-08-03,9,1,3,right,0.89552,0.95709,0.39349,0.43574,"[null,10,null,4]",,1,unresolved,pair_unresolved_or_atypical,supports_left_even_right_odd
bc3e0ad69dbaf423e4064f68.jpeg,3e50330b-30ed-50b1-98bd-69f854bf6bb8,2024-08-03,9,2,1,left,0.04353,0.10261,0.43574,0.47975,"[null,10,null,null]",,1,unresolved,pair_unresolved_or_atypical,supports_left_even_right_odd
bc3e0ad69dbaf423e4064f68.jpeg,3e50330b-30ed-50b1-98bd-69f854bf6bb8,2024-08-03,9,2,1,right,0.26368,0.32525,0.43574,0.47975,"[null,3,null,null]",,0,unresolved,pair_unresolved_or_atypical,supports_left_even_right_odd
bc3e0ad69dbaf423e4064f68.jpeg,3e50330b-30ed-50b1-98bd-69f854bf6bb8,2024-08-03,9,2,2,left,0.36007,0.41915,0.43574,0.47975,"[10,10,10,1]",10,3,accepted_7_10_consensus,pair_unresolved_or_atypical,supports_left_even_right_odd
bc3e0ad69dbaf423e4064f68.jpeg,3e50330b-30ed-50b1-98bd-69f854bf6bb8,2024-08-03,9,2,2,right,0.5796,0.64117,0.43574,0.47975,"[null,9,null,null]",,1,unresolved,pair_unresolved_or_atypical,supports_left_even_right_odd
bc3e0ad69dbaf423e4064f68.jpeg,3e50330b-30ed-50b1-98bd-69f854bf6bb8,2024-08-03,9,2,3,left,0.676,0.73507,0.43574,0.47975,"[10,10,null,null]",10,2,accepted_7_10_consensus,pair_unresolved_or_atypical,supports_left_even_right_odd
bc3e0ad69dbaf423e4064f68.jpeg,3e50330b-30ed-50b1-98bd-69f854bf6bb8,2024-08-03,9,2,3,right,0.89552,0.95709,0.43574,0.47975,"[null,9,null,3]",,1,unresolved,pair_unresolved_or_atypical,supports_left_even_right_odd
bc3e0ad69dbaf423e4064f68.jpeg,3e50330b-30ed-50b1-98bd-69f854bf6bb8,2024-08-03,9,3,1,left,0.04353,0.10261,0.47975,0.52377,"[null,0,null,null]",,0,unresolved,pair_unresolved_or_atypical,supports_left_even_right_odd
bc3e0ad69dbaf423e4064f68.jpeg,3e50330b-30ed-50b1-98bd-69f854bf6bb8,2024-08-03,9,3,1,right,0.26368,0.32525,0.47975,0.52377,"[null,null,null,null]",,0,unresolved,pair_unresolved_or_atypical,supports_left_even_right_odd
bc3e0ad69dbaf423e4064f68.jpeg,3e50330b-30ed-50b1-98bd-69f854bf6bb8,2024-08-03,9,3,2,left,0.36007,0.41915,0.47975,0.52377,"[10,0,10,null]",10,2,accepted_7_10_consensus,pair_unresolved_or_atypical,supports_left_even_right_odd
bc3e0ad69dbaf423e4064f68.jpeg,3e50330b-30ed-50b1-98bd-69f854bf6bb8,2024-08-03,9,3,2,right,0.5796,0.64117,0.47975,0.52377,"[null,null,null,null]",,0,unresolved,pair_unresolved_or_atypical,supports_left_even_right_odd
bc3e0ad69dbaf423e4064f68.jpeg,3e50330b-30ed-50b1-98bd-69f854bf6bb8,2024-08-03,9,3,3,left,0.676,0.73507,0.47975,0.52377,"[10,10,null,null]",10,2,accepted_7_10_consensus,pair_unresolved_or_atypical,supports_left_even_right_odd
bc3e0ad69dbaf423e4064f68.jpeg,3e50330b-30ed-50b1-98bd-69f854bf6bb8,2024-08-03,9,3,3,right,0.89552,0.95709,0.47975,0.52377,"[null,3,null,3]",,0,unresolved,pair_unresolved_or_atypical,supports_left_even_right_odd
d80b35ed59b12d1fc51ae05b.jpg,90ea32aa-1709-5cd8-92a6-95da3d5a83fe,2025-03-01,7,1,1,left,0.04291,0.10137,0.43685,0.48535,"[null,3,null,3]",,0,unresolved,pair_unresolved_or_atypical,supports_left_even_right_odd
d80b35ed59b12d1fc51ae05b.jpg,90ea32aa-1709-5cd8-92a6-95da3d5a83fe,2025-03-01,7,1,1,right,0.26244,0.32463,0.43685,0.48535,"[10,1,10,1]",10,2,accepted_7_10_consensus,pair_unresolved_or_atypical,supports_left_even_right_odd
d80b35ed59b12d1fc51ae05b.jpg,90ea32aa-1709-5cd8-92a6-95da3d5a83fe,2025-03-01,7,1,2,left,0.35883,0.41791,0.43685,0.48535,"[9,3,null,null]",,1,unresolved,pair_unresolved_or_atypical,supports_left_even_right_odd
d80b35ed59b12d1fc51ae05b.jpg,90ea32aa-1709-5cd8-92a6-95da3d5a83fe,2025-03-01,7,1,2,right,0.57836,0.64117,0.43685,0.48535,"[null,10,null,null]",,1,unresolved,pair_unresolved_or_atypical,supports_left_even_right_odd
d80b35ed59b12d1fc51ae05b.jpg,90ea32aa-1709-5cd8-92a6-95da3d5a83fe,2025-03-01,7,1,3,left,0.67475,0.73507,0.43685,0.48535,"[9,3,null,3]",,1,unresolved,pair_unresolved_or_atypical,supports_left_even_right_odd
d80b35ed59b12d1fc51ae05b.jpg,90ea32aa-1709-5cd8-92a6-95da3d5a83fe,2025-03-01,7,1,3,right,0.89552,0.95709,0.43685,0.48535,"[10,10,1,10]",10,3,accepted_7_10_consensus,pair_unresolved_or_atypical,supports_left_even_right_odd
d80b35ed59b12d1fc51ae05b.jpg,90ea32aa-1709-5cd8-92a6-95da3d5a83fe,2025-03-01,7,2,1,left,0.04291,0.10137,0.48535,0.53418,"[null,null,null,3]",,0,unresolved,pair_unresolved_or_atypical,supports_left_even_right_odd
d80b35ed59b12d1fc51ae05b.jpg,90ea32aa-1709-5cd8-92a6-95da3d5a83fe,2025-03-01,7,2,1,right,0.26244,0.32463,0.48535,0.53418,"[10,1,null,null]",,1,unresolved,pair_unresolved_or_atypical,supports_left_even_right_odd
d80b35ed59b12d1fc51ae05b.jpg,90ea32aa-1709-5cd8-92a6-95da3d5a83fe,2025-03-01,7,2,2,left,0.35883,0.41791,0.48535,0.53418,"[null,3,null,4]",,0,unresolved,pair_unresolved_or_atypical,supports_left_even_right_odd
d80b35ed59b12d1fc51ae05b.jpg,90ea32aa-1709-5cd8-92a6-95da3d5a83fe,2025-03-01,7,2,2,right,0.57836,0.64117,0.48535,0.53418,"[null,10,1,10]",10,2,accepted_7_10_consensus,pair_unresolved_or_atypical,supports_left_even_right_odd
d80b35ed59b12d1fc51ae05b.jpg,90ea32aa-1709-5cd8-92a6-95da3d5a83fe,2025-03-01,7,2,3,left,0.67475,0.73507,0.48535,0.53418,"[null,3,null,3]",,0,unresolved,pair_unresolved_or_atypical,supports_left_even_right_odd
d80b35ed59b12d1fc51ae05b.jpg,90ea32aa-1709-5cd8-92a6-95da3d5a83fe,2025-03-01,7,2,3,right,0.89552,0.95709,0.48535,0.53418,"[10,10,10,1]",10,3,accepted_7_10_consensus,pair_unresolved_or_atypical,supports_left_even_right_odd
d80b35ed59b12d1fc51ae05b.jpg,90ea32aa-1709-5cd8-92a6-95da3d5a83fe,2025-03-01,7,3,1,left,0.04291,0.10137,0.53418,0.58203,"[9,3,null,3]",,1,unresolved,pair_unresolved_or_atypical,supports_left_even_right_odd
d80b35ed59b12d1fc51ae05b.jpg,90ea32aa-1709-5cd8-92a6-95da3d5a83fe,2025-03-01,7,3,1,right,0.26244,0.32463,0.53418,0.58203,"[10,null,null,null]",,1,unresolved,pair_unresolved_or_atypical,supports_left_even_right_odd
d80b35ed59b12d1fc51ae05b.jpg,90ea32aa-1709-5cd8-92a6-95da3d5a83fe,2025-03-01,7,3,2,left,0.35883,0.41791,0.53418,0.58203,"[null,3,null,3]",,0,unresolved,pair_unresolved_or_atypical,supports_left_even_right_odd
d80b35ed59b12d1fc51ae05b.jpg,90ea32aa-1709-5cd8-92a6-95da3d5a83fe,2025-03-01,7,3,2,right,0.57836,0.64117,0.53418,0.58203,"[10,1,null,1]",,1,unresolved,pair_unresolved_or_atypical,supports_left_even_right_odd
d80b35ed59b12d1fc51ae05b.jpg,90ea32aa-1709-5cd8-92a6-95da3d5a83fe,2025-03-01,7,3,3,left,0.67475,0.73507,0.53418,0.58203,"[null,3,null,3]",,0,unresolved,pair_unresolved_or_atypical,supports_left_even_right_odd
d80b35ed59b12d1fc51ae05b.jpg,90ea32aa-1709-5cd8-92a6-95da3d5a83fe,2025-03-01,7,3,3,right,0.89552,0.95709,0.53418,0.58203,"[10,10,10,null]",10,3,accepted_7_10_consensus,pair_unresolved_or_atypical,supports_left_even_right_odd
fb5e4df1fc4b6645824f1776.jpg,9e4f6c71-fc06-5b50-9387-b6eda389f2b6,2024-01-13,7,1,1,left,0.04415,0.10261,0.45876,0.50928,"[null,9,null,3]",,1,unresolved,pair_unresolved_or_atypical,mixed_or_conflicting_anchor_orientation
fb5e4df1fc4b6645824f1776.jpg,9e4f6c71-fc06-5b50-9387-b6eda389f2b6,2024-01-13,7,1,1,right,0.26368,0.32525,0.45876,0.50928,"[0,10,null,10]",10,2,accepted_7_10_consensus,pair_unresolved_or_atypical,mixed_or_conflicting_anchor_orientation
fb5e4df1fc4b6645824f1776.jpg,9e4f6c71-fc06-5b50-9387-b6eda389f2b6,2024-01-13,7,1,2,left,0.36007,0.41915,0.45876,0.50928,"[null,3,null,3]",,0,unresolved,pair_unresolved_or_atypical,mixed_or_conflicting_anchor_orientation
fb5e4df1fc4b6645824f1776.jpg,9e4f6c71-fc06-5b50-9387-b6eda389f2b6,2024-01-13,7,1,2,right,0.5796,0.64117,0.45876,0.50928,"[7,1,0,1]",,1,unresolved,pair_unresolved_or_atypical,mixed_or_conflicting_anchor_orientation
fb5e4df1fc4b6645824f1776.jpg,9e4f6c71-fc06-5b50-9387-b6eda389f2b6,2024-01-13,7,1,3,left,0.67537,0.73507,0.45876,0.50928,"[null,3,6,3]",,0,unresolved,pair_unresolved_or_atypical,mixed_or_conflicting_anchor_orientation
fb5e4df1fc4b6645824f1776.jpg,9e4f6c71-fc06-5b50-9387-b6eda389f2b6,2024-01-13,7,1,3,right,0.89552,0.95709,0.45876,0.50928,"[null,10,null,1]",,1,unresolved,pair_unresolved_or_atypical,mixed_or_conflicting_anchor_orientation
fb5e4df1fc4b6645824f1776.jpg,9e4f6c71-fc06-5b50-9387-b6eda389f2b6,2024-01-13,7,2,1,left,0.04415,0.10261,0.50928,0.56082,"[10,10,10,0]",10,3,accepted_7_10_consensus,pair_unresolved_or_atypical,mixed_or_conflicting_anchor_orientation
fb5e4df1fc4b6645824f1776.jpg,9e4f6c71-fc06-5b50-9387-b6eda389f2b6,2024-01-13,7,2,1,right,0.26368,0.32525,0.50928,0.56082,"[null,3,null,3]",,0,unresolved,pair_unresolved_or_atypical,mixed_or_conflicting_anchor_orientation
fb5e4df1fc4b6645824f1776.jpg,9e4f6c71-fc06-5b50-9387-b6eda389f2b6,2024-01-13,7,2,2,left,0.36007,0.41915,0.50928,0.56082,"[10,0,1,null]",,1,unresolved,pair_unresolved_or_atypical,mixed_or_conflicting_anchor_orientation
fb5e4df1fc4b6645824f1776.jpg,9e4f6c71-fc06-5b50-9387-b6eda389f2b6,2024-01-13,7,2,2,right,0.5796,0.64117,0.50928,0.56082,"[9,9,null,null]",9,2,accepted_7_10_consensus,pair_unresolved_or_atypical,mixed_or_conflicting_anchor_orientation
fb5e4df1fc4b6645824f1776.jpg,9e4f6c71-fc06-5b50-9387-b6eda389f2b6,2024-01-13,7,2,3,left,0.67537,0.73507,0.50928,0.56082,"[10,0,null,null]",,1,unresolved,pair_unresolved_or_atypical,mixed_or_conflicting_anchor_orientation
fb5e4df1fc4b6645824f1776.jpg,9e4f6c71-fc06-5b50-9387-b6eda389f2b6,2024-01-13,7,2,3,right,0.89552,0.95709,0.50928,0.56082,"[null,3,9,3]",,1,unresolved,pair_unresolved_or_atypical,mixed_or_conflicting_anchor_orientation
fb5e4df1fc4b6645824f1776.jpg,9e4f6c71-fc06-5b50-9387-b6eda389f2b6,2024-01-13,7,3,1,left,0.04415,0.10261,0.56082,0.61134,"[null,3,null,null]",,0,unresolved,pair_unresolved_or_atypical,mixed_or_conflicting_anchor_orientation
fb5e4df1fc4b6645824f1776.jpg,9e4f6c71-fc06-5b50-9387-b6eda389f2b6,2024-01-13,7,3,1,right,0.26368,0.32525,0.56082,0.61134,"[10,10,10,10]",10,4,accepted_7_10_consensus,pair_unresolved_or_atypical,mixed_or_conflicting_anchor_orientation
fb5e4df1fc4b6645824f1776.jpg,9e4f6c71-fc06-5b50-9387-b6eda389f2b6,2024-01-13,7,3,2,left,0.36007,0.41915,0.56082,0.61134,"[null,3,null,3]",,0,unresolved,pair_unresolved_or_atypical,mixed_or_conflicting_anchor_orientation
fb5e4df1fc4b6645824f1776.jpg,9e4f6c71-fc06-5b50-9387-b6eda389f2b6,2024-01-13,7,3,2,right,0.5796,0.64117,0.56082,0.61134,"[null,10,10,10]",10,3,accepted_7_10_consensus,pair_unresolved_or_atypical,mixed_or_conflicting_anchor_orientation
fb5e4df1fc4b6645824f1776.jpg,9e4f6c71-fc06-5b50-9387-b6eda389f2b6,2024-01-13,7,3,3,left,0.67537,0.73507,0.56082,0.61134,"[null,3,null,3]",,0,unresolved,pair_unresolved_or_atypical,mixed_or_conflicting_anchor_orientation
fb5e4df1fc4b6645824f1776.jpg,9e4f6c71-fc06-5b50-9387-b6eda389f2b6,2024-01-13,7,3,3,right,0.89552,0.95709,0.56082,0.61134,"[0,10,10,10]",10,3,accepted_7_10_consensus,pair_unresolved_or_atypical,mixed_or_conflicting_anchor_orientation
