state_concept,literal_F02_f1,literal_F02_f2,MIN_class,transformation_note,threshold_source
early_finish,f1__fs__early_finish_profile__r1_finish_win__career__shrunk,f2__fs__early_finish_profile__r1_finish_win__career__shrunk,Directly represented; potential cross-concept alignment loss,For included pairs: individual mean and absolute difference only; no generic cross-concept directional alignment,PR113 frozen predictor-only p33/p67
experience,f1__fs__prior_fight_count__career__raw,f2__fs__prior_fight_count__career__raw,Directly represented; potential cross-concept alignment loss,For included pairs: individual mean and absolute difference only; no generic cross-concept directional alignment,PR113 frozen predictor-only p33/p67
ground_share,f1__fs__sig_environment_mix__ground_share__career__shrunk,f2__fs__sig_environment_mix__ground_share__career__shrunk,"Available in F02 and FULL, excluded from MIN",For included pairs: individual mean and absolute difference only; no generic cross-concept directional alignment,PR113 frozen predictor-only p33/p67
kd_creation,f1__fs__knockdown_rate__created_per_15__career__shrunk,f2__fs__knockdown_rate__created_per_15__career__shrunk,Directly represented; potential cross-concept alignment loss,For included pairs: individual mean and absolute difference only; no generic cross-concept directional alignment,PR113 frozen predictor-only p33/p67
kd_vulnerability,f1__fs__knockdown_rate__allowed_per_15__career__shrunk,f2__fs__knockdown_rate__allowed_per_15__career__shrunk,Directly represented; potential cross-concept alignment loss,For included pairs: individual mean and absolute difference only; no generic cross-concept directional alignment,PR113 frozen predictor-only p33/p67
ko_loss_history,f1__fs__finish_method_loss_profile__ko_tko__career__shrunk,f2__fs__finish_method_loss_profile__ko_tko__career__shrunk,Directly represented; potential cross-concept alignment loss,For included pairs: individual mean and absolute difference only; no generic cross-concept directional alignment,PR113 frozen predictor-only p33/p67
ko_win_history,f1__fs__finish_method_win_profile__ko_tko__career__shrunk,f2__fs__finish_method_win_profile__ko_tko__career__shrunk,Directly represented; potential cross-concept alignment loss,For included pairs: individual mean and absolute difference only; no generic cross-concept directional alignment,PR113 frozen predictor-only p33/p67
strike_absorbed,f1__fs__sig_strike_flow__absorbed_per_min__career__shrunk,f2__fs__sig_strike_flow__absorbed_per_min__career__shrunk,"Available in F02 and FULL, excluded from MIN",For included pairs: individual mean and absolute difference only; no generic cross-concept directional alignment,PR113 frozen predictor-only p33/p67
strike_accuracy,f1__fs__sig_strike_efficiency__accuracy__career__shrunk,f2__fs__sig_strike_efficiency__accuracy__career__shrunk,"Available in F02 and FULL, excluded from MIN",For included pairs: individual mean and absolute difference only; no generic cross-concept directional alignment,PR113 frozen predictor-only p33/p67
strike_defense,f1__fs__sig_strike_efficiency__defense__career__shrunk,f2__fs__sig_strike_efficiency__defense__career__shrunk,"Available in F02 and FULL, excluded from MIN",For included pairs: individual mean and absolute difference only; no generic cross-concept directional alignment,PR113 frozen predictor-only p33/p67
strike_flow,f1__fs__sig_strike_flow__landed_per_min__career__shrunk,f2__fs__sig_strike_flow__landed_per_min__career__shrunk,"Available in F02 and FULL, excluded from MIN",For included pairs: individual mean and absolute difference only; no generic cross-concept directional alignment,PR113 frozen predictor-only p33/p67
sub_pressure,f1__fs__submission_attempt_rate__created_per_15__career__shrunk,f2__fs__submission_attempt_rate__created_per_15__career__shrunk,Directly represented; potential cross-concept alignment loss,For included pairs: individual mean and absolute difference only; no generic cross-concept directional alignment,PR113 frozen predictor-only p33/p67
sub_vulnerability,f1__fs__submission_attempt_rate__faced_per_15__career__shrunk,f2__fs__submission_attempt_rate__faced_per_15__career__shrunk,Directly represented; potential cross-concept alignment loss,For included pairs: individual mean and absolute difference only; no generic cross-concept directional alignment,PR113 frozen predictor-only p33/p67
sub_win_history,f1__fs__finish_method_win_profile__submission__career__shrunk,f2__fs__finish_method_win_profile__submission__career__shrunk,Directly represented; potential cross-concept alignment loss,For included pairs: individual mean and absolute difference only; no generic cross-concept directional alignment,PR113 frozen predictor-only p33/p67
td_conversion,f1__fs__takedown_conversion__success__career__shrunk,f2__fs__takedown_conversion__success__career__shrunk,Directly represented; potential cross-concept alignment loss,For included pairs: individual mean and absolute difference only; no generic cross-concept directional alignment,PR113 frozen predictor-only p33/p67
td_defense,f1__fs__takedown_conversion__defense__career__shrunk,f2__fs__takedown_conversion__defense__career__shrunk,Directly represented; potential cross-concept alignment loss,For included pairs: individual mean and absolute difference only; no generic cross-concept directional alignment,PR113 frozen predictor-only p33/p67
td_pressure,f1__fs__takedown_pressure__created_per_15__career__shrunk,f2__fs__takedown_pressure__created_per_15__career__shrunk,Directly represented; potential cross-concept alignment loss,For included pairs: individual mean and absolute difference only; no generic cross-concept directional alignment,PR113 frozen predictor-only p33/p67
