diagnostic,group,multiclass_LL,summed_Brier,n,n_finish,LL,Brier,conditional_SUB,full_SUB,observed_SUB,observed_conditional_SUB
population,ALL,0.9926116173456252,0.5925336918862535,4260,2115,0.6493192916096765,0.22676260119407732,0.28166671136392785,0.13446551404682552,0.17699530516431924,0.3565011820330969
population,B3,1.096762213080202,0.6474968008964981,412,224,0.8120437303257527,0.29891413890804613,0.3002405757422143,0.15682810558872592,0.2936893203883495,0.5401785714285714
population,B5,1.1650889165111247,0.701088393059792,591,355,0.7936291831243742,0.29285384900608435,0.3185163834828604,0.16699697059759197,0.3299492385786802,0.5492957746478873
population,A1,1.016877065619206,0.6171709608708456,763,457,0.5825351132687732,0.19556868252023465,0.21046490041343913,0.11540888506057227,0.1651376146788991,0.2757111597374179
population,A2,0.8533707474822152,0.518722792172669,143,79,0.37090384471598603,0.10566676350961547,0.19412412573764737,0.11718026406623872,0.06293706293706294,0.11392405063291144
population,A4,1.0070165618758538,0.6043888700108981,789,484,0.5759856001132977,0.190769474367535,0.1660382936596595,0.0963925714122142,0.1520912547528517,0.2479338842975206
population,2018,1.00818134513282,0.5983536216084874,470,241,0.6612145732856922,0.2304025466237425,0.2859489427416042,0.13793972403825755,0.19148936170212766,0.37344398340248963
population,2019,0.9542088147174804,0.5672314860314882,507,231,0.643380266672793,0.2246230788089732,0.28779552001956155,0.1446185044946217,0.15581854043392504,0.34199134199134196
population,2020,0.9933063269550116,0.59324532148643,443,220,0.6641136674425911,0.2320452215752812,0.29109245041994336,0.13532186540177232,0.18510158013544017,0.3727272727272727
population,2021,1.0004011775472936,0.6040619799248372,492,239,0.6269990639542882,0.21789182360804193,0.29478025520370743,0.13430776682180076,0.1483739837398374,0.305439330543933
population,2022,1.020751935099767,0.6108703097086567,505,268,0.6493311244324356,0.22677607815703155,0.28230495484890095,0.12919393211393113,0.19207920792079208,0.3619402985074627
population,2023,1.018877522524818,0.6082786339929883,505,258,0.6704796637109518,0.23582958805082777,0.2843497236562128,0.13490652879219506,0.19801980198019803,0.3875968992248062
population,2024,0.9429553121143132,0.5597422486084379,502,223,0.6530069634853648,0.22976598224610117,0.2690376068609426,0.13373363828583867,0.16334661354581673,0.3677130044843049
population,2025,0.9918535123624188,0.5901252311148766,504,252,0.6538541851689077,0.22744271002687752,0.27524561937073455,0.1308539969719494,0.1765873015873016,0.35317460317460314
population,2026,1.0102219681065578,0.6062977363473301,332,183,0.6119271189269649,0.21250525882264026,0.25934740496811337,0.12707047127248258,0.18674698795180722,0.3387978142076503
population,support_0,1.0236737007021803,0.6155779280118381,843,447,0.6355386861786959,0.2202586645166698,0.273568299225745,0.13276077003454098,0.18030842230130487,0.3400447427293065
population,support_1-2,1.0171215659060517,0.6060539174679545,1178,593,0.6805751591749313,0.24017557403769202,0.28451278529775215,0.13417416033023744,0.19864176570458403,0.39460370994940974
population,support_3-7,0.9718413012222449,0.5791309729809951,1416,688,0.6391430280560556,0.22276906001136007,0.2865713584306724,0.1360763765470593,0.17372881355932204,0.3575581395348837
population,support_8+,0.9614484483990253,0.5726371343901836,823,387,0.6354342024271017,0.22082183409394054,0.2779402803589922,0.13385716967278632,0.14823815309842042,0.31524547803617575
