ranking_fighter_name,normalized_name,greco_fighter_name,greco_fighter_url,match_method,review_status
Aaron Pico,aaronpico,Aaron Pico,http://ufcstats.com/fighter-details/5537efc6e496dd84,exact_normalized_display_name_unique,candidate
Abus Magomedov,abusmagomedov,Abus Magomedov,http://ufcstats.com/fighter-details/36b8f265bcd1b7a4,exact_normalized_display_name_unique,candidate
Adrian Yanez,adrianyanez,Adrian Yanez,http://ufcstats.com/fighter-details/0232cabbc30a2372,exact_normalized_display_name_unique,candidate
Aiemann Zahabi,aiemannzahabi,Aiemann Zahabi,http://ufcstats.com/fighter-details/24656ef4d605c96f,exact_normalized_display_name_unique,candidate
Ailin Perez,ailinperez,Ailin Perez,http://ufcstats.com/fighter-details/06e4245d16fc5315,exact_normalized_display_name_unique,candidate
Aisling Daly,aislingdaly,Aisling Daly,http://ufcstats.com/fighter-details/e50cd77732d39967,exact_normalized_display_name_unique,candidate
Al Iaquinta,aliaquinta,Al Iaquinta,http://ufcstats.com/fighter-details/59279a7c978f7da0,exact_normalized_display_name_unique,candidate
Alan Belcher,alanbelcher,Alan Belcher,http://ufcstats.com/fighter-details/4130a743d9d22163,exact_normalized_display_name_unique,candidate
Albert Tumenov,alberttumenov,Albert Tumenov,http://ufcstats.com/fighter-details/ff6a1f63c254127e,exact_normalized_display_name_unique,candidate
Alejandro Perez,alejandroperez,Alejandro Perez,http://ufcstats.com/fighter-details/80daefbed11ce998,exact_normalized_display_name_unique,candidate
Aleksandar Rakic,aleksandarrakic,Aleksandar Rakic,http://ufcstats.com/fighter-details/333b9e5c723ac873,exact_normalized_display_name_unique,candidate
Aleksei Oleinik,alekseioleinik,Aleksei Oleinik,http://ufcstats.com/fighter-details/98c23cb6da5b3352,exact_normalized_display_name_unique,candidate
Alex Caceres,alexcaceres,Alex Caceres,http://ufcstats.com/fighter-details/7aa3d6964eff4877,exact_normalized_display_name_unique,candidate
Alex Oliveira,alexoliveira,Alex Oliveira,http://ufcstats.com/fighter-details/57b10fca4f9c9a7a,exact_normalized_display_name_unique,candidate
Alex Pereira,alexpereira,Alex Pereira,http://ufcstats.com/fighter-details/e5549c82bfb5582d,exact_normalized_display_name_unique,candidate
Alex Perez,alexperez,Alex Perez,http://ufcstats.com/fighter-details/ab2b4ff41d6ebe0f,exact_normalized_display_name_unique,candidate
Alexa Grasso,alexagrasso,Alexa Grasso,http://ufcstats.com/fighter-details/e8b731feff72294b,exact_normalized_display_name_unique,candidate
Alexander Gustafsson,alexandergustafsson,Alexander Gustafsson,http://ufcstats.com/fighter-details/3c6976f8182d9527,exact_normalized_display_name_unique,candidate
Alexander Hernandez,alexanderhernandez,Alexander Hernandez,http://ufcstats.com/fighter-details/262a7d06203657e6,exact_normalized_display_name_unique,candidate
Alexander Volkanovski,alexandervolkanovski,Alexander Volkanovski,http://ufcstats.com/fighter-details/e1248941344b3288,exact_normalized_display_name_unique,candidate
Alexander Volkov,alexandervolkov,Alexander Volkov,http://ufcstats.com/fighter-details/279566840aa55bf2,exact_normalized_display_name_unique,candidate
Alexandr Romanov,alexandrromanov,Alexandr Romanov,http://ufcstats.com/fighter-details/c0badf3243907e59,exact_normalized_display_name_unique,candidate
Alexandre Pantoja,alexandrepantoja,Alexandre Pantoja,http://ufcstats.com/fighter-details/a0f0004aadf10b71,exact_normalized_display_name_unique,candidate
Alexia Thainara,alexiathainara,Alexia Thainara,http://ufcstats.com/fighter-details/545092d13c67aa49,exact_normalized_display_name_unique,candidate
Alexis Davis,alexisdavis,Alexis Davis,http://ufcstats.com/fighter-details/4c2d90e335e6df19,exact_normalized_display_name_unique,candidate
Ali Bagautinov,alibagautinov,Ali Bagautinov,http://ufcstats.com/fighter-details/3dd92ff9fb0412b3,exact_normalized_display_name_unique,candidate
Alistair Overeem,alistairovereem,Alistair Overeem,http://ufcstats.com/fighter-details/b4ad3a06ee4d660c,exact_normalized_display_name_unique,candidate
Aljamain Sterling,aljamainsterling,Aljamain Sterling,http://ufcstats.com/fighter-details/cb696ebfb6598724,exact_normalized_display_name_unique,candidate
Alonzo Menifield,alonzomenifield,Alonzo Menifield,http://ufcstats.com/fighter-details/a495f599e787614f,exact_normalized_display_name_unique,candidate
Amanda Lemos,amandalemos,Amanda Lemos,http://ufcstats.com/fighter-details/3df5493bb279226f,exact_normalized_display_name_unique,candidate
Amanda Nunes,amandanunes,Amanda Nunes,http://ufcstats.com/fighter-details/80fa8218c99f9c58,exact_normalized_display_name_unique,candidate
Amanda Ribas,amandaribas,Amanda Ribas,http://ufcstats.com/fighter-details/beecb672a279223e,exact_normalized_display_name_unique,candidate
Amir Albazi,amiralbazi,Amir Albazi,http://ufcstats.com/fighter-details/6d35bf94f7d30241,exact_normalized_display_name_unique,candidate
Anderson Silva,andersonsilva,Anderson Silva,http://ufcstats.com/fighter-details/1f454354805b6f75,exact_normalized_display_name_unique,candidate
Andre Fili,andrefili,Andre Fili,http://ufcstats.com/fighter-details/8fd808923cffff82,exact_normalized_display_name_unique,candidate
Andre Muniz,andremuniz,Andre Muniz,http://ufcstats.com/fighter-details/886264a0c9f4ea5e,exact_normalized_display_name_unique,candidate
Andrea Lee,andrealee,Andrea Lee,http://ufcstats.com/fighter-details/05fa626cb33d15b8,exact_normalized_display_name_unique,candidate
Andrei Arlovski,andreiarlovski,Andrei Arlovski,http://ufcstats.com/fighter-details/3738e68d2261e60f,exact_normalized_display_name_unique,candidate
Angela Hill,angelahill,Angela Hill,http://ufcstats.com/fighter-details/f0feeb2192937424,exact_normalized_display_name_unique,candidate
Ante Delija,antedelija,Ante Delija,http://ufcstats.com/fighter-details/7d8435c56043b0ae,exact_normalized_display_name_unique,candidate
Anthony Hernandez,anthonyhernandez,Anthony Hernandez,http://ufcstats.com/fighter-details/093e1f5bb73850be,exact_normalized_display_name_unique,candidate
Anthony Johnson,anthonyjohnson,Anthony Johnson,http://ufcstats.com/fighter-details/365fee2da473b177,exact_normalized_display_name_unique,candidate
Anthony Pettis,anthonypettis,Anthony Pettis,http://ufcstats.com/fighter-details/cbb682f5fcc44bfc,exact_normalized_display_name_unique,candidate
Anthony Rocco Martin,anthonyroccomartin,Anthony Rocco Martin,http://ufcstats.com/fighter-details/5331b25a60417ffb,exact_normalized_display_name_unique,candidate
Anthony Smith,anthonysmith,Anthony Smith,http://ufcstats.com/fighter-details/d4c9dcd330403612,exact_normalized_display_name_unique,candidate
Antonina Shevchenko,antoninashevchenko,Antonina Shevchenko,http://ufcstats.com/fighter-details/d7338bcb141abd2c,exact_normalized_display_name_unique,candidate
Antonio Carlos Junior,antoniocarlosjunior,Antonio Carlos Junior,http://ufcstats.com/fighter-details/52e76bb4b3e852f3,exact_normalized_display_name_unique,candidate
Antonio Rodrigo Nogueira,antoniorodrigonogueira,Antonio Rodrigo Nogueira,http://ufcstats.com/fighter-details/ee9d73f4fee9cbdd,exact_normalized_display_name_unique,candidate
Antonio Silva,antoniosilva,Antonio Silva,http://ufcstats.com/fighter-details/8349d55cdecd393a,exact_normalized_display_name_unique,candidate
Ariane da Silva,arianedasilva,Ariane da Silva,http://ufcstats.com/fighter-details/6551c64fbcd1a467,exact_normalized_display_name_unique,candidate
Arman Tsarukyan,armantsarukyan,Arman Tsarukyan,http://ufcstats.com/fighter-details/eae48ff31db420c2,exact_normalized_display_name_unique,candidate
Arnold Allen,arnoldallen,Arnold Allen,http://ufcstats.com/fighter-details/040a74bb0a465c54,exact_normalized_display_name_unique,candidate
Ashlee Evans-Smith,ashleeevanssmith,Ashlee Evans-Smith,http://ufcstats.com/fighter-details/fc6e681bf6658faf,exact_normalized_display_name_unique,candidate
Askar Askarov,askaraskarov,Askar Askarov,http://ufcstats.com/fighter-details/b1d19449397541dc,exact_normalized_display_name_unique,candidate
Aspen Ladd,aspenladd,Aspen Ladd,http://ufcstats.com/fighter-details/d4691518d012b9e7,exact_normalized_display_name_unique,candidate
Asu Almabayev,asualmabayev,Asu Almabayev,http://ufcstats.com/fighter-details/8d3273573b85be09,exact_normalized_display_name_unique,candidate
Augusto Sakai,augustosakai,Augusto Sakai,http://ufcstats.com/fighter-details/441eacbe20e0e80b,exact_normalized_display_name_unique,candidate
Azamat Murzakanov,azamatmurzakanov,Azamat Murzakanov,http://ufcstats.com/fighter-details/e90a2f22417af68e,exact_normalized_display_name_unique,candidate
Barb Honchak,barbhonchak,Barb Honchak,http://ufcstats.com/fighter-details/472f6f6e6d962f40,exact_normalized_display_name_unique,candidate
Bec Rawlings,becrawlings,Bec Rawlings,http://ufcstats.com/fighter-details/907e60fd13407e1e,exact_normalized_display_name_unique,candidate
Belal Muhammad,belalmuhammad,Belal Muhammad,http://ufcstats.com/fighter-details/b1b0729d27936f2f,exact_normalized_display_name_unique,candidate
Ben Askren,benaskren,Ben Askren,http://ufcstats.com/fighter-details/0b31f87be71ebbb1,exact_normalized_display_name_unique,candidate
Ben Nguyen,bennguyen,Ben Nguyen,http://ufcstats.com/fighter-details/840d2c82ea68b9aa,exact_normalized_display_name_unique,candidate
Ben Rothwell,benrothwell,Ben Rothwell,http://ufcstats.com/fighter-details/bd58d34e39b7b12a,exact_normalized_display_name_unique,candidate
Beneil Dariush,beneildariush,Beneil Dariush,http://ufcstats.com/fighter-details/08af939f41b5a57b,exact_normalized_display_name_unique,candidate
Benoit Saint Denis,benoitsaintdenis,Benoit Saint Denis,http://ufcstats.com/fighter-details/c2299ec916bc7c56,exact_normalized_display_name_unique,candidate
Benson Henderson,bensonhenderson,Benson Henderson,http://ufcstats.com/fighter-details/2676b28836a5a836,exact_normalized_display_name_unique,candidate
Bethe Correia,bethecorreia,Bethe Correia,http://ufcstats.com/fighter-details/673ea7dcc786b1b3,exact_normalized_display_name_unique,candidate
Bia Mesquita,biamesquita,Bia Mesquita,http://ufcstats.com/fighter-details/eff9074bc066f0f2,exact_normalized_display_name_unique,candidate
Blagoy Ivanov,blagoyivanov,Blagoy Ivanov,http://ufcstats.com/fighter-details/1788eee370f077b7,exact_normalized_display_name_unique,candidate
Bo Nickal,bonickal,Bo Nickal,http://ufcstats.com/fighter-details/35673bf5204524ee,exact_normalized_display_name_unique,candidate
Bogdan Guskov,bogdanguskov,Bogdan Guskov,http://ufcstats.com/fighter-details/ef5dcb10d2bd4b0f,exact_normalized_display_name_unique,candidate
Brad Pickett,bradpickett,Brad Pickett,http://ufcstats.com/fighter-details/c945adc22c2bfe8f,exact_normalized_display_name_unique,candidate
Brad Riddell,bradriddell,Brad Riddell,http://ufcstats.com/fighter-details/37ed1ab2f8b819f4,exact_normalized_display_name_unique,candidate
Brad Tavares,bradtavares,Brad Tavares,http://ufcstats.com/fighter-details/0c6d9ea8306c029e,exact_normalized_display_name_unique,candidate
Brando Pericic,brandopericic,Brando Pericic,http://ufcstats.com/fighter-details/d0fd0d9ee560dae7,exact_normalized_display_name_unique,candidate
Brandon Moreno,brandonmoreno,Brandon Moreno,http://ufcstats.com/fighter-details/792be9a24df82ed6,exact_normalized_display_name_unique,candidate
Brandon Royval,brandonroyval,Brandon Royval,http://ufcstats.com/fighter-details/6e15f63b6c2e2c15,exact_normalized_display_name_unique,candidate
Brendan Allen,brendanallen,Brendan Allen,http://ufcstats.com/fighter-details/2f181c0467965b98,exact_normalized_display_name_unique,candidate
Brendan Schaub,brendanschaub,Brendan Schaub,http://ufcstats.com/fighter-details/89a407032911e27e,exact_normalized_display_name_unique,candidate
Brett Johns,brettjohns,Brett Johns,http://ufcstats.com/fighter-details/ec52462a1b41f714,exact_normalized_display_name_unique,candidate
Brian Bowles,brianbowles,Brian Bowles,http://ufcstats.com/fighter-details/b26d3e3746fb4024,exact_normalized_display_name_unique,candidate
Brian Kelleher,briankelleher,Brian Kelleher,http://ufcstats.com/fighter-details/7be14eaed4c74856,exact_normalized_display_name_unique,candidate
Brian Ortega,brianortega,Brian Ortega,http://ufcstats.com/fighter-details/def8166ff24bd237,exact_normalized_display_name_unique,candidate
Brianna Fortino,briannafortino,Brianna Fortino,http://ufcstats.com/fighter-details/b53c46f613f6f248,exact_normalized_display_name_unique,candidate
Brock Lesnar,brocklesnar,Brock Lesnar,http://ufcstats.com/fighter-details/513c6f1715e547a8,exact_normalized_display_name_unique,candidate
Brunno Ferreira,brunnoferreira,Brunno Ferreira,http://ufcstats.com/fighter-details/1e719d4b676dc19a,exact_normalized_display_name_unique,candidate
Bryan Caraway,bryancaraway,Bryan Caraway,http://ufcstats.com/fighter-details/5ef0088c1b19beeb,exact_normalized_display_name_unique,candidate
Bryce Mitchell,brycemitchell,Bryce Mitchell,http://ufcstats.com/fighter-details/d9c6f19f958643e9,exact_normalized_display_name_unique,candidate
C.B. Dollaway,cbdollaway,CB Dollaway,http://ufcstats.com/fighter-details/5d7bdab5e03e3216,exact_normalized_display_name_unique,candidate
Cain Velasquez,cainvelasquez,Cain Velasquez,http://ufcstats.com/fighter-details/0ff11cc094e887bc,exact_normalized_display_name_unique,candidate
Caio Borralho,caioborralho,Caio Borralho,http://ufcstats.com/fighter-details/4126a78111c0855a,exact_normalized_display_name_unique,candidate
Calvin Kattar,calvinkattar,Calvin Kattar,http://ufcstats.com/fighter-details/751de04455cfaac0,exact_normalized_display_name_unique,candidate
Carla Esparza,carlaesparza,Carla Esparza,http://ufcstats.com/fighter-details/d910665038efc639,exact_normalized_display_name_unique,candidate
Carlos Condit,carloscondit,Carlos Condit,http://ufcstats.com/fighter-details/f9f07bb5a43535ed,exact_normalized_display_name_unique,candidate
Carlos Prates,carlosprates,Carlos Prates,http://ufcstats.com/fighter-details/7ee0fd831c0fe7c3,exact_normalized_display_name_unique,candidate
Carlos Ulberg,carlosulberg,Carlos Ulberg,http://ufcstats.com/fighter-details/9014c02eff8b3d62,exact_normalized_display_name_unique,candidate
Casey Kenney,caseykenney,Casey Kenney,http://ufcstats.com/fighter-details/e7bba7ce4d6c7b07,exact_normalized_display_name_unique,candidate
Casey O'Neill,caseyoneill,Casey O'Neill,http://ufcstats.com/fighter-details/04835018f90b118c,exact_normalized_display_name_unique,candidate
Cat Zingano,catzingano,Cat Zingano,http://ufcstats.com/fighter-details/3ecd936bd8814108,exact_normalized_display_name_unique,candidate
Cezar Ferreira,cezarferreira,Cezar Ferreira,http://ufcstats.com/fighter-details/dbc17725b887860a,exact_normalized_display_name_unique,candidate
Chad Mendes,chadmendes,Chad Mendes,http://ufcstats.com/fighter-details/b5b684eac99ae0a3,exact_normalized_display_name_unique,candidate
Chael Sonnen,chaelsonnen,Chael Sonnen,http://ufcstats.com/fighter-details/48d1f690b763934c,exact_normalized_display_name_unique,candidate
Chan Sung Jung,chansungjung,Chan Sung Jung,http://ufcstats.com/fighter-details/c451d67c09c55418,exact_normalized_display_name_unique,candidate
Charles Johnson,charlesjohnson,Charles Johnson,http://ufcstats.com/fighter-details/814e5233e2acf2ee,exact_normalized_display_name_unique,candidate
Charles Oliveira,charlesoliveira,Charles Oliveira,http://ufcstats.com/fighter-details/07225ba28ae309b6,exact_normalized_display_name_unique,candidate
Chelsea Chandler,chelseachandler,Chelsea Chandler,http://ufcstats.com/fighter-details/af9efbfd63d39734,exact_normalized_display_name_unique,candidate
Chico Camus,chicocamus,Chico Camus,http://ufcstats.com/fighter-details/32be4b7f7de1c905,exact_normalized_display_name_unique,candidate
Chris Cariaso,chriscariaso,Chris Cariaso,http://ufcstats.com/fighter-details/b2e3aca4cd363477,exact_normalized_display_name_unique,candidate
Chris Curtis,chriscurtis,Chris Curtis,http://ufcstats.com/fighter-details/5442f1bc4b47eaf3,exact_normalized_display_name_unique,candidate
Chris Daukaus,chrisdaukaus,Chris Daukaus,http://ufcstats.com/fighter-details/d0aaedcf7ccd0b45,exact_normalized_display_name_unique,candidate
Chris Gutierrez,chrisgutierrez,Chris Gutierrez,http://ufcstats.com/fighter-details/45f0cc9d18f35137,exact_normalized_display_name_unique,candidate
Chris Weidman,chrisweidman,Chris Weidman,http://ufcstats.com/fighter-details/3a8176e15b9887c1,exact_normalized_display_name_unique,candidate
Christian Leroy Duncan,christianleroyduncan,Christian Leroy Duncan,http://ufcstats.com/fighter-details/a93f94c923c3a9cb,exact_normalized_display_name_unique,candidate
Ciryl Gane,cirylgane,Ciryl Gane,http://ufcstats.com/fighter-details/787bb1f087ccff8a,exact_normalized_display_name_unique,candidate
Claudia Gadelha,claudiagadelha,Claudia Gadelha,http://ufcstats.com/fighter-details/ec34349e7dffcde7,exact_normalized_display_name_unique,candidate
Clay Guida,clayguida,Clay Guida,http://ufcstats.com/fighter-details/c47df9303d318c67,exact_normalized_display_name_unique,candidate
Cody Durden,codydurden,Cody Durden,http://ufcstats.com/fighter-details/7f6ed67d3ed3c036,exact_normalized_display_name_unique,candidate
Cody Garbrandt,codygarbrandt,Cody Garbrandt,http://ufcstats.com/fighter-details/d8c7c61b176e3994,exact_normalized_display_name_unique,candidate
Cody Stamann,codystamann,Cody Stamann,http://ufcstats.com/fighter-details/bf7ad5628363eec9,exact_normalized_display_name_unique,candidate
Colby Covington,colbycovington,Colby Covington,http://ufcstats.com/fighter-details/dc9572dd6ec74859,exact_normalized_display_name_unique,candidate
Conor McGregor,conormcgregor,Conor McGregor,http://ufcstats.com/fighter-details/f4c49976c75c5ab2,exact_normalized_display_name_unique,candidate
Corey Anderson,coreyanderson,Corey Anderson,http://ufcstats.com/fighter-details/5e4eec08896c9423,exact_normalized_display_name_unique,candidate
Cortney Casey,cortneycasey,Cortney Casey,http://ufcstats.com/fighter-details/5f179af5fffeb9f6,exact_normalized_display_name_unique,candidate
Cory Sandhagen,corysandhagen,Cory Sandhagen,http://ufcstats.com/fighter-details/65f09bacd3957381,exact_normalized_display_name_unique,candidate
Cub Swanson,cubswanson,Cub Swanson,http://ufcstats.com/fighter-details/d247691a6c0e9034,exact_normalized_display_name_unique,candidate
Curtis Blaydes,curtisblaydes,Curtis Blaydes,http://ufcstats.com/fighter-details/fa6796c55d6c5440,exact_normalized_display_name_unique,candidate
Curtis Millender,curtismillender,Curtis Millender,http://ufcstats.com/fighter-details/f1928a52590c5532,exact_normalized_display_name_unique,candidate
Cynthia Calvillo,cynthiacalvillo,Cynthia Calvillo,http://ufcstats.com/fighter-details/98215d037be5bcb7,exact_normalized_display_name_unique,candidate
Damir Ismagulov,damirismagulov,Damir Ismagulov,http://ufcstats.com/fighter-details/135d124172a0bea3,exact_normalized_display_name_unique,candidate
Dan Henderson,danhenderson,Dan Henderson,http://ufcstats.com/fighter-details/1ccf4e7caff270df,exact_normalized_display_name_unique,candidate
Dan Hooker,danhooker,Dan Hooker,http://ufcstats.com/fighter-details/193b9d1858bc4df3,exact_normalized_display_name_unique,candidate
Dan Ige,danige,Dan Ige,http://ufcstats.com/fighter-details/82a5152216251682,exact_normalized_display_name_unique,candidate
Daniel Cormier,danielcormier,Daniel Cormier,http://ufcstats.com/fighter-details/d967f0128c323de6,exact_normalized_display_name_unique,candidate
Daniel Kelly,danielkelly,Daniel Kelly,http://ufcstats.com/fighter-details/bdcbb976816fd256,exact_normalized_display_name_unique,candidate
Daniel Omielanczuk,danielomielanczuk,Daniel Omielanczuk,http://ufcstats.com/fighter-details/470fedbc8563ac47,exact_normalized_display_name_unique,candidate
Daniel Rodriguez,danielrodriguez,Daniel Rodriguez,http://ufcstats.com/fighter-details/8a1f3b5c526cd6e6,exact_normalized_display_name_unique,candidate
Daria Zhelezniakova,dariazhelezniakova,Daria Zhelezniakova,http://ufcstats.com/fighter-details/07047eb7d17fb0a2,exact_normalized_display_name_unique,candidate
Darrell Montague,darrellmontague,Darrell Montague,http://ufcstats.com/fighter-details/bffeb123b21c9aad,exact_normalized_display_name_unique,candidate
Darren Elkins,darrenelkins,Darren Elkins,http://ufcstats.com/fighter-details/92a9aa9c93192871,exact_normalized_display_name_unique,candidate
Darren Till,darrentill,Darren Till,http://ufcstats.com/fighter-details/9ce6d5a03af801b7,exact_normalized_display_name_unique,candidate
Darren Uyenoyama,darrenuyenoyama,Darren Uyenoyama,http://ufcstats.com/fighter-details/6546af7ab545b90c,exact_normalized_display_name_unique,candidate
David Branch,davidbranch,David Branch,http://ufcstats.com/fighter-details/d2c55d1d2e67773b,exact_normalized_display_name_unique,candidate
David Dvorak,daviddvorak,David Dvorak,http://ufcstats.com/fighter-details/9ada30894bf04e19,exact_normalized_display_name_unique,candidate
David Martinez,davidmartinez,David Martinez,http://ufcstats.com/fighter-details/9a97acbfd5a08bfa,exact_normalized_display_name_unique,candidate
David Onama,davidonama,David Onama,http://ufcstats.com/fighter-details/ffe9703408fb5964,exact_normalized_display_name_unique,candidate
DeAnna Bennett,deannabennett,DeAnna Bennett,http://ufcstats.com/fighter-details/404ecb2700844072,exact_normalized_display_name_unique,candidate
Deiveson Figueiredo,deivesonfigueiredo,Deiveson Figueiredo,http://ufcstats.com/fighter-details/aa72b0f831d0bfe5,exact_normalized_display_name_unique,candidate
Demetrious Johnson,demetriousjohnson,Demetrious Johnson,http://ufcstats.com/fighter-details/8a304bfd6bf04a57,exact_normalized_display_name_unique,candidate
Demian Maia,demianmaia,Demian Maia,http://ufcstats.com/fighter-details/427b5953ac8e3a27,exact_normalized_display_name_unique,candidate
Denise Gomes,denisegomes,Denise Gomes,http://ufcstats.com/fighter-details/cffb87059e645bd1,exact_normalized_display_name_unique,candidate
Dennis Bermudez,dennisbermudez,Dennis Bermudez,http://ufcstats.com/fighter-details/6f242453c91a5af0,exact_normalized_display_name_unique,candidate
Dennis Siver,dennissiver,Dennis Siver,http://ufcstats.com/fighter-details/5f87a5c00b3d17ed,exact_normalized_display_name_unique,candidate
Derek Brunson,derekbrunson,Derek Brunson,http://ufcstats.com/fighter-details/b1a3e0aca758b322,exact_normalized_display_name_unique,candidate
Derrick Lewis,derricklewis,Derrick Lewis,http://ufcstats.com/fighter-details/d3df1add9d9a7efb,exact_normalized_display_name_unique,candidate
Diego Brandao,diegobrandao,Diego Brandao,http://ufcstats.com/fighter-details/c2e3e67b5911bfb7,exact_normalized_display_name_unique,candidate
Diego Ferreira,diegoferreira,Diego Ferreira,http://ufcstats.com/fighter-details/f53d4f21d1b5f2dc,exact_normalized_display_name_unique,candidate
Diego Lopes,diegolopes,Diego Lopes,http://ufcstats.com/fighter-details/f166e93d04a8c274,exact_normalized_display_name_unique,candidate
Diego Sanchez,diegosanchez,Diego Sanchez,http://ufcstats.com/fighter-details/82e7929bf6c2b689,exact_normalized_display_name_unique,candidate
Dominick Cruz,dominickcruz,Dominick Cruz,http://ufcstats.com/fighter-details/10f3ba6cd2f44a97,exact_normalized_display_name_unique,candidate
Dominick Reyes,dominickreyes,Dominick Reyes,http://ufcstats.com/fighter-details/2e19380f34871c6a,exact_normalized_display_name_unique,candidate
Don'Tale Mayes,dontalemayes,Don'Tale Mayes,http://ufcstats.com/fighter-details/1a9480fc288e55d7,exact_normalized_display_name_unique,candidate
Donald Cerrone,donaldcerrone,Donald Cerrone,http://ufcstats.com/fighter-details/1d00756835ca67c9,exact_normalized_display_name_unique,candidate
Dong Hyun Kim,donghyunkim,Dong Hyun Kim,http://ufcstats.com/fighter-details/9bcf8603ceb25680,exact_normalized_display_name_unique,candidate
Dooho Choi,doohochoi,Dooho Choi,http://ufcstats.com/fighter-details/e93b04e308913c2e,exact_normalized_display_name_unique,candidate
Douglas Silva de Andrade,douglassilvadeandrade,Douglas Silva de Andrade,http://ufcstats.com/fighter-details/3a314d9fa7c6825d,exact_normalized_display_name_unique,candidate
Drew Dober,drewdober,Drew Dober,http://ufcstats.com/fighter-details/519e4fe37ce9ff75,exact_normalized_display_name_unique,candidate
Dricus Du Plessis,dricusduplessis,Dricus Du Plessis,http://ufcstats.com/fighter-details/0d7b51c9d2649a6e,exact_normalized_display_name_unique,candidate
Dustin Jacoby,dustinjacoby,Dustin Jacoby,http://ufcstats.com/fighter-details/e4277e87a789d687,exact_normalized_display_name_unique,candidate
Dustin Ortiz,dustinortiz,Dustin Ortiz,http://ufcstats.com/fighter-details/f53c1f4ceeed8c08,exact_normalized_display_name_unique,candidate
Dustin Poirier,dustinpoirier,Dustin Poirier,http://ufcstats.com/fighter-details/029eaff01e6bb8f0,exact_normalized_display_name_unique,candidate
Eddie Alvarez,eddiealvarez,Eddie Alvarez,http://ufcstats.com/fighter-details/33a331684283900f,exact_normalized_display_name_unique,candidate
Eddie Wineland,eddiewineland,Eddie Wineland,http://ufcstats.com/fighter-details/fc9a9559a05f2704,exact_normalized_display_name_unique,candidate
Edgar Chairez,edgarchairez,Edgar Chairez,http://ufcstats.com/fighter-details/5ef94841c4bc3f86,exact_normalized_display_name_unique,candidate
Edmen Shahbazyan,edmenshahbazyan,Edmen Shahbazyan,http://ufcstats.com/fighter-details/4144798612ef96e5,exact_normalized_display_name_unique,candidate
Edson Barboza,edsonbarboza,Edson Barboza,http://ufcstats.com/fighter-details/64a50dad704d1d49,exact_normalized_display_name_unique,candidate
Eduarda Moura,eduardamoura,Eduarda Moura,http://ufcstats.com/fighter-details/de594b35c45c2e9a,exact_normalized_display_name_unique,candidate
Elias Theodorou,eliastheodorou,Elias Theodorou,http://ufcstats.com/fighter-details/34f88592c0ab7a54,exact_normalized_display_name_unique,candidate
Elizeu Zaleski dos Santos,elizeuzaleskidossantos,Elizeu Zaleski dos Santos,http://ufcstats.com/fighter-details/8adcbd525fab8d9b,exact_normalized_display_name_unique,candidate
Emily Ducote,emilyducote,Emily Ducote,http://ufcstats.com/fighter-details/02f8fedc18cbd26c,exact_normalized_display_name_unique,candidate
Emily Whitmire,emilywhitmire,Emily Whitmire,http://ufcstats.com/fighter-details/b3d21b2610dcfaeb,exact_normalized_display_name_unique,candidate
Eric Shelton,ericshelton,Eric Shelton,http://ufcstats.com/fighter-details/a0c64f272b65d441,exact_normalized_display_name_unique,candidate
Erick Silva,ericksilva,Erick Silva,http://ufcstats.com/fighter-details/5866fc86183a9fb8,exact_normalized_display_name_unique,candidate
Erik Koch,erikkoch,Erik Koch,http://ufcstats.com/fighter-details/99bd87a300079ed9,exact_normalized_display_name_unique,candidate
Erik Perez,erikperez,Erik Perez,http://ufcstats.com/fighter-details/af62f99eb7606308,exact_normalized_display_name_unique,candidate
Erin Blanchfield,erinblanchfield,Erin Blanchfield,http://ufcstats.com/fighter-details/669970f7feba8ecd,exact_normalized_display_name_unique,candidate
Evan Dunham,evandunham,Evan Dunham,http://ufcstats.com/fighter-details/e5c9de15bb58b1c6,exact_normalized_display_name_unique,candidate
Fabio Maldonado,fabiomaldonado,Fabio Maldonado,http://ufcstats.com/fighter-details/1fb80f46d3c105d9,exact_normalized_display_name_unique,candidate
Fabricio Werdum,fabriciowerdum,Fabricio Werdum,http://ufcstats.com/fighter-details/492b202d2064e7a9,exact_normalized_display_name_unique,candidate
Fares Ziam,faresziam,Fares Ziam,http://ufcstats.com/fighter-details/1e4f273069fb9e85,exact_normalized_display_name_unique,candidate
Farid Basharat,faridbasharat,Farid Basharat,http://ufcstats.com/fighter-details/a09ed60aa67a3f67,exact_normalized_display_name_unique,candidate
Fatima Kline,fatimakline,Fatima Kline,http://ufcstats.com/fighter-details/745fa7b605f8e2da,exact_normalized_display_name_unique,candidate
Felice Herrig,feliceherrig,Felice Herrig,http://ufcstats.com/fighter-details/b6850671a008bf9a,exact_normalized_display_name_unique,candidate
Francis Carmont,franciscarmont,Francis Carmont,http://ufcstats.com/fighter-details/3591d0d5d382a381,exact_normalized_display_name_unique,candidate
Francis Ngannou,francisngannou,Francis Ngannou,http://ufcstats.com/fighter-details/8d03ce87ca14e778,exact_normalized_display_name_unique,candidate
Francisco Trinaldo,franciscotrinaldo,Francisco Trinaldo,http://ufcstats.com/fighter-details/a8283a4f415e1eb9,exact_normalized_display_name_unique,candidate
Frank Mir,frankmir,Frank Mir,http://ufcstats.com/fighter-details/1ff9589f9065a9ed,exact_normalized_display_name_unique,candidate
Frankie Edgar,frankieedgar,Frankie Edgar,http://ufcstats.com/fighter-details/f2688492b9a525a3,exact_normalized_display_name_unique,candidate
Frankie Saenz,frankiesaenz,Frankie Saenz,http://ufcstats.com/fighter-details/9ba2226646046b63,exact_normalized_display_name_unique,candidate
Gabriel Bonfim,gabrielbonfim,Gabriel Bonfim,http://ufcstats.com/fighter-details/01641ba5df0c69b0,exact_normalized_display_name_unique,candidate
Gabriel Gonzaga,gabrielgonzaga,Gabriel Gonzaga,http://ufcstats.com/fighter-details/270b89c00ef0c55c,exact_normalized_display_name_unique,candidate
Gabriella Fernandes,gabriellafernandes,Gabriella Fernandes,http://ufcstats.com/fighter-details/a6eb54ae17a551be,exact_normalized_display_name_unique,candidate
Gadzhimurad Antigulov,gadzhimuradantigulov,Gadzhimurad Antigulov,http://ufcstats.com/fighter-details/af997f7611673880,exact_normalized_display_name_unique,candidate
Gegard Mousasi,gegardmousasi,Gegard Mousasi,http://ufcstats.com/fighter-details/232c582f29f8f65e,exact_normalized_display_name_unique,candidate
Geoff Neal,geoffneal,Geoff Neal,http://ufcstats.com/fighter-details/b997be68943010fc,exact_normalized_display_name_unique,candidate
Georges St-Pierre,georgesstpierre,Georges St-Pierre,http://ufcstats.com/fighter-details/6506c1d34da9c013,exact_normalized_display_name_unique,candidate
Germaine de Randamie,germainederandamie,Germaine de Randamie,http://ufcstats.com/fighter-details/1d239d571e342453,exact_normalized_display_name_unique,candidate
Gian Villante,gianvillante,Gian Villante,http://ufcstats.com/fighter-details/fcd448a2fe1a23cc,exact_normalized_display_name_unique,candidate
Giga Chikadze,gigachikadze,Giga Chikadze,http://ufcstats.com/fighter-details/9560ff14eb3129f7,exact_normalized_display_name_unique,candidate
Gilbert Burns,gilbertburns,Gilbert Burns,http://ufcstats.com/fighter-details/23024fdfc966410a,exact_normalized_display_name_unique,candidate
Gilbert Melendez,gilbertmelendez,Gilbert Melendez,http://ufcstats.com/fighter-details/aa5b4eff51bdc7d1,exact_normalized_display_name_unique,candidate
Gillian Robertson,gillianrobertson,Gillian Robertson,http://ufcstats.com/fighter-details/38c7f72747f4f712,exact_normalized_display_name_unique,candidate
Gina Mazany,ginamazany,Gina Mazany,http://ufcstats.com/fighter-details/016a8d958883167c,exact_normalized_display_name_unique,candidate
Glover Teixeira,gloverteixeira,Glover Teixeira,http://ufcstats.com/fighter-details/7ff97850e8c32bda,exact_normalized_display_name_unique,candidate
Grant Dawson,grantdawson,Grant Dawson,http://ufcstats.com/fighter-details/99bd51917728c25d,exact_normalized_display_name_unique,candidate
Gray Maynard,graymaynard,Gray Maynard,http://ufcstats.com/fighter-details/7d96bc577e5178b2,exact_normalized_display_name_unique,candidate
Gregor Gillespie,gregorgillespie,Gregor Gillespie,http://ufcstats.com/fighter-details/84ff027394f7e470,exact_normalized_display_name_unique,candidate
Gregory Rodrigues,gregoryrodrigues,Gregory Rodrigues,http://ufcstats.com/fighter-details/d1c65d2cf2925ddd,exact_normalized_display_name_unique,candidate
Gunnar Nelson,gunnarnelson,Gunnar Nelson,http://ufcstats.com/fighter-details/fd55393021a8c255,exact_normalized_display_name_unique,candidate
Hacran Dias,hacrandias,Hacran Dias,http://ufcstats.com/fighter-details/ed209f6618c82e41,exact_normalized_display_name_unique,candidate
Hakeem Dawodu,hakeemdawodu,Hakeem Dawodu,http://ufcstats.com/fighter-details/2c9d00968f818270,exact_normalized_display_name_unique,candidate
Heather Clark,heatherclark,Heather Clark,http://ufcstats.com/fighter-details/dd4c16777fb2ccf9,exact_normalized_display_name_unique,candidate
Hector Lombard,hectorlombard,Hector Lombard,http://ufcstats.com/fighter-details/db1f2ed63b54b9a7,exact_normalized_display_name_unique,candidate
Henry Cejudo,henrycejudo,Henry Cejudo,http://ufcstats.com/fighter-details/056c493bbd76a918,exact_normalized_display_name_unique,candidate
Holly Holm,hollyholm,Holly Holm,http://ufcstats.com/fighter-details/634e2fb70bde3fd5,exact_normalized_display_name_unique,candidate
Ian Heinisch,ianheinisch,Ian Heinisch,http://ufcstats.com/fighter-details/2e585c701f72fe55,exact_normalized_display_name_unique,candidate
Ian Machado Garry,ianmachadogarry,Ian Machado Garry,http://ufcstats.com/fighter-details/442c9011034ae1fd,exact_normalized_display_name_unique,candidate
Ian McCall,ianmccall,Ian McCall,http://ufcstats.com/fighter-details/701e057d63c124d9,exact_normalized_display_name_unique,candidate
Iasmin Lucindo,iasminlucindo,Iasmin Lucindo,http://ufcstats.com/fighter-details/abcf2cc6efc42031,exact_normalized_display_name_unique,candidate
Ignacio Bahamondes,ignaciobahamondes,Ignacio Bahamondes,http://ufcstats.com/fighter-details/e4a47b07044ddd72,exact_normalized_display_name_unique,candidate
Ikram Aliskerov,ikramaliskerov,Ikram Aliskerov,http://ufcstats.com/fighter-details/b07aed698fba8624,exact_normalized_display_name_unique,candidate
Ilia Topuria,iliatopuria,Ilia Topuria,http://ufcstats.com/fighter-details/54f64b5e283b0ce7,exact_normalized_display_name_unique,candidate
Ilir Latifi,ilirlatifi,Ilir Latifi,http://ufcstats.com/fighter-details/e9a3aeb207578eea,exact_normalized_display_name_unique,candidate
Ion Cutelaba,ioncutelaba,Ion Cutelaba,http://ufcstats.com/fighter-details/cd13728ae1151f46,exact_normalized_display_name_unique,candidate
Irene Aldana,irenealdana,Irene Aldana,http://ufcstats.com/fighter-details/578ef12674df1e6a,exact_normalized_display_name_unique,candidate
Islam Makhachev,islammakhachev,Islam Makhachev,http://ufcstats.com/fighter-details/275aca31f61ba28c,exact_normalized_display_name_unique,candidate
Israel Adesanya,israeladesanya,Israel Adesanya,http://ufcstats.com/fighter-details/1338e2c7480bdf9e,exact_normalized_display_name_unique,candidate
Iuri Alcantara,iurialcantara,Iuri Alcantara,http://ufcstats.com/fighter-details/2f95a3c6d58b2aad,exact_normalized_display_name_unique,candidate
Ivan Menjivar,ivanmenjivar,Ivan Menjivar,http://ufcstats.com/fighter-details/5755960ebd0b16f6,exact_normalized_display_name_unique,candidate
Jack Della Maddalena,jackdellamaddalena,Jack Della Maddalena,http://ufcstats.com/fighter-details/6b453bc35a823c3f,exact_normalized_display_name_unique,candidate
Jack Hermansson,jackhermansson,Jack Hermansson,http://ufcstats.com/fighter-details/0a1942069c9ad6b6,exact_normalized_display_name_unique,candidate
Jack Shore,jackshore,Jack Shore,http://ufcstats.com/fighter-details/b8a85389d115e35a,exact_normalized_display_name_unique,candidate
Jacqueline Cavalcanti,jacquelinecavalcanti,Jacqueline Cavalcanti,http://ufcstats.com/fighter-details/e3964ece586e0635,exact_normalized_display_name_unique,candidate
Jailton Almeida,jailtonalmeida,Jailton Almeida,http://ufcstats.com/fighter-details/41e83a89929d1327,exact_normalized_display_name_unique,candidate
Jaime Alvarez,jaimealvarez,Jaime Alvarez,http://ufcstats.com/fighter-details/4438482bd1d5a029,exact_normalized_display_name_unique,candidate
Jairzinho Rozenstruik,jairzinhorozenstruik,Jairzinho Rozenstruik,http://ufcstats.com/fighter-details/2cd428e9606856fd,exact_normalized_display_name_unique,candidate
Jake Ellenberger,jakeellenberger,Jake Ellenberger,http://ufcstats.com/fighter-details/d81ac739417d7f53,exact_normalized_display_name_unique,candidate
Jake Shields,jakeshields,Jake Shields,http://ufcstats.com/fighter-details/fe435e440b5de0ff,exact_normalized_display_name_unique,candidate
Jalin Turner,jalinturner,Jalin Turner,http://ufcstats.com/fighter-details/4d8fa64202cee4c1,exact_normalized_display_name_unique,candidate
Jamahal Hill,jamahalhill,Jamahal Hill,http://ufcstats.com/fighter-details/5444c5a201d3ee5a,exact_normalized_display_name_unique,candidate
James Te Huna,jamestehuna,James Te Huna,http://ufcstats.com/fighter-details/f5431394fb284bb9,exact_normalized_display_name_unique,candidate
James Vick,jamesvick,James Vick,http://ufcstats.com/fighter-details/6256b2b1562cb8e1,exact_normalized_display_name_unique,candidate
Jan Blachowicz,janblachowicz,Jan Blachowicz,http://ufcstats.com/fighter-details/99df7d0a2a08a8a8,exact_normalized_display_name_unique,candidate
Jared Cannonier,jaredcannonier,Jared Cannonier,http://ufcstats.com/fighter-details/13a0275fa13c4d26,exact_normalized_display_name_unique,candidate
Jared Rosholt,jaredrosholt,Jared Rosholt,http://ufcstats.com/fighter-details/91ea901c458e95dd,exact_normalized_display_name_unique,candidate
Jasmine Jasudavicius,jasminejasudavicius,Jasmine Jasudavicius,http://ufcstats.com/fighter-details/a9e260472d321361,exact_normalized_display_name_unique,candidate
Jason Knight,jasonknight,Jason Knight,http://ufcstats.com/fighter-details/bb1a2cdad6ff34db,exact_normalized_display_name_unique,candidate
Jeff Molina,jeffmolina,Jeff Molina,http://ufcstats.com/fighter-details/008ea710276c9606,exact_normalized_display_name_unique,candidate
Jennifer Maia,jennifermaia,Jennifer Maia,http://ufcstats.com/fighter-details/8e1f36476ef02a6a,exact_normalized_display_name_unique,candidate
Jeremy Stephens,jeremystephens,Jeremy Stephens,http://ufcstats.com/fighter-details/18968f97ad34f15c,exact_normalized_display_name_unique,candidate
Jessamyn Duke,jessamynduke,Jessamyn Duke,http://ufcstats.com/fighter-details/a7ddae0be8b78147,exact_normalized_display_name_unique,candidate
Jessica Aguilar,jessicaaguilar,Jessica Aguilar,http://ufcstats.com/fighter-details/8f382b3baa954d2a,exact_normalized_display_name_unique,candidate
Jessica Andrade,jessicaandrade,Jessica Andrade,http://ufcstats.com/fighter-details/6a1901c62ab3870f,exact_normalized_display_name_unique,candidate
Jessica Eye,jessicaeye,Jessica Eye,http://ufcstats.com/fighter-details/f72465a784c1b084,exact_normalized_display_name_unique,candidate
Jessica Penne,jessicapenne,Jessica Penne,http://ufcstats.com/fighter-details/c742287ed86a09bc,exact_normalized_display_name_unique,candidate
Jessica Rakoczy,jessicarakoczy,Jessica Rakoczy,http://ufcstats.com/fighter-details/ffdeb4fbea09ce75,exact_normalized_display_name_unique,candidate
Jessica-Rose Clark,jessicaroseclark,Jessica-Rose Clark,http://ufcstats.com/fighter-details/6c8072b61c276e67,exact_normalized_display_name_unique,candidate
Jhonata Diniz,jhonatadiniz,Jhonata Diniz,http://ufcstats.com/fighter-details/25f9a5f3e8a52618,exact_normalized_display_name_unique,candidate
Ji Yeon Kim,jiyeonkim,Ji Yeon Kim,http://ufcstats.com/fighter-details/a20f234df70f2182,exact_normalized_display_name_unique,candidate
Jim Miller,jimmiller,Jim Miller,http://ufcstats.com/fighter-details/d1941565abf50b16,exact_normalized_display_name_unique,candidate
Jimi Manuwa,jimimanuwa,Jimi Manuwa,http://ufcstats.com/fighter-details/1e1dbd1cc5a7469e,exact_normalized_display_name_unique,candidate
Jimmie Rivera,jimmierivera,Jimmie Rivera,http://ufcstats.com/fighter-details/9c907996820d2d69,exact_normalized_display_name_unique,candidate
Jimmy Crute,jimmycrute,Jimmy Crute,http://ufcstats.com/fighter-details/70e1f8a821b72c8b,exact_normalized_display_name_unique,candidate
Jiri Prochazka,jiriprochazka,Jiri Prochazka,http://ufcstats.com/fighter-details/009341ed974bad72,exact_normalized_display_name_unique,candidate
JJ Aldrich,jjaldrich,JJ Aldrich,http://ufcstats.com/fighter-details/6fd953151d981979,exact_normalized_display_name_unique,candidate
Joanna Jedrzejczyk,joannajedrzejczyk,Joanna Jedrzejczyk,http://ufcstats.com/fighter-details/3d6749c4267da18f,exact_normalized_display_name_unique,candidate
Joanne Wood,joannewood,Joanne Wood,http://ufcstats.com/fighter-details/12f91bfa8f1f723b,exact_normalized_display_name_unique,candidate
Joaquin Buckley,joaquinbuckley,Joaquin Buckley,http://ufcstats.com/fighter-details/b9437600497350f3,exact_normalized_display_name_unique,candidate
Joe Lauzon,joelauzon,Joe Lauzon,http://ufcstats.com/fighter-details/3bad7ef643840f67,exact_normalized_display_name_unique,candidate
Joe Pyfer,joepyfer,Joe Pyfer,http://ufcstats.com/fighter-details/c1085e1701b13eca,exact_normalized_display_name_unique,candidate
Joe Soto,joesoto,Joe Soto,http://ufcstats.com/fighter-details/a4e85a58fbce64b2,exact_normalized_display_name_unique,candidate
Joel Alvarez,joelalvarez,Joel Alvarez,http://ufcstats.com/fighter-details/58bbef3770bb2dfc,exact_normalized_display_name_unique,candidate
John Dodson,johndodson,John Dodson,http://ufcstats.com/fighter-details/99506df1af6c8b3b,exact_normalized_display_name_unique,candidate
John Lineker,johnlineker,John Lineker,http://ufcstats.com/fighter-details/c268b2cfebccf652,exact_normalized_display_name_unique,candidate
John Moraga,johnmoraga,John Moraga,http://ufcstats.com/fighter-details/92437c6775b3f7d1,exact_normalized_display_name_unique,candidate
Johnny Eduardo,johnnyeduardo,Johnny Eduardo,http://ufcstats.com/fighter-details/528c24b99fbaab79,exact_normalized_display_name_unique,candidate
Johnny Walker,johnnywalker,Johnny Walker,http://ufcstats.com/fighter-details/c21f26bbde777573,exact_normalized_display_name_unique,candidate
Johny Hendricks,johnyhendricks,Johny Hendricks,http://ufcstats.com/fighter-details/0941df56f6ac954b,exact_normalized_display_name_unique,candidate
Jon Fitch,jonfitch,Jon Fitch,http://ufcstats.com/fighter-details/6f018c039b4d5d80,exact_normalized_display_name_unique,candidate
Jon Jones,jonjones,Jon Jones,http://ufcstats.com/fighter-details/07f72a2a7591b409,exact_normalized_display_name_unique,candidate
Jonathan Martinez,jonathanmartinez,Jonathan Martinez,http://ufcstats.com/fighter-details/f2477cf43c4975cc,exact_normalized_display_name_unique,candidate
Jonathan Pearce,jonathanpearce,Jonathan Pearce,http://ufcstats.com/fighter-details/87c0b1c696ddfb43,exact_normalized_display_name_unique,candidate
Jordan Espinosa,jordanespinosa,Jordan Espinosa,http://ufcstats.com/fighter-details/215a70f073a7b726,exact_normalized_display_name_unique,candidate
Jordan Johnson,jordanjohnson,Jordan Johnson,http://ufcstats.com/fighter-details/99bcdf5eac39898f,exact_normalized_display_name_unique,candidate
Jordan Mein,jordanmein,Jordan Mein,http://ufcstats.com/fighter-details/2aa49b3766a59bcd,exact_normalized_display_name_unique,candidate
Jorge Masvidal,jorgemasvidal,Jorge Masvidal,http://ufcstats.com/fighter-details/47b9e0e7703a4868,exact_normalized_display_name_unique,candidate
Jose Aldo,josealdo,Jose Aldo,http://ufcstats.com/fighter-details/d0f3959b4a9747e6,exact_normalized_display_name_unique,candidate
Joselyne Edwards,joselyneedwards,Joselyne Edwards,http://ufcstats.com/fighter-details/f9ab66e67240db7b,exact_normalized_display_name_unique,candidate
Joseph Benavidez,josephbenavidez,Joseph Benavidez,http://ufcstats.com/fighter-details/80eacd4da0617c57,exact_normalized_display_name_unique,candidate
Joseph Morales,josephmorales,Joseph Morales,http://ufcstats.com/fighter-details/2fe9032955c2e013,exact_normalized_display_name_unique,candidate
Josh Barnett,joshbarnett,Josh Barnett,http://ufcstats.com/fighter-details/ad3f53c454cbbead,exact_normalized_display_name_unique,candidate
Josh Emmett,joshemmett,Josh Emmett,http://ufcstats.com/fighter-details/fba03cd6cc28dc41,exact_normalized_display_name_unique,candidate
Josh Hokit,joshhokit,Josh Hokit,http://ufcstats.com/fighter-details/955da1675ad58a50,exact_normalized_display_name_unique,candidate
Josh Koscheck,joshkoscheck,Josh Koscheck,http://ufcstats.com/fighter-details/dd37fd509af89f15,exact_normalized_display_name_unique,candidate
Josh Thomson,joshthomson,Josh Thomson,http://ufcstats.com/fighter-details/a566371ba2ad7152,exact_normalized_display_name_unique,candidate
Joshua Van,joshuavan,Joshua Van,http://ufcstats.com/fighter-details/17e97649403ba428,exact_normalized_display_name_unique,candidate
Josiane Nunes,josianenunes,Josiane Nunes,http://ufcstats.com/fighter-details/68d35296f566792b,exact_normalized_display_name_unique,candidate
Julia Avila,juliaavila,Julia Avila,http://ufcstats.com/fighter-details/86d9dbe1bfcbade7,exact_normalized_display_name_unique,candidate
Juliana Lima,julianalima,Juliana Lima,http://ufcstats.com/fighter-details/75a6a390fd5dca46,exact_normalized_display_name_unique,candidate
Julianna Pena,juliannapena,Julianna Pena,http://ufcstats.com/fighter-details/3253b16d38ae087d,exact_normalized_display_name_unique,candidate
Julie Kedzie,juliekedzie,Julie Kedzie,http://ufcstats.com/fighter-details/981ab7a0576f76a0,exact_normalized_display_name_unique,candidate
Junior Albini,junioralbini,Junior Albini,http://ufcstats.com/fighter-details/c482c8605455a213,exact_normalized_display_name_unique,candidate
Junior dos Santos,juniordossantos,Junior Dos Santos,http://ufcstats.com/fighter-details/63def5a5662a6917,exact_normalized_display_name_unique,candidate
Jussier Formiga,jussierformiga,Jussier Formiga,http://ufcstats.com/fighter-details/b102c26727306ab6,exact_normalized_display_name_unique,candidate
Justin Gaethje,justingaethje,Justin Gaethje,http://ufcstats.com/fighter-details/9e8f6c728eb01124,exact_normalized_display_name_unique,candidate
Justin Ledet,justinledet,Justin Ledet,http://ufcstats.com/fighter-details/ba1e6cb3d43f7430,exact_normalized_display_name_unique,candidate
Justin Scoggins,justinscoggins,Justin Scoggins,http://ufcstats.com/fighter-details/9fa568ad2bf2cb0b,exact_normalized_display_name_unique,candidate
Justin Willis,justinwillis,Justin Willis,http://ufcstats.com/fighter-details/ce1e867808ef5fce,exact_normalized_display_name_unique,candidate
Justine Kish,justinekish,Justine Kish,http://ufcstats.com/fighter-details/928ae2e5b5f7a9ec,exact_normalized_display_name_unique,candidate
Kai Asakura,kaiasakura,Kai Asakura,http://ufcstats.com/fighter-details/d33da8a3d82bdb62,exact_normalized_display_name_unique,candidate
Kai Kara-France,kaikarafrance,Kai Kara-France,http://ufcstats.com/fighter-details/853eb0dd5c0e2149,exact_normalized_display_name_unique,candidate
Kalindra Faria,kalindrafaria,Kalindra Faria,http://ufcstats.com/fighter-details/27b164b0d1833df0,exact_normalized_display_name_unique,candidate
Kamaru Usman,kamaruusman,Kamaru Usman,http://ufcstats.com/fighter-details/f1b2aa7853d1ed6e,exact_normalized_display_name_unique,candidate
Karine Silva,karinesilva,Karine Silva,http://ufcstats.com/fighter-details/9d62c2d8ee151f08,exact_normalized_display_name_unique,candidate
Karol Rosa,karolrosa,Karol Rosa,http://ufcstats.com/fighter-details/351c4ec637380ad5,exact_normalized_display_name_unique,candidate
Karolina Kowalkiewicz,karolinakowalkiewicz,Karolina Kowalkiewicz,http://ufcstats.com/fighter-details/d7c3816669784109,exact_normalized_display_name_unique,candidate
Katlyn Cerminara,katlyncerminara,Katlyn Cerminara,http://ufcstats.com/fighter-details/e872e9a9a902c045,exact_normalized_display_name_unique,candidate
Kayla Harrison,kaylaharrison,Kayla Harrison,http://ufcstats.com/fighter-details/1af1170ed937cba7,exact_normalized_display_name_unique,candidate
Kelvin Gastelum,kelvingastelum,Kelvin Gastelum,http://ufcstats.com/fighter-details/8c0580d4fff106c1,exact_normalized_display_name_unique,candidate
Kennedy Nzechukwu,kennedynzechukwu,Kennedy Nzechukwu,http://ufcstats.com/fighter-details/8667caa0451d245b,exact_normalized_display_name_unique,candidate
Ketlen Vieira,ketlenvieira,Ketlen Vieira,http://ufcstats.com/fighter-details/b9706f80d005036c,exact_normalized_display_name_unique,candidate
Kevin Holland,kevinholland,Kevin Holland,http://ufcstats.com/fighter-details/3a46b268013afede,exact_normalized_display_name_unique,candidate
Kevin Lee,kevinlee,Kevin Lee,http://ufcstats.com/fighter-details/ee9ebceabfd16fa7,exact_normalized_display_name_unique,candidate
Kevin Vallejos,kevinvallejos,Kevin Vallejos,http://ufcstats.com/fighter-details/239d8e5359022f3b,exact_normalized_display_name_unique,candidate
Khabib Nurmagomedov,khabibnurmagomedov,Khabib Nurmagomedov,http://ufcstats.com/fighter-details/032cc3922d871c7f,exact_normalized_display_name_unique,candidate
Khalil Rountree Jr.,khalilrountreejr,Khalil Rountree Jr.,http://ufcstats.com/fighter-details/749f572d1d3161fb,exact_normalized_display_name_unique,candidate
Khamzat Chimaev,khamzatchimaev,Khamzat Chimaev,http://ufcstats.com/fighter-details/767755fd74662dbf,exact_normalized_display_name_unique,candidate
King Green,kinggreen,King Green,http://ufcstats.com/fighter-details/887961364be5ceb3,exact_normalized_display_name_unique,candidate
Krzysztof Jotko,krzysztofjotko,Krzysztof Jotko,http://ufcstats.com/fighter-details/4e06913c91da5200,exact_normalized_display_name_unique,candidate
Kyler Phillips,kylerphillips,Kyler Phillips,http://ufcstats.com/fighter-details/60425d07ef4b91a7,exact_normalized_display_name_unique,candidate
Kyoji Horiguchi,kyojihoriguchi,Kyoji Horiguchi,http://ufcstats.com/fighter-details/98aa60cf58071fd6,exact_normalized_display_name_unique,candidate
Lauren Murphy,laurenmurphy,Lauren Murphy,http://ufcstats.com/fighter-details/729d4bd5a6cd0a97,exact_normalized_display_name_unique,candidate
Leon Edwards,leonedwards,Leon Edwards,http://ufcstats.com/fighter-details/f1fac969a1d70b08,exact_normalized_display_name_unique,candidate
Lerone Murphy,leronemurphy,Lerone Murphy,http://ufcstats.com/fighter-details/396fe87b84ac2e1c,exact_normalized_display_name_unique,candidate
Leslie Smith,lesliesmith,Leslie Smith,http://ufcstats.com/fighter-details/76984112f697631f,exact_normalized_display_name_unique,candidate
Li Jingliang,lijingliang,Li Jingliang,http://ufcstats.com/fighter-details/e64b96c07d7ce999,exact_normalized_display_name_unique,candidate
Lina Lansberg,linalansberg,Lina Lansberg,http://ufcstats.com/fighter-details/2eeaefbfc7f9fcff,exact_normalized_display_name_unique,candidate
Livinha Souza,livinhasouza,Livinha Souza,http://ufcstats.com/fighter-details/dab8cfbb6b1db10a,exact_normalized_display_name_unique,candidate
Liz Carmouche,lizcarmouche,Liz Carmouche,http://ufcstats.com/fighter-details/51a0c09cbe9b8472,exact_normalized_display_name_unique,candidate
Loma Lookboonmee,lomalookboonmee,Loma Lookboonmee,http://ufcstats.com/fighter-details/4e30e4250cb08b61,exact_normalized_display_name_unique,candidate
Lone'er Kavanagh,loneerkavanagh,Lone'er Kavanagh,http://ufcstats.com/fighter-details/bb2c3c3a466224af,exact_normalized_display_name_unique,candidate
Loopy Godinez,loopygodinez,Loopy Godinez,http://ufcstats.com/fighter-details/8e5d953bdb9ae5e7,exact_normalized_display_name_unique,candidate
Lorenz Larkin,lorenzlarkin,Lorenz Larkin,http://ufcstats.com/fighter-details/9450848a71d53776,exact_normalized_display_name_unique,candidate
Louis Gaudinot,louisgaudinot,Louis Gaudinot,http://ufcstats.com/fighter-details/b72a60a0cadff408,exact_normalized_display_name_unique,candidate
Louis Smolka,louissmolka,Louis Smolka,http://ufcstats.com/fighter-details/d2bc285ead803db0,exact_normalized_display_name_unique,candidate
Luana Carolina,luanacarolina,Luana Carolina,http://ufcstats.com/fighter-details/528b071cf3da7c56,exact_normalized_display_name_unique,candidate
Luana Pinheiro,luanapinheiro,Luana Pinheiro,http://ufcstats.com/fighter-details/a3a542074109b347,exact_normalized_display_name_unique,candidate
Luana Santos,luanasantos,Luana Santos,http://ufcstats.com/fighter-details/5078e1dacf9d25f4,exact_normalized_display_name_unique,candidate
Lucie Pudilova,luciepudilova,Lucie Pudilova,http://ufcstats.com/fighter-details/3cf66c62d9069f43,exact_normalized_display_name_unique,candidate
Luke Rockhold,lukerockhold,Luke Rockhold,http://ufcstats.com/fighter-details/00e11b5c8b7bfeeb,exact_normalized_display_name_unique,candidate
Lyoto Machida,lyotomachida,Lyoto Machida,http://ufcstats.com/fighter-details/f7a7f7118d4b01b6,exact_normalized_display_name_unique,candidate
Mackenzie Dern,mackenziedern,Mackenzie Dern,http://ufcstats.com/fighter-details/7447e9f28508106a,exact_normalized_display_name_unique,candidate
Macy Chiasson,macychiasson,Macy Chiasson,http://ufcstats.com/fighter-details/9cdd2da1a9104a0b,exact_normalized_display_name_unique,candidate
Magomed Ankalaev,magomedankalaev,Magomed Ankalaev,http://ufcstats.com/fighter-details/d802174b0c0c1f4e,exact_normalized_display_name_unique,candidate
Magomed Bibulatov,magomedbibulatov,Magomed Bibulatov,http://ufcstats.com/fighter-details/87f19d19f4cb73f8,exact_normalized_display_name_unique,candidate
Mairbek Taisumov,mairbektaisumov,Mairbek Taisumov,http://ufcstats.com/fighter-details/8f5c8850b2484173,exact_normalized_display_name_unique,candidate
Manel Kape,manelkape,Manel Kape,http://ufcstats.com/fighter-details/5d1b7e3dd9e11074,exact_normalized_display_name_unique,candidate
Manon Fiorot,manonfiorot,Manon Fiorot,http://ufcstats.com/fighter-details/34ff304266360297,exact_normalized_display_name_unique,candidate
Manuel Torres,manueltorres,Manuel Torres,http://ufcstats.com/fighter-details/2e7878927067fdca,exact_normalized_display_name_unique,candidate
Marcin Tybura,marcintybura,Marcin Tybura,http://ufcstats.com/fighter-details/c9cf753cfdf77fc2,exact_normalized_display_name_unique,candidate
Marcos Rogerio de Lima,marcosrogeriodelima,Marcos Rogerio de Lima,http://ufcstats.com/fighter-details/ab943cd2c3c17825,exact_normalized_display_name_unique,candidate
Marcus McGhee,marcusmcghee,Marcus McGhee,http://ufcstats.com/fighter-details/c0ac37a4a1133da9,exact_normalized_display_name_unique,candidate
Marina Rodriguez,marinarodriguez,Marina Rodriguez,http://ufcstats.com/fighter-details/cd2c4d30c6e13b47,exact_normalized_display_name_unique,candidate
Mario Bautista,mariobautista,Mario Bautista,http://ufcstats.com/fighter-details/bc711b6dd95c1af6,exact_normalized_display_name_unique,candidate
Marion Reneau,marionreneau,Marion Reneau,http://ufcstats.com/fighter-details/c7d297714d9ab1a4,exact_normalized_display_name_unique,candidate
Mark De La Rosa,markdelarosa,Mark De La Rosa,http://ufcstats.com/fighter-details/f57dd0bfa8c17813,exact_normalized_display_name_unique,candidate
Mark Hunt,markhunt,Mark Hunt,http://ufcstats.com/fighter-details/eef9b891edbd4604,exact_normalized_display_name_unique,candidate
Mark Munoz,markmunoz,Mark Munoz,http://ufcstats.com/fighter-details/179f1948dc234f1f,exact_normalized_display_name_unique,candidate
Marlon Moraes,marlonmoraes,Marlon Moraes,http://ufcstats.com/fighter-details/fea79f9bc8c68769,exact_normalized_display_name_unique,candidate
Marlon Vera,marlonvera,Marlon Vera,http://ufcstats.com/fighter-details/7c7332319c14094c,exact_normalized_display_name_unique,candidate
Martin Buday,martinbuday,Martin Buday,http://ufcstats.com/fighter-details/8eb046f83e82bf26,exact_normalized_display_name_unique,candidate
Martin Kampmann,martinkampmann,Martin Kampmann,http://ufcstats.com/fighter-details/8b69839f3555a67b,exact_normalized_display_name_unique,candidate
Marvin Vettori,marvinvettori,Marvin Vettori,http://ufcstats.com/fighter-details/7acbb0972e75281a,exact_normalized_display_name_unique,candidate
Maryna Moroz,marynamoroz,Maryna Moroz,http://ufcstats.com/fighter-details/b4192a975027aab6,exact_normalized_display_name_unique,candidate
Masanori Kanehara,masanorikanehara,Masanori Kanehara,http://ufcstats.com/fighter-details/f3a078277b3b8ff4,exact_normalized_display_name_unique,candidate
Mateusz Gamrot,mateuszgamrot,Mateusz Gamrot,http://ufcstats.com/fighter-details/72db2a14ffa73ece,exact_normalized_display_name_unique,candidate
Matheus Nicolau,matheusnicolau,Matheus Nicolau,http://ufcstats.com/fighter-details/1a31ef98efce7a79,exact_normalized_display_name_unique,candidate
Matt Brown,mattbrown,Matt Brown,http://ufcstats.com/fighter-details/31123249b0bbf52e,exact_normalized_display_name_unique,candidate
Matt Frevola,mattfrevola,Matt Frevola,http://ufcstats.com/fighter-details/dccb63727f2f5f74,exact_normalized_display_name_unique,candidate
Matt Mitrione,mattmitrione,Matt Mitrione,http://ufcstats.com/fighter-details/ba280572acfba13f,exact_normalized_display_name_unique,candidate
Matt Schnell,mattschnell,Matt Schnell,http://ufcstats.com/fighter-details/67c1d46f4ed16f9e,exact_normalized_display_name_unique,candidate
Matthew Lopez,matthewlopez,Matthew Lopez,http://ufcstats.com/fighter-details/2fc7e9701642ca38,exact_normalized_display_name_unique,candidate
Maurice Greene,mauricegreene,Maurice Greene,http://ufcstats.com/fighter-details/068f8a189a47fea6,exact_normalized_display_name_unique,candidate
Mauricio Rua,mauriciorua,Mauricio Rua,http://ufcstats.com/fighter-details/140745cbbcb023ac,exact_normalized_display_name_unique,candidate
Mauricio Ruffy,mauricioruffy,Mauricio Ruffy,http://ufcstats.com/fighter-details/9c393e836a852f30,exact_normalized_display_name_unique,candidate
Max Holloway,maxholloway,Max Holloway,http://ufcstats.com/fighter-details/150ff4cc642270b9,exact_normalized_display_name_unique,candidate
Maycee Barber,mayceebarber,Maycee Barber,http://ufcstats.com/fighter-details/6a740daf1b279661,exact_normalized_display_name_unique,candidate
Mayra Bueno Silva,mayrabuenosilva,Mayra Bueno Silva,http://ufcstats.com/fighter-details/cc8c623cca88f54f,exact_normalized_display_name_unique,candidate
Melinda Fabian,melindafabian,Melinda Fabian,http://ufcstats.com/fighter-details/8c020156779f7888,exact_normalized_display_name_unique,candidate
Melissa Mullins,melissamullins,Melissa Mullins,http://ufcstats.com/fighter-details/bd532e9a2b93870c,exact_normalized_display_name_unique,candidate
Melquizael Costa,melquizaelcosta,Melquizael Costa,http://ufcstats.com/fighter-details/20bccc9bb4ceb23e,exact_normalized_display_name_unique,candidate
Merab Dvalishvili,merabdvalishvili,Merab Dvalishvili,http://ufcstats.com/fighter-details/c03520b5c88ed6b4,exact_normalized_display_name_unique,candidate
Michael Bisping,michaelbisping,Michael Bisping,http://ufcstats.com/fighter-details/2b93ebd9f5417ad2,exact_normalized_display_name_unique,candidate
Michael Chandler,michaelchandler,Michael Chandler,http://ufcstats.com/fighter-details/4b93a88f3b1de35b,exact_normalized_display_name_unique,candidate
Michael Chiesa,michaelchiesa,Michael Chiesa,http://ufcstats.com/fighter-details/c58f51dedb310998,exact_normalized_display_name_unique,candidate
Michael Johnson,michaeljohnson,Michael Johnson,http://ufcstats.com/fighter-details/511e82663651438d,exact_normalized_display_name_unique,candidate
Michael Morales,michaelmorales,Michael Morales,http://ufcstats.com/fighter-details/c32aeb1a59e6272d,exact_normalized_display_name_unique,candidate
Michael Page,michaelpage,Michael Page,http://ufcstats.com/fighter-details/a67d071163962af8,exact_normalized_display_name_unique,candidate
Michel Pereira,michelpereira,Michel Pereira,http://ufcstats.com/fighter-details/595db60957de51d3,exact_normalized_display_name_unique,candidate
Michelle Montague,michellemontague,Michelle Montague,http://ufcstats.com/fighter-details/ca80d72da81d7224,exact_normalized_display_name_unique,candidate
Michelle Waterson-Gomez,michellewatersongomez,Michelle Waterson-Gomez,http://ufcstats.com/fighter-details/eb04b9d31e938edb,exact_normalized_display_name_unique,candidate
Mick Parkin,mickparkin,Mick Parkin,http://ufcstats.com/fighter-details/0d5cc0170c1a7e71,exact_normalized_display_name_unique,candidate
Miesha Tate,mieshatate,Miesha Tate,http://ufcstats.com/fighter-details/b96619b3acd7d9da,exact_normalized_display_name_unique,candidate
Mike Easton,mikeeaston,Mike Easton,http://ufcstats.com/fighter-details/bc7230f231701d66,exact_normalized_display_name_unique,candidate
Mike Malott,mikemalott,Mike Malott,http://ufcstats.com/fighter-details/dd6103dd7127db1d,exact_normalized_display_name_unique,candidate
Mike Perry,mikeperry,Mike Perry,http://ufcstats.com/fighter-details/f2b6fdb20675b11c,exact_normalized_display_name_unique,candidate
Mike Pierce,mikepierce,Mike Pierce,http://ufcstats.com/fighter-details/236a37d96d476164,exact_normalized_display_name_unique,candidate
Mike Pyle,mikepyle,Mike Pyle,http://ufcstats.com/fighter-details/f5990c11974d8e9c,exact_normalized_display_name_unique,candidate
Miranda Maverick,mirandamaverick,Miranda Maverick,http://ufcstats.com/fighter-details/f29a6350c69f4a33,exact_normalized_display_name_unique,candidate
Mirko Filipovic,mirkofilipovic,Mirko Filipovic,http://ufcstats.com/fighter-details/c32fb8c0f6471a4d,exact_normalized_display_name_unique,candidate
Mirsad Bektic,mirsadbektic,Mirsad Bektic,http://ufcstats.com/fighter-details/cbd3e590a85b18c5,exact_normalized_display_name_unique,candidate
Misha Cirkunov,mishacirkunov,Misha Cirkunov,http://ufcstats.com/fighter-details/67f272324a030d00,exact_normalized_display_name_unique,candidate
Mitch Gagnon,mitchgagnon,Mitch Gagnon,http://ufcstats.com/fighter-details/b8592b4a383696cd,exact_normalized_display_name_unique,candidate
Mizuki,mizuki,Mizuki,http://ufcstats.com/fighter-details/43a59ce3bb40449e,exact_normalized_display_name_unique,candidate
Molly McCann,mollymccann,Molly McCann,http://ufcstats.com/fighter-details/51018a31ddf31eb2,exact_normalized_display_name_unique,candidate
Montana De La Rosa,montanadelarosa,Montana De La Rosa,http://ufcstats.com/fighter-details/80d8aed0ca9b00f3,exact_normalized_display_name_unique,candidate
Montel Jackson,monteljackson,Montel Jackson,http://ufcstats.com/fighter-details/cc1a8b4b38b92c6d,exact_normalized_display_name_unique,candidate
Movsar Evloev,movsarevloev,Movsar Evloev,http://ufcstats.com/fighter-details/76e2870ffafbe38f,exact_normalized_display_name_unique,candidate
Muhammad Mokaev,muhammadmokaev,Muhammad Mokaev,http://ufcstats.com/fighter-details/75353550928a7921,exact_normalized_display_name_unique,candidate
Muslim Salikhov,muslimsalikhov,Muslim Salikhov,http://ufcstats.com/fighter-details/447f9858ae78f921,exact_normalized_display_name_unique,candidate
Myles Jury,mylesjury,Myles Jury,http://ufcstats.com/fighter-details/08e908ed6d18d6a0,exact_normalized_display_name_unique,candidate
Nassourdine Imavov,nassourdineimavov,Nassourdine Imavov,http://ufcstats.com/fighter-details/881bf86d4cba8578,exact_normalized_display_name_unique,candidate
Natalia Silva,nataliasilva,Natalia Silva,http://ufcstats.com/fighter-details/262d32ebda89efc4,exact_normalized_display_name_unique,candidate
Nate Diaz,natediaz,Nate Diaz,http://ufcstats.com/fighter-details/8355922d564b152c,exact_normalized_display_name_unique,candidate
Neil Magny,neilmagny,Neil Magny,http://ufcstats.com/fighter-details/84b3e7d38f2d2ec5,exact_normalized_display_name_unique,candidate
Neil Seery,neilseery,Neil Seery,http://ufcstats.com/fighter-details/49a74b9fb2e45fdf,exact_normalized_display_name_unique,candidate
Nicco Montano,niccomontano,Nicco Montano,http://ufcstats.com/fighter-details/1de9ad94de18eeaf,exact_normalized_display_name_unique,candidate
Nick Diaz,nickdiaz,Nick Diaz,http://ufcstats.com/fighter-details/f57a8a52ca401ed9,exact_normalized_display_name_unique,candidate
Nik Lentz,niklentz,Nik Lentz,http://ufcstats.com/fighter-details/6fb1ba67bef41b37,exact_normalized_display_name_unique,candidate
Nikita Krylov,nikitakrylov,Nikita Krylov,http://ufcstats.com/fighter-details/1091d4d957141094,exact_normalized_display_name_unique,candidate
Nina Nunes,ninanunes,Nina Nunes,http://ufcstats.com/fighter-details/d343df8ba11f4c4e,exact_normalized_display_name_unique,candidate
Nora Cornolle,noracornolle,Nora Cornolle,http://ufcstats.com/fighter-details/f2b3f4ef3f780168,exact_normalized_display_name_unique,candidate
Norma Dumont,normadumont,Norma Dumont,http://ufcstats.com/fighter-details/d3f5d33d61cd00c9,exact_normalized_display_name_unique,candidate
Olivier Aubin-Mercier,olivieraubinmercier,Olivier Aubin-Mercier,http://ufcstats.com/fighter-details/55ee431411ccf07a,exact_normalized_display_name_unique,candidate
Omari Akhmedov,omariakhmedov,Omari Akhmedov,http://ufcstats.com/fighter-details/16690d100f995f8f,exact_normalized_display_name_unique,candidate
Ovince Saint Preux,ovincesaintpreux,Ovince Saint Preux,http://ufcstats.com/fighter-details/50db8711c70196cd,exact_normalized_display_name_unique,candidate
Paddy Pimblett,paddypimblett,Paddy Pimblett,http://ufcstats.com/fighter-details/7826923b47f8d72a,exact_normalized_display_name_unique,candidate
Paige VanZant,paigevanzant,Paige VanZant,http://ufcstats.com/fighter-details/4d5197f331c47290,exact_normalized_display_name_unique,candidate
Pannie Kianzad,panniekianzad,Pannie Kianzad,http://ufcstats.com/fighter-details/91dac5e69e28d5b5,exact_normalized_display_name_unique,candidate
Pat Healy,pathealy,Pat Healy,http://ufcstats.com/fighter-details/50d2f0018bcf9eef,exact_normalized_display_name_unique,candidate
Patrick Cummins,patrickcummins,Patrick Cummins,http://ufcstats.com/fighter-details/e51e5cb722bd47a8,exact_normalized_display_name_unique,candidate
Paul Craig,paulcraig,Paul Craig,http://ufcstats.com/fighter-details/eabf206b162b3b83,exact_normalized_display_name_unique,candidate
Paul Felder,paulfelder,Paul Felder,http://ufcstats.com/fighter-details/e5010b1b94ca5755,exact_normalized_display_name_unique,candidate
Paulo Costa,paulocosta,Paulo Costa,http://ufcstats.com/fighter-details/2e5c2aa8e4ab9d82,exact_normalized_display_name_unique,candidate
Payton Talbott,paytontalbott,Payton Talbott,http://ufcstats.com/fighter-details/6e743a33d56bdaa4,exact_normalized_display_name_unique,candidate
Pedro Munhoz,pedromunhoz,Pedro Munhoz,http://ufcstats.com/fighter-details/6bd02119599741a4,exact_normalized_display_name_unique,candidate
Petr Yan,petryan,Petr Yan,http://ufcstats.com/fighter-details/d661ce4da776fc20,exact_normalized_display_name_unique,candidate
Phil Davis,phildavis,Phil Davis,http://ufcstats.com/fighter-details/902ab9197b83d0db,exact_normalized_display_name_unique,candidate
Poliana Botelho,polianabotelho,Poliana Botelho,http://ufcstats.com/fighter-details/5c126c6aac3ef364,exact_normalized_display_name_unique,candidate
Polyana Viana,polyanaviana,Polyana Viana,http://ufcstats.com/fighter-details/9673a497a9da119a,exact_normalized_display_name_unique,candidate
Quillan Salkilld,quillansalkilld,Quillan Salkilld,http://ufcstats.com/fighter-details/17734443a833cdf7,exact_normalized_display_name_unique,candidate
Quinton Jackson,quintonjackson,Quinton Jackson,http://ufcstats.com/fighter-details/ffc088e64fab57e9,exact_normalized_display_name_unique,candidate
Rachael Ostovich,rachaelostovich,Rachael Ostovich,http://ufcstats.com/fighter-details/01784fbc27c68b14,exact_normalized_display_name_unique,candidate
Rafael Cavalcante,rafaelcavalcante,Rafael Cavalcante,http://ufcstats.com/fighter-details/5c1ca0c72b599a3c,exact_normalized_display_name_unique,candidate
Rafael Dos Anjos,rafaeldosanjos,Rafael Dos Anjos,http://ufcstats.com/fighter-details/6a2f7c151031653d,exact_normalized_display_name_unique,candidate
Rafael Estevam,rafaelestevam,Rafael Estevam,http://ufcstats.com/fighter-details/83455a9d17f57dae,exact_normalized_display_name_unique,candidate
Rafael Fiziev,rafaelfiziev,Rafael Fiziev,http://ufcstats.com/fighter-details/c814b4c899793af6,exact_normalized_display_name_unique,candidate
Rafael Natal,rafaelnatal,Rafael Natal,http://ufcstats.com/fighter-details/0dba4df5f34d5ff0,exact_normalized_display_name_unique,candidate
Ramazan Temirov,ramazantemirov,Ramazan Temirov,http://ufcstats.com/fighter-details/7d0a1968b38ca439,exact_normalized_display_name_unique,candidate
Randa Markos,randamarkos,Randa Markos,http://ufcstats.com/fighter-details/4a57ebb14315b251,exact_normalized_display_name_unique,candidate
Rani Yahya,raniyahya,Rani Yahya,http://ufcstats.com/fighter-details/94527830000ab715,exact_normalized_display_name_unique,candidate
Raoni Barcelos,raonibarcelos,Raoni Barcelos,http://ufcstats.com/fighter-details/b9f28e7045fdfce7,exact_normalized_display_name_unique,candidate
Raphael Assuncao,raphaelassuncao,Raphael Assuncao,http://ufcstats.com/fighter-details/2f13e4020cea5b38,exact_normalized_display_name_unique,candidate
Raquel Pennington,raquelpennington,Raquel Pennington,http://ufcstats.com/fighter-details/fc169c387b4b465d,exact_normalized_display_name_unique,candidate
Rashad Evans,rashadevans,Rashad Evans,http://ufcstats.com/fighter-details/ee779c43a8926d52,exact_normalized_display_name_unique,candidate
Rashid Magomedov,rashidmagomedov,Rashid Magomedov,http://ufcstats.com/fighter-details/7ea1f74cef32f906,exact_normalized_display_name_unique,candidate
Raul Rosas Jr.,raulrosasjr,Raul Rosas Jr.,http://ufcstats.com/fighter-details/fe2babf95de24fb1,exact_normalized_display_name_unique,candidate
Raulian Paiva,raulianpaiva,Raulian Paiva,http://ufcstats.com/fighter-details/82b4e942781b1046,exact_normalized_display_name_unique,candidate
Ray Borg,rayborg,Ray Borg,http://ufcstats.com/fighter-details/a4de54ea806fb525,exact_normalized_display_name_unique,candidate
Reinier de Ridder,reinierderidder,Reinier de Ridder,http://ufcstats.com/fighter-details/d549cefc7c54ab78,exact_normalized_display_name_unique,candidate
Renan Barao,renanbarao,Renan Barao,http://ufcstats.com/fighter-details/2c99576fefe53c7c,exact_normalized_display_name_unique,candidate
Renato Moicano,renatomoicano,Renato Moicano,http://ufcstats.com/fighter-details/b6452706b373eea1,exact_normalized_display_name_unique,candidate
Ricardo Lamas,ricardolamas,Ricardo Lamas,http://ufcstats.com/fighter-details/3974fa35c917af1d,exact_normalized_display_name_unique,candidate
Rick Story,rickstory,Rick Story,http://ufcstats.com/fighter-details/5b5307450405abf0,exact_normalized_display_name_unique,candidate
Ricky Simon,rickysimon,Ricky Simon,http://ufcstats.com/fighter-details/5987b2458f4b5290,exact_normalized_display_name_unique,candidate
Rinat Fakhretdinov,rinatfakhretdinov,Rinat Fakhretdinov,http://ufcstats.com/fighter-details/8f765fd5775a8873,exact_normalized_display_name_unique,candidate
Rizvan Kuniev,rizvankuniev,Rizvan Kuniev,http://ufcstats.com/fighter-details/739fd4fbb5d862f4,exact_normalized_display_name_unique,candidate
Roan Carneiro,roancarneiro,Roan Carneiro,http://ufcstats.com/fighter-details/1c86754617d9813a,exact_normalized_display_name_unique,candidate
Rob Font,robfont,Rob Font,http://ufcstats.com/fighter-details/05339613bf8e9808,exact_normalized_display_name_unique,candidate
Robbie Lawler,robbielawler,Robbie Lawler,http://ufcstats.com/fighter-details/f2925e6db404bf1d,exact_normalized_display_name_unique,candidate
Robert Whittaker,robertwhittaker,Robert Whittaker,http://ufcstats.com/fighter-details/e1147d3d2dabe1ce,exact_normalized_display_name_unique,candidate
Rodrigo Nascimento,rodrigonascimento,Rodrigo Nascimento,http://ufcstats.com/fighter-details/d31a5546c0e9b213,exact_normalized_display_name_unique,candidate
Rogerio Bontorin,rogeriobontorin,Rogerio Bontorin,http://ufcstats.com/fighter-details/07a2bdaa0afdd831,exact_normalized_display_name_unique,candidate
Roman Dolidze,romandolidze,Roman Dolidze,http://ufcstats.com/fighter-details/327d5f279895110d,exact_normalized_display_name_unique,candidate
Roman Kopylov,romankopylov,Roman Kopylov,http://ufcstats.com/fighter-details/9d83f6da776ff7d6,exact_normalized_display_name_unique,candidate
Ronda Rousey,rondarousey,Ronda Rousey,http://ufcstats.com/fighter-details/8bdac25ce0bb874d,exact_normalized_display_name_unique,candidate
Rory MacDonald,rorymacdonald,Rory MacDonald,http://ufcstats.com/fighter-details/cbd5d3cdd862e90e,exact_normalized_display_name_unique,candidate
Rose Namajunas,rosenamajunas,Rose Namajunas,http://ufcstats.com/fighter-details/47b63240018d5d86,exact_normalized_display_name_unique,candidate
Rosi Sexton,rosisexton,Rosi Sexton,http://ufcstats.com/fighter-details/5dfe71ade71f3a4b,exact_normalized_display_name_unique,candidate
Ross Pearson,rosspearson,Ross Pearson,http://ufcstats.com/fighter-details/4f732e58ed907eff,exact_normalized_display_name_unique,candidate
Roxanne Modafferi,roxannemodafferi,Roxanne Modafferi,http://ufcstats.com/fighter-details/4498b382c65a7faa,exact_normalized_display_name_unique,candidate
Roy Nelson,roynelson,Roy Nelson,http://ufcstats.com/fighter-details/3f7c14c7eca7195d,exact_normalized_display_name_unique,candidate
Ruslan Magomedov,ruslanmagomedov,Ruslan Magomedov,http://ufcstats.com/fighter-details/369e1ce458ef50a6,exact_normalized_display_name_unique,candidate
Rustam Khabilov,rustamkhabilov,Rustam Khabilov,http://ufcstats.com/fighter-details/9b7694d064a8a0ad,exact_normalized_display_name_unique,candidate
Ryan Bader,ryanbader,Ryan Bader,http://ufcstats.com/fighter-details/c0ab242c40decc55,exact_normalized_display_name_unique,candidate
Ryan Benoit,ryanbenoit,Ryan Benoit,http://ufcstats.com/fighter-details/20999e27ddd94bda,exact_normalized_display_name_unique,candidate
Ryan Hall,ryanhall,Ryan Hall,http://ufcstats.com/fighter-details/8866c6f509c19089,exact_normalized_display_name_unique,candidate
Ryan Jimmo,ryanjimmo,Ryan Jimmo,http://ufcstats.com/fighter-details/bc3ec52ef70fc155,exact_normalized_display_name_unique,candidate
Ryan LaFlare,ryanlaflare,Ryan LaFlare,http://ufcstats.com/fighter-details/4c7781da8c6cae93,exact_normalized_display_name_unique,candidate
Ryan Spann,ryanspann,Ryan Spann,http://ufcstats.com/fighter-details/a67f5afa8d6a1b80,exact_normalized_display_name_unique,candidate
Said Nurmagomedov,saidnurmagomedov,Said Nurmagomedov,http://ufcstats.com/fighter-details/0fd5f4b838e890cc,exact_normalized_display_name_unique,candidate
Sam Alvey,samalvey,Sam Alvey,http://ufcstats.com/fighter-details/d156513a19acf856,exact_normalized_display_name_unique,candidate
Santiago Ponzinibbio,santiagoponzinibbio,Santiago Ponzinibbio,http://ufcstats.com/fighter-details/6d1bffff14897645,exact_normalized_display_name_unique,candidate
Sara McMann,saramcmann,Sara McMann,http://ufcstats.com/fighter-details/7be74a12d7352df2,exact_normalized_display_name_unique,candidate
Sarah Kaufman,sarahkaufman,Sarah Kaufman,http://ufcstats.com/fighter-details/36df8e119aec6175,exact_normalized_display_name_unique,candidate
Sarah Moras,sarahmoras,Sarah Moras,http://ufcstats.com/fighter-details/539ed332b3078821,exact_normalized_display_name_unique,candidate
Scott Jorgensen,scottjorgensen,Scott Jorgensen,http://ufcstats.com/fighter-details/0b64d0fed453ef7f,exact_normalized_display_name_unique,candidate
Sean Brady,seanbrady,Sean Brady,http://ufcstats.com/fighter-details/45f7cb591c3ab00b,exact_normalized_display_name_unique,candidate
Sean O'Malley,seanomalley,Sean O'Malley,http://ufcstats.com/fighter-details/b50a426a33da0012,exact_normalized_display_name_unique,candidate
Sean Strickland,seanstrickland,Sean Strickland,http://ufcstats.com/fighter-details/0d8011111be000b2,exact_normalized_display_name_unique,candidate
Seo Hee Ham,seoheeham,Seo Hee Ham,http://ufcstats.com/fighter-details/165c244bcca3ed26,exact_normalized_display_name_unique,candidate
Sergei Pavlovich,sergeipavlovich,Sergei Pavlovich,http://ufcstats.com/fighter-details/f14cf73e51b29254,exact_normalized_display_name_unique,candidate
Serghei Spivac,sergheispivac,Serghei Spivac,http://ufcstats.com/fighter-details/e2f6b2769aaedd6c,exact_normalized_display_name_unique,candidate
Sergio Pettis,sergiopettis,Sergio Pettis,http://ufcstats.com/fighter-details/de75d1c45a39e221,exact_normalized_display_name_unique,candidate
Shamil Abdurakhimov,shamilabdurakhimov,Shamil Abdurakhimov,http://ufcstats.com/fighter-details/2f5cbecbbe18bac4,exact_normalized_display_name_unique,candidate
Shamil Gaziev,shamilgaziev,Shamil Gaziev,http://ufcstats.com/fighter-details/6747ccd6d1acd266,exact_normalized_display_name_unique,candidate
Shana Dobson,shanadobson,Shana Dobson,http://ufcstats.com/fighter-details/122ac9b816d8b71c,exact_normalized_display_name_unique,candidate
Shane Burgos,shaneburgos,Shane Burgos,http://ufcstats.com/fighter-details/98d961097baaf308,exact_normalized_display_name_unique,candidate
Shane Carwin,shanecarwin,Shane Carwin,http://ufcstats.com/fighter-details/68dd7b3783c19f9c,exact_normalized_display_name_unique,candidate
Shara Magomedov,sharamagomedov,Shara Magomedov,http://ufcstats.com/fighter-details/06734ca9d88dec3a,exact_normalized_display_name_unique,candidate
Shavkat Rakhmonov,shavkatrakhmonov,Shavkat Rakhmonov,http://ufcstats.com/fighter-details/01afe0916a40c7c5,exact_normalized_display_name_unique,candidate
Sheila Gaff,sheilagaff,Sheila Gaff,http://ufcstats.com/fighter-details/837d30395faca41e,exact_normalized_display_name_unique,candidate
Sijara Eubanks,sijaraeubanks,Sijara Eubanks,http://ufcstats.com/fighter-details/4234f0097c83fa62,exact_normalized_display_name_unique,candidate
Soa Palelei,soapalelei,Soa Palelei,http://ufcstats.com/fighter-details/60029bcf496bd707,exact_normalized_display_name_unique,candidate
Sodiq Yusuff,sodiqyusuff,Sodiq Yusuff,http://ufcstats.com/fighter-details/94426bb170c88115,exact_normalized_display_name_unique,candidate
Song Yadong,songyadong,Song Yadong,http://ufcstats.com/fighter-details/efb96bf3e9ada36f,exact_normalized_display_name_unique,candidate
Stefan Struve,stefanstruve,Stefan Struve,http://ufcstats.com/fighter-details/ebc1f40e00e0c481,exact_normalized_display_name_unique,candidate
Stephen Thompson,stephenthompson,Stephen Thompson,http://ufcstats.com/fighter-details/4a28cb716c19157a,exact_normalized_display_name_unique,candidate
Steve Erceg,steveerceg,Steve Erceg,http://ufcstats.com/fighter-details/32ab52e5de93092d,exact_normalized_display_name_unique,candidate
Steve Garcia,stevegarcia,Steve Garcia,http://ufcstats.com/fighter-details/97cf1a2c7c5e7889,exact_normalized_display_name_unique,candidate
Stipe Miocic,stipemiocic,Stipe Miocic,http://ufcstats.com/fighter-details/d28dee5c705991df,exact_normalized_display_name_unique,candidate
Sumudaerji,sumudaerji,Sumudaerji,http://ufcstats.com/fighter-details/3cf18e01cb6cbde3,exact_normalized_display_name_unique,candidate
Tabatha Ricci,tabatharicci,Tabatha Ricci,http://ufcstats.com/fighter-details/d25240135aee03e5,exact_normalized_display_name_unique,candidate
Tagir Ulanbekov,tagirulanbekov,Tagir Ulanbekov,http://ufcstats.com/fighter-details/f00ac08ab056af5d,exact_normalized_display_name_unique,candidate
Tai Tuivasa,taituivasa,Tai Tuivasa,http://ufcstats.com/fighter-details/c62fbc117d57b943,exact_normalized_display_name_unique,candidate
Taila Santos,tailasantos,Taila Santos,http://ufcstats.com/fighter-details/f7467152fd9f18a2,exact_normalized_display_name_unique,candidate
Tainara Lisboa,tainaralisboa,Tainara Lisboa,http://ufcstats.com/fighter-details/2c5f5749569eef66,exact_normalized_display_name_unique,candidate
Takeya Mizugaki,takeyamizugaki,Takeya Mizugaki,http://ufcstats.com/fighter-details/48e093ea1f43a053,exact_normalized_display_name_unique,candidate
Talita Bernardo,talitabernardo,Talita Bernardo,http://ufcstats.com/fighter-details/5b2325cd70dbe2ea,exact_normalized_display_name_unique,candidate
Tallison Teixeira,tallisonteixeira,Tallison Teixeira,http://ufcstats.com/fighter-details/17923f676f100e16,exact_normalized_display_name_unique,candidate
Tanner Boser,tannerboser,Tanner Boser,http://ufcstats.com/fighter-details/04c8b08b16a5b99e,exact_normalized_display_name_unique,candidate
Tarec Saffiedine,tarecsaffiedine,Tarec Saffiedine,http://ufcstats.com/fighter-details/0749d968e932df53,exact_normalized_display_name_unique,candidate
Tatiana Suarez,tatianasuarez,Tatiana Suarez,http://ufcstats.com/fighter-details/b08012bbe542592a,exact_normalized_display_name_unique,candidate
Tatsuro Taira,tatsurotaira,Tatsuro Taira,http://ufcstats.com/fighter-details/4461d7e47375a895,exact_normalized_display_name_unique,candidate
Tatsuya Kawajiri,tatsuyakawajiri,Tatsuya Kawajiri,http://ufcstats.com/fighter-details/80d918336163b80c,exact_normalized_display_name_unique,candidate
Tecia Pennington,teciapennington,Tecia Pennington,http://ufcstats.com/fighter-details/31ef8b67e13495b3,exact_normalized_display_name_unique,candidate
Thales Leites,thalesleites,Thales Leites,http://ufcstats.com/fighter-details/cfb65863d5099327,exact_normalized_display_name_unique,candidate
Thiago Alves,thiagoalves,Thiago Alves,http://ufcstats.com/fighter-details/31ee470ef5dc8d7f,exact_normalized_display_name_unique,candidate
Thiago Moises,thiagomoises,Thiago Moises,http://ufcstats.com/fighter-details/d945aae53e3e54e6,exact_normalized_display_name_unique,candidate
Thiago Santos,thiagosantos,Thiago Santos,http://ufcstats.com/fighter-details/dea070ed4a2a8281,exact_normalized_display_name_unique,candidate
Thiago Silva,thiagosilva,Thiago Silva,http://ufcstats.com/fighter-details/2924886ee9c4c527,exact_normalized_display_name_unique,candidate
Thiago Tavares,thiagotavares,Thiago Tavares,http://ufcstats.com/fighter-details/8a59d346dc976a10,exact_normalized_display_name_unique,candidate
Thomas Almeida,thomasalmeida,Thomas Almeida,http://ufcstats.com/fighter-details/2b074403b7c6cdb4,exact_normalized_display_name_unique,candidate
Tim Boetsch,timboetsch,Tim Boetsch,http://ufcstats.com/fighter-details/c80095f6092271a7,exact_normalized_display_name_unique,candidate
Tim Elliott,timelliott,Tim Elliott,http://ufcstats.com/fighter-details/c96d9178c9ed9e62,exact_normalized_display_name_unique,candidate
Tim Kennedy,timkennedy,Tim Kennedy,http://ufcstats.com/fighter-details/3c660c90d48fc80d,exact_normalized_display_name_unique,candidate
TJ Dillashaw,tjdillashaw,TJ Dillashaw,http://ufcstats.com/fighter-details/c849740a3ff51931,exact_normalized_display_name_unique,candidate
TJ Grant,tjgrant,TJ Grant,http://ufcstats.com/fighter-details/a26198ba5093147e,exact_normalized_display_name_unique,candidate
Tom Aspinall,tomaspinall,Tom Aspinall,http://ufcstats.com/fighter-details/399afbabc02376b5,exact_normalized_display_name_unique,candidate
Tom Lawlor,tomlawlor,Tom Lawlor,http://ufcstats.com/fighter-details/4d44f37107f01b9b,exact_normalized_display_name_unique,candidate
Tom Nolan,tomnolan,Tom Nolan,http://ufcstats.com/fighter-details/6c3b2525436cf5d4,exact_normalized_display_name_unique,candidate
Tony Ferguson,tonyferguson,Tony Ferguson,http://ufcstats.com/fighter-details/22a92d7f62195791,exact_normalized_display_name_unique,candidate
Tonya Evinger,tonyaevinger,Tonya Evinger,http://ufcstats.com/fighter-details/b12a1d19ee383b7c,exact_normalized_display_name_unique,candidate
Tracy Cortez,tracycortez,Tracy Cortez,http://ufcstats.com/fighter-details/68d4a891e5cf2029,exact_normalized_display_name_unique,candidate
Travis Browne,travisbrowne,Travis Browne,http://ufcstats.com/fighter-details/3236bf606fe9fa5b,exact_normalized_display_name_unique,candidate
Tyrell Fortune,tyrellfortune,Tyrell Fortune,http://ufcstats.com/fighter-details/bc7f4b2d4c2724a2,exact_normalized_display_name_unique,candidate
Tyron Woodley,tyronwoodley,Tyron Woodley,http://ufcstats.com/fighter-details/effd9de9937996f8,exact_normalized_display_name_unique,candidate
Tyson Nam,tysonnam,Tyson Nam,http://ufcstats.com/fighter-details/6e00cfffd54653c4,exact_normalized_display_name_unique,candidate
Tyson Pedro,tysonpedro,Tyson Pedro,http://ufcstats.com/fighter-details/49e96ff8ab781589,exact_normalized_display_name_unique,candidate
Ulysses Gomez,ulyssesgomez,Ulysses Gomez,http://ufcstats.com/fighter-details/1e35aa8955794580,exact_normalized_display_name_unique,candidate
Umar Nurmagomedov,umarnurmagomedov,Umar Nurmagomedov,http://ufcstats.com/fighter-details/2b6fc1c02736833d,exact_normalized_display_name_unique,candidate
Uriah Hall,uriahhall,Uriah Hall,http://ufcstats.com/fighter-details/65578a75fa7900e3,exact_normalized_display_name_unique,candidate
Urijah Faber,urijahfaber,Urijah Faber,http://ufcstats.com/fighter-details/78114b7199cef90c,exact_normalized_display_name_unique,candidate
Uros Medic,urosmedic,Uros Medic,http://ufcstats.com/fighter-details/681399317dbf4701,exact_normalized_display_name_unique,candidate
Valentina Shevchenko,valentinashevchenko,Valentina Shevchenko,http://ufcstats.com/fighter-details/132deb59abae64b1,exact_normalized_display_name_unique,candidate
Valerie Letourneau,valerieletourneau,Valerie Letourneau,http://ufcstats.com/fighter-details/46a2f24feb258ae0,exact_normalized_display_name_unique,candidate
Valter Walker,valterwalker,Valter Walker,http://ufcstats.com/fighter-details/f5779a2303ed76ec,exact_normalized_display_name_unique,candidate
Vicente Luque,vicenteluque,Vicente Luque,http://ufcstats.com/fighter-details/6d4b63c767106d3a,exact_normalized_display_name_unique,candidate
Vinicius Oliveira,viniciusoliveira,Vinicius Oliveira,http://ufcstats.com/fighter-details/18d01f7f8338ae72,exact_normalized_display_name_unique,candidate
Virna Jandiroba,virnajandiroba,Virna Jandiroba,http://ufcstats.com/fighter-details/7dda2cf308f24a02,exact_normalized_display_name_unique,candidate
Vitor Belfort,vitorbelfort,Vitor Belfort,http://ufcstats.com/fighter-details/0ee783aa00e468f0,exact_normalized_display_name_unique,candidate
Vitor Petrino,vitorpetrino,Vitor Petrino,http://ufcstats.com/fighter-details/71171fc96445bf65,exact_normalized_display_name_unique,candidate
Viviane Araujo,vivianearaujo,Viviane Araujo,http://ufcstats.com/fighter-details/36541f1e6c5d4955,exact_normalized_display_name_unique,candidate
Volkan Oezdemir,volkanoezdemir,Volkan Oezdemir,http://ufcstats.com/fighter-details/0845c81e37d3bcb3,exact_normalized_display_name_unique,candidate
Waldo Cortes-Acosta,waldocortesacosta,Waldo Cortes Acosta,http://ufcstats.com/fighter-details/fc08099550072fe4,exact_normalized_display_name_unique,candidate
Walt Harris,waltharris,Walt Harris,http://ufcstats.com/fighter-details/03f982ca3735070c,exact_normalized_display_name_unique,candidate
Wang Cong,wangcong,Wang Cong,http://ufcstats.com/fighter-details/2997e7fe3c9d3d4a,exact_normalized_display_name_unique,candidate
Will Brooks,willbrooks,Will Brooks,http://ufcstats.com/fighter-details/b6e6c3b1dcaae0a1,exact_normalized_display_name_unique,candidate
Wilson Reis,wilsonreis,Wilson Reis,http://ufcstats.com/fighter-details/5aedf14771ca82d2,exact_normalized_display_name_unique,candidate
Yair Rodriguez,yairrodriguez,Yair Rodriguez,http://ufcstats.com/fighter-details/cbf5e6f231b55443,exact_normalized_display_name_unique,candidate
Yan Xiaonan,yanxiaonan,Yan Xiaonan,http://ufcstats.com/fighter-details/c41d426cc7326d1b,exact_normalized_display_name_unique,candidate
Yana Santos,yanasantos,Yana Santos,http://ufcstats.com/fighter-details/3143bf892608139a,exact_normalized_display_name_unique,candidate
Yancy Medeiros,yancymedeiros,Yancy Medeiros,http://ufcstats.com/fighter-details/813550bc53b15fb0,exact_normalized_display_name_unique,candidate
Yaroslav Amosov,yaroslavamosov,Yaroslav Amosov,http://ufcstats.com/fighter-details/f139d6836efd43dd,exact_normalized_display_name_unique,candidate
Yoel Romero,yoelromero,Yoel Romero,http://ufcstats.com/fighter-details/f77c68bb4be8516d,exact_normalized_display_name_unique,candidate
Youssef Zalal,youssefzalal,Youssef Zalal,http://ufcstats.com/fighter-details/52c2ae6d2f2d2613,exact_normalized_display_name_unique,candidate
Yushin Okami,yushinokami,Yushin Okami,http://ufcstats.com/fighter-details/acff437707625fc7,exact_normalized_display_name_unique,candidate
Yves Jabouin,yvesjabouin,Yves Jabouin,http://ufcstats.com/fighter-details/b4eeac608fc82f88,exact_normalized_display_name_unique,candidate
Zabit Magomedsharipov,zabitmagomedsharipov,Zabit Magomedsharipov,http://ufcstats.com/fighter-details/87aa9fb63d6b51a1,exact_normalized_display_name_unique,candidate
Zach Makovsky,zachmakovsky,Zach Makovsky,http://ufcstats.com/fighter-details/57ab4d7c0bc09a30,exact_normalized_display_name_unique,candidate
Zhang Mingyang,zhangmingyang,Zhang Mingyang,http://ufcstats.com/fighter-details/8a65fd9ba31fd3f7,exact_normalized_display_name_unique,candidate
Zhang Weili,zhangweili,Zhang Weili,http://ufcstats.com/fighter-details/1ebe20ebbfa15e29,exact_normalized_display_name_unique,candidate
