statistic,A,B,C,D
count,4844,4844,4844,4844
mean,5.8720820062717074,5.9352898093847273,1.0121009607337057,5.8720820062717074
std,1.8018881783412046,3.6488729733614385,0.49474304425746135,1.8018881783412046
min,2.1582791621651842,0.78790991348277251,0.14190365166279967,2.1582791621651842
5%,3.6054925058344018,2.0761135785404203,0.39351098562606895,3.6054925058344018
25%,4.7130568931840413,3.6223004193881074,0.68098450776233443,4.7130568931840413
50%,5.5253545166719888,5.2243431739314632,0.9454587513889372,5.525354516671988
75%,6.5715234885792837,7.1374093917265284,1.2247448713915889,6.5715234885792837
95%,9.3114034855107732,12.213817507053308,1.943934458772703,9.3114034855107732
max,19.23673642031013,44.632098726785401,6.2572852342119791,19.23673642031013
