outer_year,arm,selected_C,inner_log_loss
2018,B,0.029999999999999999,0.6203318743134022
2018,C,0.029999999999999999,0.61994882814662933
2019,B,0.029999999999999999,0.60798044857318256
2019,C,0.029999999999999999,0.60838964748826829
2020,B,0.029999999999999999,0.61411934167811943
2020,C,0.029999999999999999,0.60490668343024667
2021,B,0.029999999999999999,0.62431445078288639
2021,C,0.029999999999999999,0.60825049297495193
2022,B,0.029999999999999999,0.62702432729472357
2022,C,0.029999999999999999,0.61073810889275626
2023,B,0.029999999999999999,0.62149280801031104
2023,C,0.029999999999999999,0.6126792824213263
2024,B,0.029999999999999999,0.6303527316439449
2024,C,0.029999999999999999,0.63013602258950208
2025,B,0.029999999999999999,0.63003493368975838
2025,C,0.029999999999999999,0.62581349981021972
2026,B,0.029999999999999999,0.60994759870073456
2026,C,1,0.60044103479622757
