year,partial_2026_through,model,all_N,all_gate,finish_N,finish_gate,KO_N,SUB_N,actual_KO,actual_SUB,mean_KO,mean_SUB,gap,log_loss,brier,ll_delta_MIN,brier_delta_MIN,finish_year_counts,all_year_counts,event_N,observed_Wilson95,candidate_id,rounds
2018,,LINEAR_MIN,470,NORMAL,241,NORMAL,151,90,0.62655601659751037,0.37344398340248963,0.65953633590055871,0.34046366409944129,0.032980319303048344,0.61557403451258741,0.21291932287294976,0,0,"{""2018"": 241}","{""2018"": 470}",39,"[0.563948249739187, 0.6851925628250464]",,
2019,,LINEAR_MIN,507,NORMAL,231,NORMAL,152,79,0.65800865800865804,0.34199134199134201,0.65937983221530094,0.34062016778469906,0.0013711742066429,0.61312038311295647,0.21262973194497992,0,0,"{""2019"": 231}","{""2019"": 507}",42,"[0.5946975685296276, 0.71615044087461]",,
2020,,LINEAR_MIN,443,NORMAL,220,NORMAL,138,82,0.62727272727272732,0.37272727272727274,0.64910094402946072,0.35089905597053928,0.02182821675673341,0.63424651281676747,0.223572057007389,0,0,"{""2020"": 220}","{""2020"": 443}",41,"[0.5617074523339457, 0.6884696162709288]",,
2021,,LINEAR_MIN,492,NORMAL,239,NORMAL,166,73,0.69456066945606698,0.30543933054393307,0.64802003009013431,0.35197996990986569,-0.046540639365932668,0.619447309809947,0.21450237200519195,0,0,"{""2021"": 239}","{""2021"": 492}",43,"[0.6334711596008739, 0.7494947493161371]",,
2022,,LINEAR_MIN,505,NORMAL,268,NORMAL,171,97,0.63805970149253732,0.36194029850746268,0.67626926832571577,0.32373073167428423,0.038209566833178443,0.6229299099366713,0.21625363992962204,0,0,"{""2022"": 268}","{""2022"": 505}",42,"[0.5789487104962859, 0.6932687809821209]",,
2023,,LINEAR_MIN,505,NORMAL,258,NORMAL,158,100,0.61240310077519378,0.38759689922480622,0.65578412614604509,0.34421587385395491,0.043381025370851312,0.63796212606125868,0.22307539300030871,0,0,"{""2023"": 258}","{""2023"": 505}",43,"[0.551719360415051, 0.6697887241381966]",,
2024,,LINEAR_MIN,502,NORMAL,223,NORMAL,141,82,0.63228699551569512,0.36771300448430494,0.67626617873349582,0.32373382126650418,0.043979183217800699,0.6221494494844465,0.2161258594298357,0,0,"{""2024"": 223}","{""2024"": 502}",42,"[0.5672589981607394, 0.6928345504644982]",,
2025,,LINEAR_MIN,504,NORMAL,252,NORMAL,163,89,0.64682539682539686,0.3531746031746032,0.66112830916367016,0.33887169083632984,0.014302912338273299,0.59856673120433668,0.20651851169843705,0,0,"{""2025"": 252}","{""2025"": 504}",42,"[0.586012616907334, 0.7032290108613021]",,
2026,2026-08-15,LINEAR_MIN,332,NORMAL,183,NORMAL,121,62,0.66120218579234968,0.33879781420765026,0.68731660857331678,0.31268339142668322,0.026114422780967095,0.56182699538545222,0.19214732456323771,0,0,"{""2026"": 183}","{""2026"": 332}",27,"[0.5899415114612316, 0.7258342289573894]",,
2018,,XGB,470,NORMAL,241,NORMAL,151,90,0.62655601659751037,0.37344398340248963,0.64210126756137831,0.35789873243862169,0.01554525096386794,0.59978822474321924,0.20849042053839198,-0.01578580976936815,-0.0044289023345578243,"{""2018"": 241}","{""2018"": 470}",39,"[0.563948249739187, 0.6851925628250464]",XGB_05,42
2019,,XGB,507,NORMAL,231,NORMAL,152,79,0.65800865800865804,0.34199134199134201,0.65209213415265599,0.34790786584734401,-0.0059165238560020539,0.60592012111211968,0.20840890665416481,-0.0072002620008368573,-0.0042208252908151308,"{""2019"": 231}","{""2019"": 507}",42,"[0.5946975685296276, 0.71615044087461]",XGB_06,57
2020,,XGB,443,NORMAL,220,NORMAL,138,82,0.62727272727272732,0.37272727272727274,0.64010923166166656,0.35989076833833344,0.012836504388939241,0.61720534538664129,0.21530588726588309,-0.017041167430126423,-0.0082661697415058639,"{""2020"": 220}","{""2020"": 443}",41,"[0.5617074523339457, 0.6884696162709288]",XGB_05,33
2021,,XGB,492,NORMAL,239,NORMAL,166,73,0.69456066945606698,0.30543933054393307,0.64969146301556835,0.35030853698443165,-0.044869206440498632,0.60508700256441372,0.20948519480687822,-0.014360307245533041,-0.0050171771983137546,"{""2021"": 239}","{""2021"": 492}",43,"[0.6334711596008739, 0.7494947493161371]",XGB_03,71
2022,,XGB,505,NORMAL,268,NORMAL,171,97,0.63805970149253732,0.36194029850746268,0.66269742697477341,0.33730257302522659,0.024637725482236084,0.62202834331077383,0.2166862808363684,-0.00090156662589731945,0.0004326409067463491,"{""2022"": 268}","{""2022"": 505}",42,"[0.5789487104962859, 0.6932687809821209]",XGB_05,28
2023,,XGB,505,NORMAL,258,NORMAL,158,100,0.61240310077519378,0.38759689922480622,0.64811179365298544,0.35188820634701456,0.035708692877791659,0.6507035941387006,0.22820430903993502,0.012741468077442057,0.0051289160396263082,"{""2023"": 258}","{""2023"": 505}",43,"[0.551719360415051, 0.6697887241381966]",XGB_05,31
2024,,XGB,502,NORMAL,223,NORMAL,141,82,0.63228699551569512,0.36771300448430494,0.63734093883112408,0.36265906116887592,0.0050539433154289659,0.61865310813621444,0.21529332458659539,-0.0034963413482318809,-0.00083253484324028793,"{""2024"": 223}","{""2024"": 502}",42,"[0.5672589981607394, 0.6928345504644982]",XGB_17,17
2025,,XGB,504,NORMAL,252,NORMAL,163,89,0.64682539682539686,0.3531746031746032,0.66213772528701353,0.33786227471298647,0.015312328461616675,0.59173750772201394,0.20331156617053392,-0.0068292234823226017,-0.0032069455279031319,"{""2025"": 252}","{""2025"": 504}",42,"[0.586012616907334, 0.7032290108613021]",XGB_06,42
2026,2026-08-15,XGB,332,NORMAL,183,NORMAL,121,62,0.66120218579234968,0.33879781420765026,0.68686028020303758,0.31313971979696242,0.025658094410687893,0.57808975187123124,0.1980624512369111,0.016262756485778979,0.0059151266736733616,"{""2026"": 183}","{""2026"": 332}",27,"[0.5899415114612316, 0.7258342289573894]",XGB_04,222
2018,,LGBM,470,NORMAL,241,NORMAL,151,90,0.62655601659751037,0.37344398340248963,0.63162940010014346,0.36837059989985654,0.0050733835026330887,0.60197779686357,0.20811549302704144,-0.01359623764901745,-0.0048038298459083442,"{""2018"": 241}","{""2018"": 470}",39,"[0.563948249739187, 0.6851925628250464]",LGBM_11,22
2019,,LGBM,507,NORMAL,231,NORMAL,152,79,0.65800865800865804,0.34199134199134201,0.64614755628438347,0.35385244371561653,-0.01186110172427457,0.59933681292079732,0.20580816382575412,-0.013783570192159195,-0.0068215681192258151,"{""2019"": 231}","{""2019"": 507}",42,"[0.5946975685296276, 0.71615044087461]",LGBM_04,115
2020,,LGBM,443,NORMAL,220,NORMAL,138,82,0.62727272727272732,0.37272727272727274,0.64170166652862126,0.35829833347137874,0.014428939255893947,0.62934418128026726,0.22104203789126484,-0.0049023315365001891,-0.0025300191161241538,"{""2020"": 220}","{""2020"": 443}",41,"[0.5617074523339457, 0.6884696162709288]",LGBM_06,56
2021,,LGBM,492,NORMAL,239,NORMAL,166,73,0.69456066945606698,0.30543933054393307,0.65253976482117215,0.34746023517882785,-0.042020904634894829,0.60080145421498943,0.20745100620476631,-0.018645855594957503,-0.0070513658004256576,"{""2021"": 239}","{""2021"": 492}",43,"[0.6334711596008739, 0.7494947493161371]",LGBM_03,74
2022,,LGBM,505,NORMAL,268,NORMAL,171,97,0.63805970149253732,0.36194029850746268,0.66934581647432745,0.33065418352567255,0.031286114981790125,0.62268923348759286,0.21712805704660568,-0.0002406764490783336,0.00087441711698363345,"{""2022"": 268}","{""2022"": 505}",42,"[0.5789487104962859, 0.6932687809821209]",LGBM_05,36
2023,,LGBM,505,NORMAL,258,NORMAL,158,100,0.61240310077519378,0.38759689922480622,0.65410098628668012,0.34589901371331988,0.041697885511486343,0.65214481248541711,0.22882956748893304,0.014182686424158552,0.0057541744886243154,"{""2023"": 258}","{""2023"": 505}",43,"[0.551719360415051, 0.6697887241381966]",LGBM_03,79
2024,,LGBM,502,NORMAL,223,NORMAL,141,82,0.63228699551569512,0.36771300448430494,0.65096491170500459,0.34903508829499541,0.018677916189309474,0.60556381193635367,0.21006752456724104,-0.0165856375480927,-0.0060583348625946349,"{""2024"": 223}","{""2024"": 502}",42,"[0.5672589981607394, 0.6928345504644982]",LGBM_12,26
2025,,LGBM,504,NORMAL,252,NORMAL,163,89,0.64682539682539686,0.3531746031746032,0.65949118018844366,0.34050881981155634,0.012665783363046801,0.59521926072543951,0.20480091680434606,-0.0033474704788969429,-0.0017175948940909814,"{""2025"": 252}","{""2025"": 504}",42,"[0.586012616907334, 0.7032290108613021]",LGBM_06,40
2026,2026-08-15,LGBM,332,NORMAL,183,NORMAL,121,62,0.66120218579234968,0.33879781420765026,0.68458651055714936,0.31541348944285064,0.02338432476479968,0.59234254537541409,0.20286714558098051,0.030515549989961886,0.010719821017742793,"{""2026"": 183}","{""2026"": 332}",27,"[0.5899415114612316, 0.7258342289573894]",LGBM_12,52
2018,,CAT,470,NORMAL,241,NORMAL,151,90,0.62655601659751037,0.37344398340248963,0.64359241405149592,0.35640758594850408,0.017036397453985552,0.59952474182652782,0.20718871788054738,-0.016049292686059532,-0.0057306049924024079,"{""2018"": 241}","{""2018"": 470}",39,"[0.563948249739187, 0.6851925628250464]",CAT_16,109
2019,,CAT,507,NORMAL,231,NORMAL,152,79,0.65800865800865804,0.34199134199134201,0.65694551626397313,0.34305448373602687,-0.0010631417446849145,0.5925186320680158,0.2033240310919735,-0.020601751044940712,-0.0093057008530064121,"{""2019"": 231}","{""2019"": 507}",42,"[0.5946975685296276, 0.71615044087461]",CAT_12,70
2020,,CAT,443,NORMAL,220,NORMAL,138,82,0.62727272727272732,0.37272727272727274,0.64181353630634863,0.35818646369365137,0.014540809033621316,0.62393149863662356,0.21822719219114342,-0.010315014180143895,-0.0053448648162455403,"{""2020"": 220}","{""2020"": 443}",41,"[0.5617074523339457, 0.6884696162709288]",CAT_16,141
2021,,CAT,492,NORMAL,239,NORMAL,166,73,0.69456066945606698,0.30543933054393307,0.64962164884395579,0.35037835115604421,-0.044939020612111191,0.61846481222612337,0.21454560802933348,-0.00098249758382341575,4.3236024141537867e-05,"{""2021"": 239}","{""2021"": 492}",43,"[0.6334711596008739, 0.7494947493161371]",CAT_06,152
2022,,CAT,505,NORMAL,268,NORMAL,171,97,0.63805970149253732,0.36194029850746268,0.67767813969803692,0.32232186030196308,0.039618438205499595,0.61318488008889949,0.21225890120226079,-0.0097450298477717145,-0.0039947387273612314,"{""2022"": 268}","{""2022"": 505}",42,"[0.5789487104962859, 0.6932687809821209]",CAT_17,51
2023,,CAT,505,NORMAL,258,NORMAL,158,100,0.61240310077519378,0.38759689922480622,0.64847261733949135,0.35152738266050865,0.036069516564297577,0.65049751224513708,0.22852189383756877,0.012535386183878533,0.0054465008372600737,"{""2023"": 258}","{""2023"": 505}",43,"[0.551719360415051, 0.6697887241381966]",CAT_17,33
2024,,CAT,502,NORMAL,223,NORMAL,141,82,0.63228699551569512,0.36771300448430494,0.67154590303091866,0.32845409696908134,0.03925890751522354,0.61263090989191948,0.21285497587097432,-0.009518539592526961,-0.0032708835588613531,"{""2024"": 223}","{""2024"": 502}",42,"[0.5672589981607394, 0.6928345504644982]",CAT_11,101
2025,,CAT,504,NORMAL,252,NORMAL,163,89,0.64682539682539686,0.3531746031746032,0.65322871822002726,0.34677128177997274,0.0064033213946304013,0.59840048911909027,0.20616729308669898,-0.00016624208524632485,-0.00035121861173803922,"{""2025"": 252}","{""2025"": 504}",42,"[0.586012616907334, 0.7032290108613021]",CAT_18,33
2026,2026-08-15,CAT,332,NORMAL,183,NORMAL,121,62,0.66120218579234968,0.33879781420765026,0.68153519928369122,0.31846480071630878,0.020333013491341534,0.58304596077706583,0.19922256739723018,0.021218965391613592,0.007075242833992427,"{""2026"": 183}","{""2026"": 332}",27,"[0.5899415114612316, 0.7258342289573894]",CAT_05,148
2018,,SELECT,470,NORMAL,241,NORMAL,151,90,0.62655601659751037,0.37344398340248963,0.64210126756137831,0.35789873243862169,0.01554525096386794,0.59978822474321924,0.20849042053839198,-0.01578580976936815,-0.0044289023345578243,"{""2018"": 241}","{""2018"": 470}",39,"[0.563948249739187, 0.6851925628250464]",,
2019,,SELECT,507,NORMAL,231,NORMAL,152,79,0.65800865800865804,0.34199134199134201,0.65209213415265599,0.34790786584734401,-0.0059165238560020539,0.60592012111211968,0.20840890665416481,-0.0072002620008368573,-0.0042208252908151308,"{""2019"": 231}","{""2019"": 507}",42,"[0.5946975685296276, 0.71615044087461]",,
2020,,SELECT,443,NORMAL,220,NORMAL,138,82,0.62727272727272732,0.37272727272727274,0.64170166652862126,0.35829833347137874,0.014428939255893947,0.62934418128026726,0.22104203789126484,-0.0049023315365001891,-0.0025300191161241538,"{""2020"": 220}","{""2020"": 443}",41,"[0.5617074523339457, 0.6884696162709288]",,
2021,,SELECT,492,NORMAL,239,NORMAL,166,73,0.69456066945606698,0.30543933054393307,0.64962164884395579,0.35037835115604421,-0.044939020612111191,0.61846481222612337,0.21454560802933348,-0.00098249758382341575,4.3236024141537867e-05,"{""2021"": 239}","{""2021"": 492}",43,"[0.6334711596008739, 0.7494947493161371]",,
2022,,SELECT,505,NORMAL,268,NORMAL,171,97,0.63805970149253732,0.36194029850746268,0.66934581647432745,0.33065418352567255,0.031286114981790125,0.62268923348759286,0.21712805704660568,-0.0002406764490783336,0.00087441711698363345,"{""2022"": 268}","{""2022"": 505}",42,"[0.5789487104962859, 0.6932687809821209]",,
2023,,SELECT,505,NORMAL,258,NORMAL,158,100,0.61240310077519378,0.38759689922480622,0.64847261733949135,0.35152738266050865,0.036069516564297577,0.65049751224513708,0.22852189383756877,0.012535386183878533,0.0054465008372600737,"{""2023"": 258}","{""2023"": 505}",43,"[0.551719360415051, 0.6697887241381966]",,
2024,,SELECT,502,NORMAL,223,NORMAL,141,82,0.63228699551569512,0.36771300448430494,0.67154590303091866,0.32845409696908134,0.03925890751522354,0.61263090989191948,0.21285497587097432,-0.009518539592526961,-0.0032708835588613531,"{""2024"": 223}","{""2024"": 502}",42,"[0.5672589981607394, 0.6928345504644982]",,
2025,,SELECT,504,NORMAL,252,NORMAL,163,89,0.64682539682539686,0.3531746031746032,0.65949118018844366,0.34050881981155634,0.012665783363046801,0.59521926072543951,0.20480091680434606,-0.0033474704788969429,-0.0017175948940909814,"{""2025"": 252}","{""2025"": 504}",42,"[0.586012616907334, 0.7032290108613021]",,
2026,2026-08-15,SELECT,332,NORMAL,183,NORMAL,121,62,0.66120218579234968,0.33879781420765026,0.68458651055714936,0.31541348944285064,0.02338432476479968,0.59234254537541409,0.20286714558098051,0.030515549989961886,0.010719821017742793,"{""2026"": 183}","{""2026"": 332}",27,"[0.5899415114612316, 0.7258342289573894]",,
