model,method,ECE,mean_prediction,actual_frequency,intercept,slope,calibration_status
LINEAR_MIN,KO_TKO,0.01764154278548383,0.3146900102802675,0.31948356807511735,-0.096482182362428531,0.83596818287731167,CONVERGED
LINEAR_MIN,SUBMISSION,0.024724996169696683,0.15855089700170796,0.17699530516431924,-0.13168075282671632,0.82991483774351482,CONVERGED
LINEAR_MIN,DECISION,0.032871607824184336,0.52675909271802457,0.50352112676056338,-0.080258758556389656,0.83210888701105024,CONVERGED
XGB,KO_TKO,0.01736871664110759,0.31018156535469582,0.31948356807511735,-0.020869991028693621,0.91174728264361937,CONVERGED
XGB,SUBMISSION,0.015249093001929387,0.16305934192727969,0.17699530516431924,0.010278583449438855,0.94045221383225341,CONVERGED
XGB,DECISION,0.032871607824184336,0.52675909271802457,0.50352112676056338,-0.080258758556389656,0.83210888701105024,CONVERGED
LGBM,KO_TKO,0.021599939128198187,0.31090690319006448,0.31948356807511735,-0.037852203948861331,0.89335385849842031,CONVERGED
LGBM,SUBMISSION,0.015641068367034466,0.16233400409191104,0.17699530516431924,-0.010284159801759974,0.92380969511401456,CONVERGED
LGBM,DECISION,0.032871607824184336,0.52675909271802457,0.50352112676056338,-0.080258758556389656,0.83210888701105024,CONVERGED
CAT,KO_TKO,0.018161199579383388,0.31308661936707499,0.31948356807511735,-0.063985047964690511,0.87097758028949257,CONVERGED
CAT,SUBMISSION,0.018865740462061718,0.16015428791490055,0.17699530516431924,-0.028273631176142188,0.9018321340508163,CONVERGED
CAT,DECISION,0.032871607824184336,0.52675909271802457,0.50352112676056338,-0.080258758556389656,0.83210888701105024,CONVERGED
SELECT,KO_TKO,0.01611868419810758,0.31276181494884669,0.31948356807511735,-0.082890737767051484,0.84373893974383318,CONVERGED
SELECT,SUBMISSION,0.0189049196696758,0.16047909233312882,0.17699530516431924,-0.087522949113722534,0.865622778755331,CONVERGED
SELECT,DECISION,0.032871607824184336,0.52675909271802457,0.50352112676056338,-0.080258758556389656,0.83210888701105024,CONVERGED
