family,group_A,group_B,hypothesis,outer_year,tree_count,trees_with_both_on_a_path_or_oblivious_tree
XGB,"['fs__submission_attempt_rate__created_per_15__career__shrunk::mean', 'fs__submission_attempt_rate__created_per_15__career__shrunk::absolute_difference']","['fs__takedown_pressure__created_per_15__career__shrunk::mean', 'fs__takedown_pressure__created_per_15__career__shrunk::absolute_difference', 'fs__takedown_conversion__success__career__shrunk::mean', 'fs__takedown_conversion__success__career__shrunk::absolute_difference']",submission_pressure_x_TD_access,2018,42,1
XGB,"['fs__submission_attempt_rate__created_per_15__career__shrunk::mean', 'fs__submission_attempt_rate__created_per_15__career__shrunk::absolute_difference']","['fs__finish_method_loss_profile__submission__career__shrunk::mean', 'fs__finish_method_loss_profile__submission__career__shrunk::absolute_difference', 'fs__submission_attempt_rate__faced_per_15__career__shrunk::mean', 'fs__submission_attempt_rate__faced_per_15__career__shrunk::absolute_difference']",submission_pressure_x_vulnerability,2018,42,3
XGB,"['fs__knockdown_rate__created_per_15__career__shrunk::mean', 'fs__knockdown_rate__created_per_15__career__shrunk::absolute_difference']","['fs__finish_method_loss_profile__ko_tko__career__shrunk::mean', 'fs__finish_method_loss_profile__ko_tko__career__shrunk::absolute_difference', 'fs__knockdown_rate__allowed_per_15__career__shrunk::mean', 'fs__knockdown_rate__allowed_per_15__career__shrunk::absolute_difference']",KD_creation_x_vulnerability,2018,42,0
XGB,"['fs__submission_attempt_rate__created_per_15__career__shrunk::mean', 'fs__submission_attempt_rate__created_per_15__career__shrunk::absolute_difference']","['fs__takedown_pressure__created_per_15__career__shrunk::mean', 'fs__takedown_pressure__created_per_15__career__shrunk::absolute_difference', 'fs__takedown_conversion__success__career__shrunk::mean', 'fs__takedown_conversion__success__career__shrunk::absolute_difference']",submission_pressure_x_TD_access,2019,57,1
XGB,"['fs__submission_attempt_rate__created_per_15__career__shrunk::mean', 'fs__submission_attempt_rate__created_per_15__career__shrunk::absolute_difference']","['fs__finish_method_loss_profile__submission__career__shrunk::mean', 'fs__finish_method_loss_profile__submission__career__shrunk::absolute_difference', 'fs__submission_attempt_rate__faced_per_15__career__shrunk::mean', 'fs__submission_attempt_rate__faced_per_15__career__shrunk::absolute_difference']",submission_pressure_x_vulnerability,2019,57,3
XGB,"['fs__knockdown_rate__created_per_15__career__shrunk::mean', 'fs__knockdown_rate__created_per_15__career__shrunk::absolute_difference']","['fs__finish_method_loss_profile__ko_tko__career__shrunk::mean', 'fs__finish_method_loss_profile__ko_tko__career__shrunk::absolute_difference', 'fs__knockdown_rate__allowed_per_15__career__shrunk::mean', 'fs__knockdown_rate__allowed_per_15__career__shrunk::absolute_difference']",KD_creation_x_vulnerability,2019,57,2
LGBM,"['fs__submission_attempt_rate__created_per_15__career__shrunk::mean', 'fs__submission_attempt_rate__created_per_15__career__shrunk::absolute_difference']","['fs__takedown_pressure__created_per_15__career__shrunk::mean', 'fs__takedown_pressure__created_per_15__career__shrunk::absolute_difference', 'fs__takedown_conversion__success__career__shrunk::mean', 'fs__takedown_conversion__success__career__shrunk::absolute_difference']",submission_pressure_x_TD_access,2020,56,0
LGBM,"['fs__submission_attempt_rate__created_per_15__career__shrunk::mean', 'fs__submission_attempt_rate__created_per_15__career__shrunk::absolute_difference']","['fs__finish_method_loss_profile__submission__career__shrunk::mean', 'fs__finish_method_loss_profile__submission__career__shrunk::absolute_difference', 'fs__submission_attempt_rate__faced_per_15__career__shrunk::mean', 'fs__submission_attempt_rate__faced_per_15__career__shrunk::absolute_difference']",submission_pressure_x_vulnerability,2020,56,4
LGBM,"['fs__knockdown_rate__created_per_15__career__shrunk::mean', 'fs__knockdown_rate__created_per_15__career__shrunk::absolute_difference']","['fs__finish_method_loss_profile__ko_tko__career__shrunk::mean', 'fs__finish_method_loss_profile__ko_tko__career__shrunk::absolute_difference', 'fs__knockdown_rate__allowed_per_15__career__shrunk::mean', 'fs__knockdown_rate__allowed_per_15__career__shrunk::absolute_difference']",KD_creation_x_vulnerability,2020,56,1
CAT,"['fs__submission_attempt_rate__created_per_15__career__shrunk::mean', 'fs__submission_attempt_rate__created_per_15__career__shrunk::absolute_difference']","['fs__takedown_pressure__created_per_15__career__shrunk::mean', 'fs__takedown_pressure__created_per_15__career__shrunk::absolute_difference', 'fs__takedown_conversion__success__career__shrunk::mean', 'fs__takedown_conversion__success__career__shrunk::absolute_difference']",submission_pressure_x_TD_access,2021,152,3
CAT,"['fs__submission_attempt_rate__created_per_15__career__shrunk::mean', 'fs__submission_attempt_rate__created_per_15__career__shrunk::absolute_difference']","['fs__finish_method_loss_profile__submission__career__shrunk::mean', 'fs__finish_method_loss_profile__submission__career__shrunk::absolute_difference', 'fs__submission_attempt_rate__faced_per_15__career__shrunk::mean', 'fs__submission_attempt_rate__faced_per_15__career__shrunk::absolute_difference']",submission_pressure_x_vulnerability,2021,152,10
CAT,"['fs__knockdown_rate__created_per_15__career__shrunk::mean', 'fs__knockdown_rate__created_per_15__career__shrunk::absolute_difference']","['fs__finish_method_loss_profile__ko_tko__career__shrunk::mean', 'fs__finish_method_loss_profile__ko_tko__career__shrunk::absolute_difference', 'fs__knockdown_rate__allowed_per_15__career__shrunk::mean', 'fs__knockdown_rate__allowed_per_15__career__shrunk::absolute_difference']",KD_creation_x_vulnerability,2021,152,1
LGBM,"['fs__submission_attempt_rate__created_per_15__career__shrunk::mean', 'fs__submission_attempt_rate__created_per_15__career__shrunk::absolute_difference']","['fs__takedown_pressure__created_per_15__career__shrunk::mean', 'fs__takedown_pressure__created_per_15__career__shrunk::absolute_difference', 'fs__takedown_conversion__success__career__shrunk::mean', 'fs__takedown_conversion__success__career__shrunk::absolute_difference']",submission_pressure_x_TD_access,2022,36,4
LGBM,"['fs__submission_attempt_rate__created_per_15__career__shrunk::mean', 'fs__submission_attempt_rate__created_per_15__career__shrunk::absolute_difference']","['fs__finish_method_loss_profile__submission__career__shrunk::mean', 'fs__finish_method_loss_profile__submission__career__shrunk::absolute_difference', 'fs__submission_attempt_rate__faced_per_15__career__shrunk::mean', 'fs__submission_attempt_rate__faced_per_15__career__shrunk::absolute_difference']",submission_pressure_x_vulnerability,2022,36,8
LGBM,"['fs__knockdown_rate__created_per_15__career__shrunk::mean', 'fs__knockdown_rate__created_per_15__career__shrunk::absolute_difference']","['fs__finish_method_loss_profile__ko_tko__career__shrunk::mean', 'fs__finish_method_loss_profile__ko_tko__career__shrunk::absolute_difference', 'fs__knockdown_rate__allowed_per_15__career__shrunk::mean', 'fs__knockdown_rate__allowed_per_15__career__shrunk::absolute_difference']",KD_creation_x_vulnerability,2022,36,0
CAT,"['fs__submission_attempt_rate__created_per_15__career__shrunk::mean', 'fs__submission_attempt_rate__created_per_15__career__shrunk::absolute_difference']","['fs__takedown_pressure__created_per_15__career__shrunk::mean', 'fs__takedown_pressure__created_per_15__career__shrunk::absolute_difference', 'fs__takedown_conversion__success__career__shrunk::mean', 'fs__takedown_conversion__success__career__shrunk::absolute_difference']",submission_pressure_x_TD_access,2023,33,4
CAT,"['fs__submission_attempt_rate__created_per_15__career__shrunk::mean', 'fs__submission_attempt_rate__created_per_15__career__shrunk::absolute_difference']","['fs__finish_method_loss_profile__submission__career__shrunk::mean', 'fs__finish_method_loss_profile__submission__career__shrunk::absolute_difference', 'fs__submission_attempt_rate__faced_per_15__career__shrunk::mean', 'fs__submission_attempt_rate__faced_per_15__career__shrunk::absolute_difference']",submission_pressure_x_vulnerability,2023,33,13
CAT,"['fs__knockdown_rate__created_per_15__career__shrunk::mean', 'fs__knockdown_rate__created_per_15__career__shrunk::absolute_difference']","['fs__finish_method_loss_profile__ko_tko__career__shrunk::mean', 'fs__finish_method_loss_profile__ko_tko__career__shrunk::absolute_difference', 'fs__knockdown_rate__allowed_per_15__career__shrunk::mean', 'fs__knockdown_rate__allowed_per_15__career__shrunk::absolute_difference']",KD_creation_x_vulnerability,2023,33,4
CAT,"['fs__submission_attempt_rate__created_per_15__career__shrunk::mean', 'fs__submission_attempt_rate__created_per_15__career__shrunk::absolute_difference']","['fs__takedown_pressure__created_per_15__career__shrunk::mean', 'fs__takedown_pressure__created_per_15__career__shrunk::absolute_difference', 'fs__takedown_conversion__success__career__shrunk::mean', 'fs__takedown_conversion__success__career__shrunk::absolute_difference']",submission_pressure_x_TD_access,2024,101,4
CAT,"['fs__submission_attempt_rate__created_per_15__career__shrunk::mean', 'fs__submission_attempt_rate__created_per_15__career__shrunk::absolute_difference']","['fs__finish_method_loss_profile__submission__career__shrunk::mean', 'fs__finish_method_loss_profile__submission__career__shrunk::absolute_difference', 'fs__submission_attempt_rate__faced_per_15__career__shrunk::mean', 'fs__submission_attempt_rate__faced_per_15__career__shrunk::absolute_difference']",submission_pressure_x_vulnerability,2024,101,7
CAT,"['fs__knockdown_rate__created_per_15__career__shrunk::mean', 'fs__knockdown_rate__created_per_15__career__shrunk::absolute_difference']","['fs__finish_method_loss_profile__ko_tko__career__shrunk::mean', 'fs__finish_method_loss_profile__ko_tko__career__shrunk::absolute_difference', 'fs__knockdown_rate__allowed_per_15__career__shrunk::mean', 'fs__knockdown_rate__allowed_per_15__career__shrunk::absolute_difference']",KD_creation_x_vulnerability,2024,101,5
LGBM,"['fs__submission_attempt_rate__created_per_15__career__shrunk::mean', 'fs__submission_attempt_rate__created_per_15__career__shrunk::absolute_difference']","['fs__takedown_pressure__created_per_15__career__shrunk::mean', 'fs__takedown_pressure__created_per_15__career__shrunk::absolute_difference', 'fs__takedown_conversion__success__career__shrunk::mean', 'fs__takedown_conversion__success__career__shrunk::absolute_difference']",submission_pressure_x_TD_access,2025,40,1
LGBM,"['fs__submission_attempt_rate__created_per_15__career__shrunk::mean', 'fs__submission_attempt_rate__created_per_15__career__shrunk::absolute_difference']","['fs__finish_method_loss_profile__submission__career__shrunk::mean', 'fs__finish_method_loss_profile__submission__career__shrunk::absolute_difference', 'fs__submission_attempt_rate__faced_per_15__career__shrunk::mean', 'fs__submission_attempt_rate__faced_per_15__career__shrunk::absolute_difference']",submission_pressure_x_vulnerability,2025,40,4
LGBM,"['fs__knockdown_rate__created_per_15__career__shrunk::mean', 'fs__knockdown_rate__created_per_15__career__shrunk::absolute_difference']","['fs__finish_method_loss_profile__ko_tko__career__shrunk::mean', 'fs__finish_method_loss_profile__ko_tko__career__shrunk::absolute_difference', 'fs__knockdown_rate__allowed_per_15__career__shrunk::mean', 'fs__knockdown_rate__allowed_per_15__career__shrunk::absolute_difference']",KD_creation_x_vulnerability,2025,40,1
LGBM,"['fs__submission_attempt_rate__created_per_15__career__shrunk::mean', 'fs__submission_attempt_rate__created_per_15__career__shrunk::absolute_difference']","['fs__takedown_pressure__created_per_15__career__shrunk::mean', 'fs__takedown_pressure__created_per_15__career__shrunk::absolute_difference', 'fs__takedown_conversion__success__career__shrunk::mean', 'fs__takedown_conversion__success__career__shrunk::absolute_difference']",submission_pressure_x_TD_access,2026,52,5
LGBM,"['fs__submission_attempt_rate__created_per_15__career__shrunk::mean', 'fs__submission_attempt_rate__created_per_15__career__shrunk::absolute_difference']","['fs__finish_method_loss_profile__submission__career__shrunk::mean', 'fs__finish_method_loss_profile__submission__career__shrunk::absolute_difference', 'fs__submission_attempt_rate__faced_per_15__career__shrunk::mean', 'fs__submission_attempt_rate__faced_per_15__career__shrunk::absolute_difference']",submission_pressure_x_vulnerability,2026,52,11
LGBM,"['fs__knockdown_rate__created_per_15__career__shrunk::mean', 'fs__knockdown_rate__created_per_15__career__shrunk::absolute_difference']","['fs__finish_method_loss_profile__ko_tko__career__shrunk::mean', 'fs__finish_method_loss_profile__ko_tko__career__shrunk::absolute_difference', 'fs__knockdown_rate__allowed_per_15__career__shrunk::mean', 'fs__knockdown_rate__allowed_per_15__career__shrunk::absolute_difference']",KD_creation_x_vulnerability,2026,52,4
