scope,model,metric,N,event_N,delta,fight_paired_95,event_paired_95,gate
aggregate,XGB,log_loss,2115,361,-0.0043156955252884781,"[-0.013290130459958874, 0.00446178671906552]","[-0.013355325862407258, 0.00435335095273024]",
aggregate,XGB,brier,2115,361,-0.0016700558198086747,"[-0.005424912720810257, 0.001974075322292691]","[-0.00541566926089815, 0.0018870603037824895]",
composed,XGB,multiclass_log_loss,4260,361,-0.0021426516516397016,"[-0.0063955129057740616, 0.0021655022388224806]","[-0.0066612972175326395, 0.002202145813675544]",
aggregate,LGBM,log_loss,2115,361,-0.0034793156925251199,"[-0.012101356557287906, 0.0050014209970317405]","[-0.012112039361026889, 0.004956306352141875]",
aggregate,LGBM,brier,2115,361,-0.001455593567971647,"[-0.005054582523584317, 0.0020545659360861348]","[-0.004926722310233281, 0.0019444022714697731]",
composed,LGBM,multiclass_log_loss,4260,361,-0.0017274067346691614,"[-0.005889488121708713, 0.0025437742472750606]","[-0.006009891150937589, 0.002472392521480427]",
aggregate,CAT,log_loss,2115,361,-0.0041560279444915194,"[-0.012368996384505644, 0.003753551068450587]","[-0.012608658150661539, 0.004097285346796581]",
aggregate,CAT,brier,2115,361,-0.0018367692662415215,"[-0.0053314417482212195, 0.0014836485185447652]","[-0.005237451622537449, 0.0015826338845524087]",
composed,CAT,multiclass_log_loss,4260,361,-0.0020633800710327609,"[-0.006084363006287508, 0.0018922562557392138]","[-0.0063078210685473795, 0.002063095026267076]",
A1_KD_CREATION_VS_WEAK_STRIKE_DEFENSE,XGB,log_loss,457,259,-0.0045060361276762174,"[-0.02328025672181547, 0.01226956481233794]","[-0.022484538809081377, 0.01254998090483082]",NORMAL
A1_KD_CREATION_VS_WEAK_STRIKE_DEFENSE,XGB,brier,457,259,-0.0032727741044638855,"[-0.010722626339004022, 0.003522644780448932]","[-0.010451977899143495, 0.003261242139005594]",NORMAL
A1_KD_CREATION_VS_WEAK_STRIKE_DEFENSE,LGBM,log_loss,457,259,-0.0028237198587822286,"[-0.020719390284011353, 0.013340404352020677]","[-0.020468642790135386, 0.013833470618512568]",NORMAL
A1_KD_CREATION_VS_WEAK_STRIKE_DEFENSE,LGBM,brier,457,259,-0.0025764713603196277,"[-0.00979047705550332, 0.003922057422247477]","[-0.009553120035285967, 0.003753042503447825]",NORMAL
A1_KD_CREATION_VS_WEAK_STRIKE_DEFENSE,CAT,log_loss,457,259,-0.00032023158657926951,"[-0.018071007850589103, 0.015757496504910304]","[-0.018238477161111752, 0.016586024509177913]",NORMAL
A1_KD_CREATION_VS_WEAK_STRIKE_DEFENSE,CAT,brier,457,259,-0.0013467688220154743,"[-0.008343238871983487, 0.005238967432995799]","[-0.00843910709999036, 0.005237134793298708]",NORMAL
A4_KO_HISTORY_VS_KO_VULNERABILITY,XGB,log_loss,484,276,-0.009642619601854743,"[-0.028017443123931767, 0.0076677117078675265]","[-0.029406590413352796, 0.008836773112851982]",NORMAL
A4_KO_HISTORY_VS_KO_VULNERABILITY,XGB,brier,484,276,-0.0046477383018893254,"[-0.011015500248824134, 0.001678880316995459]","[-0.011391131687279381, 0.0019831733639297713]",NORMAL
A4_KO_HISTORY_VS_KO_VULNERABILITY,LGBM,log_loss,484,276,-0.0030708377456643314,"[-0.02075973422547986, 0.014373246498640135]","[-0.02272242015087046, 0.013836270788981597]",NORMAL
A4_KO_HISTORY_VS_KO_VULNERABILITY,LGBM,brier,484,276,-0.0022166426291122632,"[-0.00845828773077785, 0.00404831224063255]","[-0.008813713672711618, 0.004113862104494753]",NORMAL
A4_KO_HISTORY_VS_KO_VULNERABILITY,CAT,log_loss,484,276,0.00060746485216216109,"[-0.016808573409663657, 0.017298321470493927]","[-0.017009091095131174, 0.01771746329974079]",NORMAL
A4_KO_HISTORY_VS_KO_VULNERABILITY,CAT,brier,484,276,-0.001456144839848429,"[-0.0075016095925755505, 0.004608791224713767]","[-0.007744667702462488, 0.004705819411697758]",NORMAL
A2_BOTH_HIGH_DAMAGE_EXCHANGE,XGB,log_loss,79,71,0.0071310300452360302,"[-0.036851637284631845, 0.04559890937436055]","[-0.03520431909553696, 0.044654484704147235]",MODERATE_UNCERTAINTY
A2_BOTH_HIGH_DAMAGE_EXCHANGE,XGB,brier,79,71,-6.4190087933113814e-05,"[-0.01606888592734497, 0.014804665075085469]","[-0.01583993315016511, 0.013736288614931673]",MODERATE_UNCERTAINTY
A2_BOTH_HIGH_DAMAGE_EXCHANGE,LGBM,log_loss,79,71,0.0051875113097806435,"[-0.03559067897311148, 0.04251961486605282]","[-0.03600774261662783, 0.04079928688887519]",MODERATE_UNCERTAINTY
A2_BOTH_HIGH_DAMAGE_EXCHANGE,LGBM,brier,79,71,-0.00062293148400691133,"[-0.015532814776771035, 0.013683313964172786]","[-0.01593816948936435, 0.012692120824600457]",MODERATE_UNCERTAINTY
A2_BOTH_HIGH_DAMAGE_EXCHANGE,CAT,log_loss,79,71,0.026092187973221052,"[-0.015533038753974637, 0.06340605021813363]","[-0.013115623724761345, 0.062862546646443]",MODERATE_UNCERTAINTY
A2_BOTH_HIGH_DAMAGE_EXCHANGE,CAT,brier,79,71,0.0083964524634994459,"[-0.007768273355658892, 0.023272731961212396]","[-0.007140411069949715, 0.022843136071119683]",MODERATE_UNCERTAINTY
Heavyweight,XGB,log_loss,187,150,-0.013828015835749968,"[-0.04230823376702671, 0.013181046024534626]","[-0.042332457506642905, 0.013475957760354363]",NORMAL
Heavyweight,XGB,brier,187,150,-0.0049585807286172887,"[-0.014606589835261908, 0.00456741325880696]","[-0.014872104817784731, 0.004645672001170686]",NORMAL
Heavyweight,LGBM,log_loss,187,150,-0.015969605648201456,"[-0.04381958869478209, 0.01059690867045915]","[-0.043263527292361555, 0.01130503512851079]",NORMAL
Heavyweight,LGBM,brier,187,150,-0.0060517398041990697,"[-0.015611218516106968, 0.0033256318041809353]","[-0.015712638435164537, 0.0037924114100027105]",NORMAL
Heavyweight,CAT,log_loss,187,150,-0.0095983400064600013,"[-0.03410492442045516, 0.014091592021660429]","[-0.032744852058334356, 0.015055095628024482]",NORMAL
Heavyweight,CAT,brier,187,150,-0.0043814438329879274,"[-0.013175636812011062, 0.0039375593598022915]","[-0.01281624192565998, 0.0042624138049871425]",NORMAL
Light Heavyweight,XGB,log_loss,205,169,-0.0060873446468968804,"[-0.03181255907892584, 0.018874389911489323]","[-0.030887758931793963, 0.018550796891411706]",NORMAL
Light Heavyweight,XGB,brier,205,169,-0.0048194462063557517,"[-0.014787595884244237, 0.0051022888372013525]","[-0.014716582247514758, 0.004902790660072754]",NORMAL
Light Heavyweight,LGBM,log_loss,205,169,0.00080596255228177816,"[-0.022899360267506788, 0.02527492545504248]","[-0.023250054029310876, 0.023036259001989908]",NORMAL
Light Heavyweight,LGBM,brier,205,169,-0.0019183851046316871,"[-0.01162200956031917, 0.008188106366934107]","[-0.011873998444065663, 0.007311194008786952]",NORMAL
Light Heavyweight,CAT,log_loss,205,169,-0.0044155167538502188,"[-0.0285655608028118, 0.01914756135949114]","[-0.028612062712832648, 0.019409923321873947]",NORMAL
Light Heavyweight,CAT,brier,205,169,-0.0042189507544739494,"[-0.013530038186305056, 0.005013957182121875]","[-0.013704289567163293, 0.00491085255964579]",NORMAL
Flyweight,XGB,log_loss,121,106,0.010564451051738458,"[-0.03089575090122552, 0.047710895375161495]","[-0.03060393108374287, 0.04496692342946482]",NORMAL
Flyweight,XGB,brier,121,106,0.0059637955492651976,"[-0.01192681205749081, 0.022654540756284158]","[-0.011442623426665341, 0.021258420940172388]",NORMAL
Flyweight,LGBM,log_loss,121,106,0.021371254666438671,"[-0.019216036904617196, 0.05842387097700948]","[-0.01765499064314067, 0.05618602798279254]",NORMAL
Flyweight,LGBM,brier,121,106,0.010761122655422365,"[-0.006704588780136889, 0.027236592403464956]","[-0.0056337308047838455, 0.025782627246830652]",NORMAL
Flyweight,CAT,log_loss,121,106,0.019073181503687978,"[-0.022232274578186138, 0.058717338261818595]","[-0.018787093356511395, 0.056099014878804115]",NORMAL
Flyweight,CAT,brier,121,106,0.0097679555417496036,"[-0.008293220981145039, 0.027592324391216907]","[-0.006650282817990422, 0.02606739296976624]",NORMAL
B3_TD_ACCESS_PLUS_SUB_PRESSURE,XGB,log_loss,224,168,-0.010396166399591253,"[-0.03930296091055062, 0.017787141435671564]","[-0.03865378197013157, 0.01639884395991253]",NORMAL
B3_TD_ACCESS_PLUS_SUB_PRESSURE,XGB,brier,224,168,-0.0041354844408710654,"[-0.017276782964591435, 0.008869884749229562]","[-0.017220098603976233, 0.00802954394727505]",NORMAL
B3_TD_ACCESS_PLUS_SUB_PRESSURE,LGBM,log_loss,224,168,-0.017031157661536248,"[-0.04571989522738265, 0.011803945779312966]","[-0.045198377532387826, 0.008905977537310567]",NORMAL
B3_TD_ACCESS_PLUS_SUB_PRESSURE,LGBM,brier,224,168,-0.0073819681199084599,"[-0.020469888058241167, 0.005671681757429449]","[-0.02040451804641552, 0.004154941248563417]",NORMAL
B3_TD_ACCESS_PLUS_SUB_PRESSURE,CAT,log_loss,224,168,-0.019305525249398305,"[-0.047709525051699606, 0.008869951250724007]","[-0.04643123815872292, 0.006148377503444738]",NORMAL
B3_TD_ACCESS_PLUS_SUB_PRESSURE,CAT,brier,224,168,-0.0084734692036501132,"[-0.02115755799631612, 0.00444963361180189]","[-0.020633078118557045, 0.0033425616716869335]",NORMAL
B5_SUB_PRESSURE_VS_SUB_VULNERABILITY,XGB,log_loss,355,225,-0.018358794938997485,"[-0.04168654370371603, 0.005383128336511213]","[-0.04274018853790275, 0.0036869928176987738]",NORMAL
B5_SUB_PRESSURE_VS_SUB_VULNERABILITY,XGB,brier,355,225,-0.0084045495061738709,"[-0.018783766524871005, 0.002479127683522919]","[-0.01903052630200537, 0.0013732539043489053]",NORMAL
B5_SUB_PRESSURE_VS_SUB_VULNERABILITY,LGBM,log_loss,355,225,-0.016468459044912759,"[-0.038774238085615455, 0.006379793863891318]","[-0.03870996585711311, 0.005365466455321802]",NORMAL
B5_SUB_PRESSURE_VS_SUB_VULNERABILITY,LGBM,brier,355,225,-0.007538408968676108,"[-0.01758195761414838, 0.002702399218591829]","[-0.017574368058610942, 0.0022075383487415645]",NORMAL
B5_SUB_PRESSURE_VS_SUB_VULNERABILITY,CAT,log_loss,355,225,-0.019270459353018722,"[-0.041076291088412424, 0.003452573120230001]","[-0.0424280070602303, 0.0029135700428084394]",NORMAL
B5_SUB_PRESSURE_VS_SUB_VULNERABILITY,CAT,brier,355,225,-0.0087517300133053179,"[-0.01874461392273556, 0.0014167912578043863]","[-0.01934858354613591, 0.0011397097748933127]",NORMAL
B1_TD_PRESSURE_VS_WEAK_TD_DEFENSE,XGB,log_loss,352,234,-0.016935043439987689,"[-0.041643882764392605, 0.007299297091049961]","[-0.04246312684824742, 0.007194973789642306]",NORMAL
B1_TD_PRESSURE_VS_WEAK_TD_DEFENSE,XGB,brier,352,234,-0.007275815304782004,"[-0.018197643714976123, 0.0032775414087180183]","[-0.018551000384423803, 0.003579021012395014]",NORMAL
B1_TD_PRESSURE_VS_WEAK_TD_DEFENSE,LGBM,log_loss,352,234,-0.021276542447592781,"[-0.046329922280754735, 0.0026381854986439876]","[-0.046752084320036684, 0.002671874759238454]",NORMAL
B1_TD_PRESSURE_VS_WEAK_TD_DEFENSE,LGBM,brier,352,234,-0.0093211342428751853,"[-0.02045151752060763, 0.0012071563664314215]","[-0.020651310907122904, 0.0014424218399984243]",NORMAL
B1_TD_PRESSURE_VS_WEAK_TD_DEFENSE,CAT,log_loss,352,234,-0.010008029487917042,"[-0.033908732773018674, 0.01234490857660582]","[-0.03374391637416707, 0.012400475819267141]",NORMAL
B1_TD_PRESSURE_VS_WEAK_TD_DEFENSE,CAT,brier,352,234,-0.0044264920904148611,"[-0.014773446860761657, 0.005344984700061197]","[-0.014491386974323974, 0.005146920475974805]",NORMAL
B2_TD_CONVERSION_VS_WEAK_TD_DEFENSE,XGB,log_loss,341,227,-0.016458976127942889,"[-0.04052737560264742, 0.006314863771678597]","[-0.03928031026924217, 0.006118724209255456]",NORMAL
B2_TD_CONVERSION_VS_WEAK_TD_DEFENSE,XGB,brier,341,227,-0.007446786747163911,"[-0.018035097501822205, 0.0027462267982027227]","[-0.017707962575570873, 0.0025589165072204072]",NORMAL
B2_TD_CONVERSION_VS_WEAK_TD_DEFENSE,LGBM,log_loss,341,227,-0.016292196937545418,"[-0.03977291867804829, 0.006087471311482025]","[-0.040059061635309444, 0.0066200075008886]",NORMAL
B2_TD_CONVERSION_VS_WEAK_TD_DEFENSE,LGBM,brier,341,227,-0.0078440725347007339,"[-0.018574121618559994, 0.002016534104518695]","[-0.018490118701733987, 0.00231225310409711]",NORMAL
B2_TD_CONVERSION_VS_WEAK_TD_DEFENSE,CAT,log_loss,341,227,-0.014846266510264211,"[-0.03669774936150589, 0.005393894789589599]","[-0.03505429982461448, 0.004922451152012856]",NORMAL
B2_TD_CONVERSION_VS_WEAK_TD_DEFENSE,CAT,brier,341,227,-0.0074693370522990058,"[-0.01696178003184938, 0.0015796526010638623]","[-0.016306074126561865, 0.0011744058150613974]",NORMAL
Women's Strawweight,XGB,log_loss,94,83,-0.0023545739374283199,"[-0.047001365793697694, 0.03906255848711833]","[-0.04637041457911711, 0.0404912107561753]",MODERATE_UNCERTAINTY
Women's Strawweight,XGB,brier,94,83,-0.00063830649008585205,"[-0.02199195271273478, 0.01902780839976062]","[-0.021536320733072892, 0.019602255815113982]",MODERATE_UNCERTAINTY
Women's Strawweight,LGBM,log_loss,94,83,-0.014265449098644058,"[-0.058641653564132756, 0.026561492999558043]","[-0.05596850907751592, 0.027589229620764457]",MODERATE_UNCERTAINTY
Women's Strawweight,LGBM,brier,94,83,-0.0059470198310093312,"[-0.027020179353735543, 0.013726706422579485]","[-0.026047307620054742, 0.014191843900721975]",MODERATE_UNCERTAINTY
Women's Strawweight,CAT,log_loss,94,83,0.011047363524810684,"[-0.028559113292054916, 0.049223258118773414]","[-0.02960219639307235, 0.05119629403339974]",MODERATE_UNCERTAINTY
Women's Strawweight,CAT,brier,94,83,0.0055692960986873236,"[-0.013238395528430652, 0.02337625923798591]","[-0.013901740595862138, 0.024373231972606657]",MODERATE_UNCERTAINTY
Women's Flyweight,XGB,log_loss,95,87,0.044493157141377221,"[-6.584259956472495e-05, 0.08974308253945777]","[0.0005799135882135038, 0.08970299602844621]",MODERATE_UNCERTAINTY
Women's Flyweight,XGB,brier,95,87,0.02138453805790309,"[0.0008348573180215623, 0.04197914849582216]","[0.0010510095975162074, 0.041911117456111396]",MODERATE_UNCERTAINTY
Women's Flyweight,LGBM,log_loss,95,87,0.0464264979486518,"[0.0006938182106953149, 0.09352446617920086]","[-0.0013959484279065233, 0.09156823411798577]",MODERATE_UNCERTAINTY
Women's Flyweight,LGBM,brier,95,87,0.021867172319317896,"[0.001016800450983051, 0.04355055226468345]","[2.3290749909828793e-05, 0.04243613544659248]",MODERATE_UNCERTAINTY
Women's Flyweight,CAT,log_loss,95,87,0.033006596716293357,"[-0.004795597532363377, 0.07050829557209307]","[-0.004488092236499574, 0.07029322175198961]",MODERATE_UNCERTAINTY
Women's Flyweight,CAT,brier,95,87,0.015679155791048536,"[-0.001963964213158849, 0.03285535105527214]","[-0.001570144177313621, 0.03299553544504189]",MODERATE_UNCERTAINTY
