metric,numerator,denominator,scale,denominator_screen,minimum_matched_bouts
td_attempts_per15,takedowns_attempted,elapsed_min,15.0,15,3
td_landed_per15,takedowns_landed,elapsed_min,15.0,15,3
failed_td_per15,failed_td,elapsed_min,15.0,15,3
td_conversion,takedowns_landed,takedowns_attempted,1.0,5,3
td_defense,opponent_failed_td,opponent_td_attempts,1.0,5,3
control_share,control_sec,elapsed_min,0.016666666666666666,15,3
control_sec_per_fight,control_sec,one,1.0,3,3
control_sec_per_td,control_sec,takedowns_landed,1.0,5,3
control_allowed_share,control_sec_allowed,elapsed_min,0.016666666666666666,15,3
sub_attempts_per_fight,submission_attempts,one,1.0,3,3
sub_attempts_per_min,submission_attempts,elapsed_min,1.0,15,3
sub_attempts_per_td,submission_attempts,takedowns_landed,1.0,5,3
sub_attempts_per_control_min_PROXY,submission_attempts,control_sec,60.0,300,3
sub_attempts_faced_per_min,submission_attempts_faced,elapsed_min,1.0,15,3
sub_wins_per_fight,sub_win,one,1.0,3,3
ground_attempts_per_fight,sig_ground_attempted,one,1.0,3,3
ground_attempts_per_min,sig_ground_attempted,elapsed_min,1.0,15,3
ground_landed_per_fight,sig_ground_landed,one,1.0,3,3
ground_attempts_allowed_per_min,ground_attempts_allowed,elapsed_min,1.0,15,3
ground_attempts_per_td,sig_ground_attempted,takedowns_landed,1.0,5,3
ground_attempts_per_control_min_PROXY,sig_ground_attempted,control_sec,60.0,300,3
sub_to_ground_attempts_PROXY,submission_attempts,sig_ground_attempted,1.0,20,3
reversals_per15,reversals,elapsed_min,15.0,15,3
duration_min_per_fight,elapsed_min,one,1.0,3,3
early_sub_win_share,early_sub_win,sub_win,1.0,3,3
early_ko_win_share,early_ko_win,ko_win,1.0,3,3
