year,metric,screen,n,spearman,pearson,ci_low,ci_high,direction_agreement
2018,access,positive_denominator,324,0.6272179634,0.6087552935,0.5470159534,0.6971427028,0.7283950617
2018,access,primary,278,0.633127321,0.6251196715,0.5532419197,0.7013462814,0.7446043165
2018,access,strict,278,0.633127321,0.6251196715,0.5532419197,0.7013462814,0.7446043165
2018,control,positive_denominator,224,0.3491921718,0.3231157079,0.2279539942,0.4550250998,0.6294642857
2018,control,primary,221,0.3593128926,0.3286702852,0.2383963326,0.4659439346,0.6272727273
2018,control,strict,66,0.4457758388,0.4248169612,0.2462033295,0.5961880202,0.7121212121
2018,submission,positive_denominator,324,0.3735642323,0.4207507239,0.2725597985,0.4720088673,0.6327160494
2018,submission,primary,278,0.3530996928,0.2182013064,0.2462099445,0.4521950607,0.6366906475
2018,submission,strict,278,0.3530996928,0.2182013064,0.2462099445,0.4521950607,0.6366906475
2018,gnp,positive_denominator,324,0.1862622294,0.2438034866,0.07895788602,0.2934784542,0.5462962963
2018,gnp,primary,278,0.1549995434,0.2052691767,0.03896912283,0.2722997724,0.5467625899
2018,gnp,strict,278,0.1549995434,0.2052691767,0.03896912283,0.2722997724,0.5467625899
2018,all_control,positive_denominator,324,0.4590239299,0.4412898018,0.3726615187,0.5425918876,0.6604938272
2018,all_control,primary,278,0.4686089256,0.4640597582,0.3744081104,0.5568459835,0.6798561151
2018,all_control,strict,278,0.4686089256,0.4640597582,0.3744081104,0.5568459835,0.6798561151
2018,control,joint_all,221,0.3593128926,0.3286702852,0.2383963326,0.4659439346,0.6272727273
2018,control,same_access,111,0.442021037,0.385862524,0.2719419674,0.5827912113,0.6545454545
2018,control,same_access_strict,34,0.6770570728,0.5946817232,0.4986476317,0.77773603,0.8823529412
2018,submission,joint_all,221,0.3716621476,0.2183386794,0.2437262079,0.4867459745,0.6301369863
2018,submission,same_access,111,0.4491552926,0.2340964305,0.2782358792,0.6061252213,0.7090909091
2018,submission,same_access_strict,34,0.6708105669,0.7324433728,0.3845427495,0.8640110589,0.7058823529
2018,gnp,joint_all,221,0.1338241647,0.1833193647,-0.002233554465,0.267028139,0.5545454545
2018,gnp,same_access,111,0.2152980719,0.3437929455,0.01351422121,0.3972948045,0.6363636364
2018,gnp,same_access_strict,34,0.3486168587,0.361761794,0.01594380647,0.6389245317,0.6764705882
2019,access,positive_denominator,386,0.610100506,0.5960391895,0.5356681446,0.6716266116,0.7227979275
2019,access,primary,334,0.6118616528,0.6118318683,0.5342220287,0.6815831456,0.7275449102
2019,access,strict,334,0.6118616528,0.6118318683,0.5342220287,0.6815831456,0.7275449102
2019,control,positive_denominator,263,0.3270752364,0.3084995061,0.2188887338,0.4336726368,0.6145038168
2019,control,primary,260,0.3355317181,0.3130989171,0.2253027525,0.4335774815,0.6192307692
2019,control,strict,77,0.4860331524,0.4785239268,0.3072165159,0.6196212816,0.7368421053
2019,submission,positive_denominator,386,0.3369581125,0.3981843727,0.241556445,0.4258890057,0.6321243523
2019,submission,primary,334,0.3095551385,0.1882639001,0.2112294354,0.4058057752,0.619760479
2019,submission,strict,334,0.3095551385,0.1882639001,0.2112294354,0.4058057752,0.619760479
2019,gnp,positive_denominator,386,0.1573210735,0.1916503394,0.05318852304,0.2540391475,0.5336787565
2019,gnp,primary,334,0.1401257207,0.1860575878,0.0289908476,0.239216739,0.5449101796
2019,gnp,strict,334,0.1401257207,0.1860575878,0.0289908476,0.239216739,0.5449101796
2019,all_control,positive_denominator,386,0.4370959228,0.4227292643,0.3534175945,0.5161123436,0.6476683938
2019,all_control,primary,334,0.4490770334,0.444918237,0.3565684269,0.5373407208,0.6526946108
2019,all_control,strict,334,0.4490770334,0.444918237,0.3565684269,0.5373407208,0.6526946108
2019,control,joint_all,260,0.3355317181,0.3130989171,0.2253027525,0.4335774815,0.6192307692
2019,control,same_access,118,0.4285810818,0.3934882635,0.2815594082,0.5656716391,0.6610169492
2019,control,same_access_strict,37,0.6406259273,0.5929928846,0.4147650324,0.7608502783,0.8333333333
2019,submission,joint_all,260,0.3505566135,0.2139576657,0.2353116885,0.4585043954,0.6153846154
2019,submission,same_access,118,0.4236437141,0.2323737915,0.2542925988,0.5847937185,0.6779661017
2019,submission,same_access_strict,37,0.5654730336,0.6612241884,0.2585885102,0.7941911321,0.6944444444
2019,gnp,joint_all,260,0.1178543855,0.158798091,0.001152496116,0.2411777243,0.5346153846
2019,gnp,same_access,118,0.2381664613,0.3551695261,0.0435883213,0.4194425977,0.6186440678
2019,gnp,same_access_strict,37,0.38144948,0.3836920027,0.03474062591,0.6757710674,0.6388888889
2020,access,positive_denominator,447,0.6230356132,0.6142481649,0.5547659456,0.6821411578,0.7399103139
2020,access,primary,386,0.6329965157,0.6349146473,0.5627503115,0.6943400359,0.7409326425
2020,access,strict,386,0.6329965157,0.6349146473,0.5627503115,0.6943400359,0.7409326425
2020,control,positive_denominator,310,0.3391106602,0.3121115321,0.2407284157,0.4358158455,0.6096774194
2020,control,primary,307,0.3464101031,0.3162046515,0.2447162865,0.4424615991,0.6111111111
2020,control,strict,93,0.4293867502,0.4210984873,0.2614567173,0.5726949931,0.6739130435
2020,submission,positive_denominator,447,0.3650515068,0.3947029737,0.2746825568,0.4479316354,0.6367713004
2020,submission,primary,386,0.3349942133,0.2041475314,0.2399053098,0.4252617996,0.6295336788
2020,submission,strict,386,0.3349942133,0.2041475314,0.2399053098,0.4252617996,0.6295336788
2020,gnp,positive_denominator,447,0.1511913204,0.1704623354,0.05823533077,0.2385895182,0.5246636771
2020,gnp,primary,386,0.1472906332,0.1804038593,0.05323724853,0.2426910616,0.5388601036
2020,gnp,strict,386,0.1472906332,0.1804038593,0.05323724853,0.2426910616,0.5388601036
2020,all_control,positive_denominator,447,0.4516510585,0.4426955493,0.3691085185,0.5235547536,0.6457399103
2020,all_control,primary,386,0.4671320334,0.4635842005,0.3808867146,0.5488941921,0.6476683938
2020,all_control,strict,386,0.4671320334,0.4635842005,0.3808867146,0.5488941921,0.6476683938
2020,control,joint_all,307,0.3464101031,0.3162046515,0.2447162865,0.4424615991,0.6111111111
2020,control,same_access,139,0.4579292158,0.4111569927,0.3217652562,0.5742714957,0.6739130435
2020,control,same_access_strict,49,0.5676310023,0.4923335398,0.3881515041,0.6974812518,0.7083333333
2020,submission,joint_all,307,0.3732681867,0.2282766815,0.2711685569,0.4671878532,0.6241830065
2020,submission,same_access,139,0.4533520794,0.254676777,0.3060495067,0.5891097222,0.7101449275
2020,submission,same_access_strict,49,0.544384581,0.598790332,0.2682687014,0.7541174394,0.7209302326
2020,gnp,joint_all,307,0.1223414024,0.1548293267,0.006789739869,0.2314215028,0.5294117647
2020,gnp,same_access,139,0.1726055468,0.2724636437,0.0001046089793,0.3428576477,0.5652173913
2020,gnp,same_access_strict,49,0.2296152681,0.2523677075,-0.06724353813,0.4931687623,0.5625
2021,access,positive_denominator,502,0.6441657208,0.6368847329,0.5852017717,0.6975545653,0.735059761
2021,access,primary,435,0.6448047577,0.6498330563,0.5818522505,0.7000470827,0.7373271889
2021,access,strict,435,0.6448047577,0.6498330563,0.5818522505,0.7000470827,0.7373271889
2021,control,positive_denominator,350,0.3470766813,0.3272693383,0.251248846,0.4376755471,0.6
2021,control,primary,347,0.3535951722,0.3310290984,0.2552388595,0.4412756737,0.6086956522
2021,control,strict,113,0.4477758116,0.4480294911,0.2924150668,0.5797376072,0.6576576577
2021,submission,positive_denominator,502,0.3654997516,0.3887651155,0.285594114,0.4391894966,0.6394422311
2021,submission,primary,435,0.3375765729,0.2057531498,0.2447960484,0.4215717654,0.6198156682
2021,submission,strict,435,0.3375765729,0.2057531498,0.2447960484,0.4215717654,0.6198156682
2021,gnp,positive_denominator,502,0.1691582195,0.1632880791,0.07636047631,0.2558982678,0.5278884462
2021,gnp,primary,435,0.1709089727,0.1702644481,0.07798631866,0.2666291238,0.534562212
2021,gnp,strict,435,0.1709089727,0.1702644481,0.07798631866,0.2666291238,0.534562212
2021,all_control,positive_denominator,502,0.4608334146,0.4537542218,0.3876912594,0.5331706338,0.6494023904
2021,all_control,primary,435,0.4687504613,0.4693361752,0.3870958988,0.5425249629,0.6543778802
2021,all_control,strict,435,0.4687504613,0.4693361752,0.3870958988,0.5425249629,0.6543778802
2021,control,joint_all,347,0.3535951722,0.3310290984,0.2552388595,0.4412756737,0.6086956522
2021,control,same_access,163,0.4918827547,0.4494814218,0.3745515665,0.5883721586,0.6851851852
2021,control,same_access_strict,60,0.5450983661,0.497129385,0.3626319717,0.6829925947,0.6666666667
2021,submission,joint_all,347,0.3852670649,0.2379755872,0.291038386,0.4748711947,0.6416184971
2021,submission,same_access,163,0.4274973914,0.2415413773,0.2904480394,0.5603054665,0.6928104575
2021,submission,same_access_strict,60,0.4576756381,0.5863040341,0.1951774118,0.674168208,0.65
2021,gnp,joint_all,347,0.1667836633,0.1701539652,0.06275988453,0.2692163558,0.5425219941
2021,gnp,same_access,163,0.2684758185,0.3303622215,0.1165838481,0.420179032,0.5987654321
2021,gnp,same_access_strict,60,0.3313093163,0.3060558247,0.06440353281,0.5521475381,0.5833333333
2022,access,positive_denominator,578,0.6211931742,0.5871614737,0.5633188276,0.6758078632,0.7352941176
2022,access,primary,505,0.6373792568,0.6251771575,0.5801293565,0.6914190484,0.744047619
2022,access,strict,505,0.6373792568,0.6251771575,0.5801293565,0.6914190484,0.744047619
2022,control,positive_denominator,410,0.3484229651,0.3412614851,0.2640731554,0.4289993433,0.6268292683
2022,control,primary,407,0.3542600506,0.3446755759,0.2678533651,0.4336374853,0.6296296296
2022,control,strict,135,0.479578473,0.4771009264,0.3418330809,0.5900283338,0.6865671642
2022,submission,positive_denominator,578,0.3551383386,0.3420066315,0.2828724896,0.4282950593,0.6332179931
2022,submission,primary,505,0.329851082,0.1936178369,0.2501964194,0.4102272131,0.6170634921
2022,submission,strict,505,0.329851082,0.1936178369,0.2501964194,0.4102272131,0.6170634921
2022,gnp,positive_denominator,578,0.1511659318,0.1536589566,0.06603402727,0.2323074339,0.5224913495
2022,gnp,primary,505,0.1572917814,0.157926236,0.07141557484,0.2437119538,0.5416666667
2022,gnp,strict,505,0.1572917814,0.157926236,0.07141557484,0.2437119538,0.5416666667
2022,all_control,positive_denominator,578,0.4697142222,0.4660514231,0.4043146445,0.5335217696,0.6557093426
2022,all_control,primary,505,0.4794517966,0.4802946616,0.4115652115,0.5500138813,0.6626984127
2022,all_control,strict,505,0.4794517966,0.4802946616,0.4115652115,0.5500138813,0.6626984127
2022,control,joint_all,407,0.3542600506,0.3446755759,0.2678533651,0.4336374853,0.6296296296
2022,control,same_access,188,0.4875656452,0.4823677439,0.3783748053,0.5889201989,0.6914893617
2022,control,same_access_strict,62,0.5970711192,0.5934521194,0.4202923917,0.7166497823,0.7741935484
2022,submission,joint_all,407,0.3679939351,0.2194134652,0.2829118147,0.4489862829,0.6271604938
2022,submission,same_access,188,0.3925681532,0.2142499624,0.2656729432,0.5133627411,0.6779661017
2022,submission,same_access_strict,62,0.5674260644,0.5642716271,0.3388288741,0.7487266551,1
2022,gnp,joint_all,407,0.1503972886,0.1553616546,0.0526628113,0.2459341665,0.5443349754
2022,gnp,same_access,188,0.2099217946,0.2667156761,0.06005847707,0.3441717458,0.5585106383
2022,gnp,same_access_strict,62,0.2494176312,0.2742466379,-0.0165594953,0.489914739,0.5806451613
2023,access,positive_denominator,647,0.6319040074,0.596211165,0.5788597913,0.68208885,0.7414860681
2023,access,primary,560,0.6462752919,0.6355149945,0.5914747867,0.6968761916,0.7446428571
2023,access,strict,560,0.6462752919,0.6355149945,0.5914747867,0.6968761916,0.7446428571
2023,control,positive_denominator,457,0.3564466353,0.3497124508,0.266755331,0.4354336164,0.6241758242
2023,control,primary,454,0.3616644392,0.3527421632,0.2757054018,0.4390541556,0.6255506608
2023,control,strict,154,0.4400037458,0.4210607953,0.3079491459,0.5574575374,0.6493506494
2023,submission,positive_denominator,647,0.3817051922,0.3435622912,0.3097389067,0.4487265106,0.6315789474
2023,submission,primary,560,0.3528220608,0.2238991908,0.2737832808,0.4270978596,0.6142857143
2023,submission,strict,560,0.3528220608,0.2238991908,0.2737832808,0.4270978596,0.6142857143
2023,gnp,positive_denominator,647,0.1658846783,0.1894713321,0.08748174132,0.242160583,0.5309597523
2023,gnp,primary,560,0.1570336512,0.1613376831,0.07415247403,0.2380897552,0.5410714286
2023,gnp,strict,560,0.1570336512,0.1613376831,0.07415247403,0.2380897552,0.5410714286
2023,all_control,positive_denominator,647,0.4837225263,0.473471781,0.4238063008,0.5419644443,0.6671826625
2023,all_control,primary,560,0.4788646398,0.4713070114,0.4081545359,0.5437800266,0.6553571429
2023,all_control,strict,560,0.4788646398,0.4713070114,0.4081545359,0.5437800266,0.6553571429
2023,control,joint_all,454,0.3616644392,0.3527421632,0.2757054018,0.4390541556,0.6255506608
2023,control,same_access,212,0.5058779164,0.5005514379,0.397327563,0.6011334479,0.6650943396
2023,control,same_access_strict,70,0.58519024,0.5918476751,0.4231598706,0.7024810235,0.7285714286
2023,submission,joint_all,454,0.3827808063,0.2475538078,0.2976162063,0.4611915599,0.6255506608
2023,submission,same_access,212,0.3984568682,0.2195112588,0.2835998247,0.510654692,0.6745283019
2023,submission,same_access_strict,70,0.5208957288,0.554539489,0.3157769164,0.7040877967,0.6714285714
2023,gnp,joint_all,454,0.1565689777,0.1589149262,0.06592920888,0.2469730388,0.5572687225
2023,gnp,same_access,212,0.2119283637,0.2604627221,0.07306274832,0.3445072285,0.5754716981
2023,gnp,same_access_strict,70,0.2418309231,0.2753246353,0.004902827051,0.4680457037,0.5820895522
2024,access,positive_denominator,724,0.635121102,0.6113452643,0.5835422554,0.6806388895,0.7361878453
2024,access,primary,629,0.6481262521,0.6477935032,0.597460904,0.6953986639,0.7420382166
2024,access,strict,629,0.6481262521,0.6477935032,0.597460904,0.6953986639,0.7420382166
2024,control,positive_denominator,510,0.3582723264,0.3656765943,0.2791942631,0.4350401321,0.6235294118
2024,control,primary,507,0.3629344952,0.3684341347,0.2885292809,0.432555491,0.6277227723
2024,control,strict,174,0.4203728287,0.4282687573,0.2874899747,0.5325447335,0.6379310345
2024,submission,positive_denominator,724,0.378547976,0.340379448,0.3119700733,0.4397133381,0.6315789474
2024,submission,primary,629,0.3512121942,0.2233050531,0.2801322921,0.4193833769,0.6166134185
2024,submission,strict,629,0.3512121942,0.2233050531,0.2801322921,0.4193833769,0.6166134185
2024,gnp,positive_denominator,724,0.1760126388,0.1960225193,0.1028183723,0.246188417,0.544198895
2024,gnp,primary,629,0.1651835254,0.1638055673,0.08507520488,0.2387958477,0.5636942675
2024,gnp,strict,629,0.1651835254,0.1638055673,0.08507520488,0.2387958477,0.5636942675
2024,all_control,positive_denominator,724,0.4923225471,0.5008119964,0.4272309516,0.5463364477,0.6685082873
2024,all_control,primary,629,0.4870919447,0.4918928078,0.4225139821,0.5493226539,0.6608280255
2024,all_control,strict,629,0.4870919447,0.4918928078,0.4225139821,0.5493226539,0.6608280255
2024,control,joint_all,507,0.3629344952,0.3684341347,0.2885292809,0.432555491,0.6277227723
2024,control,same_access,230,0.5255123179,0.5196792341,0.4245397405,0.6114801456,0.6872246696
2024,control,same_access_strict,79,0.5582124251,0.5811695577,0.3880947329,0.6841212518,0.7051282051
2024,submission,joint_all,507,0.3833589196,0.2492897492,0.3034794249,0.4608879209,0.6324110672
2024,submission,same_access,230,0.392381498,0.2309342006,0.2745613525,0.4969021804,0.6608695652
2024,submission,same_access_strict,79,0.4218164792,0.4469885838,0.2005473317,0.6207391851,0.6428571429
2024,gnp,joint_all,507,0.1704683304,0.1801500935,0.08937882971,0.2562424111,0.561752988
2024,gnp,same_access,230,0.2451491992,0.2989041717,0.114247502,0.3662049278,0.5869565217
2024,gnp,same_access_strict,79,0.277380794,0.3168149126,0.05095138714,0.4763782363,0.6133333333
2025,access,positive_denominator,778,0.6401417779,0.6115335599,0.5915323087,0.6834564564,0.7429305913
2025,access,primary,672,0.6486829668,0.6424474516,0.5997548601,0.6967931446,0.7455357143
2025,access,strict,672,0.6486829668,0.6424474516,0.5997548601,0.6967931446,0.7455357143
2025,control,positive_denominator,549,0.3650703863,0.375767783,0.287991058,0.4361081948,0.6234003656
2025,control,primary,543,0.3724040468,0.3807978863,0.2949845878,0.4425040381,0.6266173752
2025,control,strict,186,0.4054657002,0.409102571,0.2778589998,0.5168940459,0.6505376344
2025,submission,positive_denominator,778,0.3782174788,0.335113235,0.3128287879,0.4401156682,0.6298200514
2025,submission,primary,672,0.3527774434,0.2198568643,0.2845829347,0.4177962502,0.619047619
2025,submission,strict,672,0.3527774434,0.2198568643,0.2845829347,0.4177962502,0.619047619
2025,gnp,positive_denominator,778,0.1830577665,0.197965041,0.1126261414,0.249558887,0.5514138817
2025,gnp,primary,672,0.1696860157,0.1671937801,0.09469008096,0.2431252999,0.5669642857
2025,gnp,strict,672,0.1696860157,0.1671937801,0.09469008096,0.2431252999,0.5669642857
2025,all_control,positive_denominator,778,0.4955823191,0.5085099439,0.4388695285,0.5483878224,0.6683804627
2025,all_control,primary,672,0.49314683,0.5009787736,0.4300786157,0.5533753685,0.6592261905
2025,all_control,strict,672,0.49314683,0.5009787736,0.4300786157,0.5533753685,0.6592261905
2025,control,joint_all,543,0.3724040468,0.3807978863,0.2949845878,0.4425040381,0.6266173752
2025,control,same_access,251,0.5258734129,0.5179917099,0.4327616906,0.6094382726,0.684
2025,control,same_access_strict,87,0.5615271753,0.5471575909,0.4110778721,0.6792757794,0.7441860465
2025,submission,joint_all,543,0.3820398152,0.2425178767,0.3076665571,0.4501535654,0.6229205176
2025,submission,same_access,251,0.3839707138,0.2362053883,0.2704466441,0.4939937181,0.644
2025,submission,same_access_strict,87,0.3920652343,0.4288133584,0.182511466,0.5791590585,0.6233766234
2025,gnp,joint_all,543,0.1769829733,0.1877784207,0.09670526827,0.25781717,0.5669144981
2025,gnp,same_access,251,0.2638222338,0.3060948593,0.1400713683,0.376355355,0.6
2025,gnp,same_access_strict,87,0.3029916387,0.308279614,0.09708108058,0.479507275,0.6
2026,access,positive_denominator,841,0.628834353,0.6040451916,0.5809170068,0.6742050722,0.7369047619
2026,access,primary,723,0.6392840718,0.6373402128,0.5890265966,0.6862353181,0.7382271468
2026,access,strict,723,0.6392840718,0.6373402128,0.5890265966,0.6862353181,0.7382271468
2026,control,positive_denominator,592,0.3567384905,0.3700882895,0.2838169726,0.4268455005,0.6165540541
2026,control,primary,586,0.3635238755,0.3747804435,0.2885097402,0.4329311668,0.6194539249
2026,control,strict,203,0.4034398456,0.4072583065,0.2821425949,0.5099650435,0.6467661692
2026,submission,positive_denominator,841,0.3767418271,0.3326878703,0.3181356169,0.437041587,0.6352800954
2026,submission,primary,723,0.3562214151,0.233977899,0.2902484396,0.4201756596,0.6208333333
2026,submission,strict,723,0.3562214151,0.233977899,0.2902484396,0.4201756596,0.6208333333
2026,gnp,positive_denominator,841,0.1866961068,0.1976258179,0.1219584028,0.2539418947,0.5462184874
2026,gnp,primary,723,0.1717984405,0.1655747244,0.10137506,0.2408721316,0.5637119114
2026,gnp,strict,723,0.1717984405,0.1655747244,0.10137506,0.2408721316,0.5637119114
2026,all_control,positive_denominator,841,0.4875408169,0.5006144642,0.4337354136,0.5400101178,0.6619047619
2026,all_control,primary,723,0.4844354767,0.495750081,0.4238911691,0.5408974364,0.6537396122
2026,all_control,strict,723,0.4844354767,0.495750081,0.4238911691,0.5408974364,0.6537396122
2026,control,joint_all,586,0.3635238755,0.3747804435,0.2885097402,0.4329311668,0.6194539249
2026,control,same_access,266,0.5407937178,0.5183650579,0.4483162925,0.6190639238,0.6879699248
2026,control,same_access_strict,94,0.592890016,0.5816304596,0.4543794371,0.6936929288,0.7553191489
2026,submission,joint_all,586,0.3894694018,0.2596147138,0.3172156878,0.4587888681,0.638225256
2026,submission,same_access,266,0.362023704,0.2067858734,0.2517825806,0.4657539942,0.6203007519
2026,submission,same_access_strict,94,0.3809232916,0.4116417482,0.1817065443,0.5619776175,0.5952380952
2026,gnp,joint_all,586,0.1810103408,0.1826806481,0.09958466825,0.2575365285,0.5645438898
2026,gnp,same_access,266,0.2431703677,0.2760961525,0.129020009,0.3559505414,0.5902255639
2026,gnp,same_access_strict,94,0.3029477557,0.2826916099,0.1056598975,0.4799513478,0.6170212766
