year,fights,actual_round_rows,summary_rows,knock_down_nonnull_fraction,sig_str_att_nonnull_fraction,sig_str_land_nonnull_fraction,tot_str_att_nonnull_fraction,tot_str_land_nonnull_fraction,grap_take_att_nonnull_fraction,grap_take_land_nonnull_fraction,grap_sub_att_nonnull_fraction,grap_rev_land_nonnull_fraction,grap_stand_land_nonnull_fraction,head_sig_str_att_nonnull_fraction,head_sig_str_land_nonnull_fraction,body_sig_str_att_nonnull_fraction,body_sig_str_land_nonnull_fraction,legs_sig_str_att_nonnull_fraction,legs_sig_str_land_nonnull_fraction,dist_str_att_nonnull_fraction,dist_str_land_nonnull_fraction,clinch_sig_str_att_nonnull_fraction,clinch_sig_str_land_nonnull_fraction,ground_sig_str_att_nonnull_fraction,ground_sig_str_land_nonnull_fraction,standing_time_nonnull_fraction,neutral_time_nonnull_fraction,distance_time_nonnull_fraction,clinch_time_nonnull_fraction,ground_time_nonnull_fraction,control_time_nonnull_fraction,ground_ctl_time_nonnull_fraction,guard_ctl_time_nonnull_fraction,half_guard_ctl_time_nonnull_fraction,side_ctl_time_nonnull_fraction,mount_ctl_time_nonnull_fraction,back_ctl_time_nonnull_fraction,msc_ground_ctl__time_nonnull_fraction
1993,8,16,16,0.5625,0.125,1.0,1.0,1.0,1.0,1.0,1.0,0.875,1.0,1.0,1.0,1.0,1.0,1.0,1.0,1.0,1.0,1.0,1.0,0.125,0.125,0.0,0.0,0.0,0.0,0.0,0.0,0.0,0.0,0.0,0.0,0.0,0.0,0.0
1994,29,62,60,0.5573770491803278,0.13114754098360656,1.0,0.9918032786885246,0.9918032786885246,1.0,1.0,1.0,0.8688524590163934,0.9836065573770492,1.0,1.0,1.0,1.0,1.0,1.0,0.9836065573770492,0.9836065573770492,1.0,1.0,0.14754098360655737,0.14754098360655737,0.0,0.0,0.0,0.0,0.0,0.0,0.0,0.0,0.0,0.0,0.0,0.0,0.0
1995,33,72,66,0.5797101449275363,0.11594202898550725,1.0,1.0,1.0,1.0,1.0,1.0,0.8840579710144928,1.0,1.0,1.0,1.0,1.0,1.0,1.0,1.0,1.0,1.0,1.0,0.11594202898550725,0.11594202898550725,0.0,0.0,0.0,0.0,0.0,0.0,0.0,0.0,0.0,0.0,0.0,0.0,0.0
1996,35,76,70,0.5753424657534246,0.1095890410958904,1.0,1.0,1.0,1.0,1.0,1.0,0.8904109589041096,1.0,1.0,1.0,1.0,1.0,1.0,1.0,1.0,1.0,1.0,1.0,0.1095890410958904,0.1095890410958904,0.0,0.0,0.0,0.0,0.0,0.0,0.0,0.0,0.0,0.0,0.0,0.0,0.0
1997,32,76,64,0.5714285714285714,0.05714285714285714,1.0,1.0,1.0,1.0,1.0,1.0,0.9428571428571428,1.0,1.0,1.0,1.0,1.0,1.0,1.0,1.0,1.0,1.0,1.0,0.05714285714285714,0.05714285714285714,0.0,0.0,0.0,0.0,0.0,0.0,0.0,0.0,0.0,0.0,0.0,0.0,0.0
1998,20,58,40,0.5918367346938775,0.0,1.0,1.0,1.0,1.0,1.0,1.0,1.0,1.0,1.0,1.0,1.0,1.0,1.0,1.0,1.0,1.0,1.0,1.0,0.0,0.0,0.0,0.0,0.0,0.0,0.0,0.0,0.0,0.0,0.0,0.0,0.0,0.0,0.0
1999,43,158,88,0.6666666666666666,0.056910569105691054,1.0,1.0,1.0,1.0,1.0,1.0,0.967479674796748,0.975609756097561,1.0,1.0,1.0,1.0,1.0,1.0,1.0,1.0,1.0,1.0,0.056910569105691054,0.056910569105691054,0.024390243902439025,0.024390243902439025,0.024390243902439025,0.024390243902439025,0.0,0.024390243902439025,0.024390243902439025,0.024390243902439025,0.024390243902439025,0.024390243902439025,0.024390243902439025,0.024390243902439025,0.024390243902439025
2000,41,174,82,0.6796875,0.0,1.0,1.0,1.0,1.0,1.0,1.0,1.0,1.0,1.0,1.0,1.0,1.0,1.0,1.0,1.0,1.0,1.0,1.0,0.0,0.0,0.0,0.0,0.0,0.0,0.0,0.0,0.0,0.0,0.0,0.0,0.0,0.0,0.0
2001,40,183,78,0.7011494252873564,0.0,1.0,1.0,1.0,1.0,1.0,1.0,1.0,1.0,1.0,1.0,1.0,1.0,1.0,1.0,1.0,1.0,1.0,1.0,0.0,0.0,0.0,0.0,0.0,0.0,0.0,0.0,0.0,0.0,0.0,0.0,0.0,0.0,0.0
2002,53,232,106,0.6863905325443787,0.0,1.0,1.0,1.0,1.0,1.0,1.0,1.0,1.0,1.0,1.0,1.0,1.0,1.0,1.0,1.0,1.0,1.0,1.0,0.0,0.0,0.0,0.0,0.0,0.0,0.0,0.0,0.0,0.0,0.0,0.0,0.0,0.0,0.0
2003,41,176,82,0.6821705426356589,0.0,1.0,1.0,1.0,1.0,1.0,1.0,1.0,1.0,1.0,1.0,1.0,1.0,1.0,1.0,1.0,1.0,1.0,1.0,0.0,0.0,0.0,0.0,0.0,0.0,0.0,0.0,0.0,0.0,0.0,0.0,0.0,0.0,0.0
2004,39,146,78,0.6517857142857143,0.0,1.0,1.0,1.0,1.0,1.0,1.0,1.0,1.0,1.0,1.0,1.0,1.0,1.0,1.0,1.0,1.0,1.0,1.0,0.0,0.0,0.0,0.0,0.0,0.0,0.0,0.0,0.0,0.0,0.0,0.0,0.0,0.0,0.0
2005,78,302,156,0.6593886462882096,0.0,1.0,1.0,1.0,1.0,1.0,1.0,1.0,1.0,1.0,1.0,1.0,1.0,1.0,1.0,1.0,1.0,1.0,1.0,0.0,0.0,0.0,0.0,0.0,0.0,0.0,0.0,0.0,0.0,0.0,0.0,0.0,0.0,0.0
2006,158,642,318,0.6708333333333333,0.004166666666666667,1.0,1.0,1.0,1.0,1.0,1.0,1.0,0.9958333333333333,1.0,1.0,1.0,1.0,1.0,1.0,1.0,1.0,1.0,1.0,0.004166666666666667,0.004166666666666667,0.004166666666666667,0.004166666666666667,0.004166666666666667,0.004166666666666667,0.0,0.004166666666666667,0.004166666666666667,0.004166666666666667,0.004166666666666667,0.004166666666666667,0.004166666666666667,0.004166666666666667,0.004166666666666667
2007,171,734,344,0.6827458256029685,0.011131725417439703,1.0,1.0,1.0,1.0,1.0,1.0,1.0,0.9888682745825603,1.0,1.0,1.0,1.0,1.0,1.0,1.0,1.0,1.0,1.0,0.011131725417439703,0.011131725417439703,0.011131725417439703,0.011131725417439703,0.011131725417439703,0.011131725417439703,0.0,0.011131725417439703,0.011131725417439703,0.011131725417439703,0.011131725417439703,0.011131725417439703,0.011131725417439703,0.011131725417439703,0.011131725417439703
2008,201,834,402,0.6747572815533981,0.0,1.0,1.0,1.0,1.0,1.0,1.0,1.0,1.0,1.0,1.0,1.0,1.0,1.0,1.0,1.0,1.0,1.0,1.0,0.0,0.0,0.0,0.0,0.0,0.0,0.0,0.0,0.0,0.0,0.0,0.0,0.0,0.0,0.0
2009,214,962,430,0.7227011494252874,0.11350574712643678,1.0,1.0,1.0,1.0,1.0,1.0,0.8908045977011494,0.9956896551724138,1.0,1.0,1.0,1.0,1.0,1.0,1.0,1.0,1.0,1.0,0.11350574712643678,0.11350574712643678,0.004310344827586207,0.004310344827586207,0.004310344827586207,0.004310344827586207,0.0,0.004310344827586207,0.004310344827586207,0.004310344827586207,0.004310344827586207,0.004310344827586207,0.004310344827586207,0.004310344827586207,0.004310344827586207
2010,242,1174,488,0.7220216606498195,0.06257521058965103,1.0,1.0,1.0,1.0,1.0,1.0,0.9446450060168472,0.9927797833935018,1.0,1.0,1.0,1.0,1.0,1.0,1.0,1.0,1.0,1.0,0.06738868832731648,0.06738868832731648,0.012033694344163659,0.012033694344163659,0.012033694344163659,0.012033694344163659,0.0048134777376654635,0.012033694344163659,0.012033694344163659,0.012033694344163659,0.012033694344163659,0.012033694344163659,0.012033694344163659,0.012033694344163659,0.012033694344163659
2011,300,1419,614,0.721593703885883,0.07083128381701918,1.0,1.0,1.0,1.0,1.0,1.0,0.9508116084604034,0.9822921790457452,1.0,1.0,1.0,1.0,1.0,1.0,1.0,1.0,1.0,1.0,0.07083128381701918,0.07083128381701918,0.02164289227742253,0.02164289227742253,0.02164289227742253,0.02164289227742253,0.003935071323167732,0.02164289227742253,0.02164289227742253,0.02164289227742253,0.02164289227742253,0.02164289227742253,0.02164289227742253,0.02164289227742253,0.02164289227742253
2012,329,1538,666,0.7232304900181489,0.07622504537205081,1.0,1.0,1.0,1.0,1.0,1.0,0.9401088929219601,0.9909255898366606,1.0,1.0,1.0,1.0,1.0,1.0,1.0,1.0,1.0,1.0,0.07622504537205081,0.07622504537205081,0.016333938294010888,0.016333938294010888,0.016333938294010888,0.016333938294010888,0.0054446460980036296,0.016333938294010888,0.016333938294010888,0.016333938294010888,0.016333938294010888,0.016333938294010888,0.016333938294010888,0.016333938294010888,0.016333938294010888
2013,386,1862,798,0.8571428571428571,0.5210526315789473,1.0,1.0,1.0,1.0,1.0,1.0,0.5548872180451128,0.9789473684210527,1.0,1.0,1.0,1.0,1.0,1.0,1.0,1.0,1.0,1.0,0.5210526315789473,0.5210526315789473,0.4556390977443609,0.4556390977443609,0.4556390977443609,0.4556390977443609,0.3894736842105263,0.4556390977443609,0.4556390977443609,0.4556390977443609,0.4556390977443609,0.4556390977443609,0.4556390977443609,0.4556390977443609,0.4556390977443609
2014,503,2498,1046,0.9480812641083521,0.8408577878103838,1.0,1.0,1.0,1.0,1.0,1.0,0.2325056433408578,0.9892776523702032,1.0,1.0,1.0,1.0,1.0,1.0,1.0,1.0,1.0,1.0,0.845372460496614,0.845372460496614,0.7691873589164786,0.7691873589164786,0.7691873589164786,0.7691873589164786,0.7302483069977427,0.7691873589164786,0.7691873589164786,0.7691873589164786,0.7691873589164786,0.7691873589164786,0.7691873589164786,0.7691873589164786,0.7672121896162528
2015,468,2334,979,0.9474796257168729,0.8309689103531542,1.0,1.0,1.0,1.0,1.0,1.0,0.5816480531240568,0.9867189858134621,1.0,1.0,1.0,1.0,1.0,1.0,1.0,1.0,1.0,1.0,0.8327799577422276,0.8327799577422276,0.8267431331119831,0.8267431331119831,0.8267431331119831,0.8267431331119831,0.759432538484757,0.8267431331119831,0.8267431331119831,0.8267431331119831,0.8267431331119831,0.8267431331119831,0.8267431331119831,0.8267431331119831,0.8179897373981286
2016,493,2510,1022,0.9733861834654587,0.9246885617214043,1.0,1.0,1.0,1.0,1.0,1.0,1.0,1.0,1.0,1.0,1.0,1.0,1.0,1.0,1.0,1.0,1.0,1.0,0.9303510758776897,0.9303510758776897,0.9297848244620611,0.9297848244620611,0.9297848244620611,0.9297848244620611,0.8295583238958097,0.9297848244620611,0.9297848244620611,0.9297848244620611,0.9297848244620611,0.9297848244620611,0.9297848244620611,0.9297848244620611,0.9255379388448471
2017,433,2118,880,0.9879919946631087,0.9686457638425617,1.0,1.0,1.0,1.0,1.0,1.0,1.0,1.0,1.0,1.0,1.0,1.0,1.0,1.0,1.0,1.0,1.0,1.0,0.971314209472982,0.971314209472982,0.9639759839893263,0.9639759839893263,0.9639759839893263,0.9639759839893263,0.914609739826551,0.9639759839893263,0.9639759839893263,0.9639759839893263,0.9639759839893263,0.9639759839893263,0.9639759839893263,0.9639759839893263,0.9623082054703136
2018,457,2250,930,0.9842767295597484,0.95062893081761,1.0,1.0,1.0,1.0,1.0,1.0,1.0,1.0,1.0,1.0,1.0,1.0,1.0,1.0,1.0,1.0,1.0,1.0,0.9610062893081761,0.9610062893081761,0.9591194968553459,0.9591194968553459,0.9591194968553459,0.9591194968553459,0.8622641509433963,0.9591194968553459,0.9591194968553459,0.9591194968553459,0.9591194968553459,0.9591194968553459,0.9591194968553459,0.9591194968553459,0.9349056603773584
2019,299,1496,598,1.0,1.0,1.0,1.0,1.0,1.0,1.0,1.0,1.0,0.9092645654250239,1.0,1.0,1.0,1.0,1.0,1.0,1.0,1.0,1.0,1.0,1.0,1.0,0.9990448901623686,0.994269340974212,0.9990448901623686,0.9990448901623686,0.8175740210124164,0.9990448901623686,0.9990448901623686,0.9990448901623686,0.9990448901623686,0.9990448901623686,0.9990448901623686,0.9990448901623686,0.8648519579751671
2020,89,418,178,1.0,1.0,1.0,1.0,1.0,1.0,1.0,1.0,1.0,0.29194630872483224,1.0,1.0,1.0,1.0,1.0,1.0,1.0,1.0,1.0,1.0,1.0,1.0,1.0,1.0,1.0,1.0,0.21476510067114093,1.0,1.0,1.0,1.0,1.0,1.0,1.0,1.0
2021,174,812,348,1.0,1.0,1.0,1.0,1.0,1.0,1.0,1.0,1.0,0.0,1.0,1.0,1.0,1.0,1.0,1.0,1.0,1.0,1.0,1.0,1.0,1.0,1.0,1.0,1.0,1.0,0.0,1.0,1.0,1.0,1.0,1.0,1.0,1.0,1.0
2022,510,2470,1020,1.0,1.0,1.0,1.0,1.0,1.0,1.0,1.0,1.0,0.0,1.0,1.0,1.0,1.0,1.0,1.0,1.0,1.0,1.0,1.0,1.0,1.0,1.0,1.0,1.0,1.0,0.0,1.0,1.0,1.0,1.0,1.0,1.0,1.0,1.0
2023,518,2490,1036,1.0,1.0,1.0,1.0,1.0,1.0,1.0,1.0,1.0,0.0,1.0,1.0,1.0,1.0,1.0,1.0,1.0,1.0,1.0,1.0,1.0,1.0,1.0,1.0,1.0,1.0,0.0,1.0,1.0,1.0,1.0,1.0,1.0,1.0,1.0
2024,515,2640,1030,1.0,1.0,1.0,1.0,1.0,1.0,1.0,1.0,1.0,0.0,1.0,1.0,1.0,1.0,1.0,1.0,1.0,1.0,1.0,1.0,1.0,1.0,1.0,1.0,1.0,1.0,0.0,1.0,1.0,1.0,1.0,1.0,1.0,1.0,1.0
2025,515,2464,1030,1.0,1.0,1.0,1.0,1.0,1.0,1.0,1.0,1.0,0.0,1.0,1.0,1.0,1.0,1.0,1.0,1.0,1.0,1.0,1.0,1.0,1.0,1.0,1.0,1.0,1.0,0.0,1.0,1.0,1.0,1.0,1.0,1.0,1.0,1.0
2026,337,1578,674,1.0,1.0,1.0,1.0,1.0,1.0,1.0,1.0,1.0,0.0,1.0,1.0,1.0,1.0,1.0,1.0,1.0,1.0,1.0,1.0,1.0,1.0,1.0,1.0,1.0,1.0,0.0,1.0,1.0,1.0,1.0,1.0,1.0,1.0,1.0
